WARNING: insecure preprocessing
 Key 0: 5170065754576292351
 Key 1: 9560027091986434169
 Key 2: 16256135806544904457
 Key 3: 4028040129959616610
 Key 4: 15504154457723567656
 Key 5: 7741130066803308644
 Key 6: 14653334966130269625
 Key 7: 18289424902950887517
 Key 8: 11830643899141736767
 Key 9: 9471749686754460626
 Key 10: 825479139857169116
 Key 11: 1655520116714105321
 Key 12: 7602960509150423951
 Key 13: 13918891057466615388
 Key 14: 577273511525905561
 Key 15: 17718800382657523292
--------------
Final Key: 154803631479943221051
No MAC key share for player 0, generating a fresh ones
Written new MAC key share to Player-Data//16-2-128//Player-MAC-Keys-2-P0
 Key 0: df6f2f6d4ccfeff2490944d79b4f4683
Written new MAC key share to Player-Data//16-2-128//Player-MAC-Keys-2-P1
 Key 1: 32335a77c07f4c85a5a88e5a8f7c5768
Written new MAC key share to Player-Data//16-2-128//Player-MAC-Keys-2-P2
 Key 2: b86b5cfe1101e6a13afce175109bb97c
Written new MAC key share to Player-Data//16-2-128//Player-MAC-Keys-2-P3
 Key 3: c9655ba7fcfa63ac6773f572b7c8add3
Written new MAC key share to Player-Data//16-2-128//Player-MAC-Keys-2-P4
 Key 4: e5b6aab3f7e2e768584bba7442dde34c
Written new MAC key share to Player-Data//16-2-128//Player-MAC-Keys-2-P5
 Key 5: 2af788c4e9c44128f12df0923d3962a6
Written new MAC key share to Player-Data//16-2-128//Player-MAC-Keys-2-P6
 Key 6: bfafa4ee8d043f3167534fefd07219d4
Written new MAC key share to Player-Data//16-2-128//Player-MAC-Keys-2-P7
 Key 7: c20cd5763c69cb0674eff03cdccad82b
Written new MAC key share to Player-Data//16-2-128//Player-MAC-Keys-2-P8
 Key 8: 2856ca7022056370a9161ccc0680f41b
Written new MAC key share to Player-Data//16-2-128//Player-MAC-Keys-2-P9
 Key 9: 4556912182bd21915662d2d4c9690f38
Written new MAC key share to Player-Data//16-2-128//Player-MAC-Keys-2-P10
 Key 10: ea651e2f747b0310acb84365131f0e44
Written new MAC key share to Player-Data//16-2-128//Player-MAC-Keys-2-P11
 Key 11: 442ac410c8b35577666339571e85a386
Written new MAC key share to Player-Data//16-2-128//Player-MAC-Keys-2-P12
 Key 12: 79d8b9bc3f53be8ec4b2efd5827fc0e3
Written new MAC key share to Player-Data//16-2-128//Player-MAC-Keys-2-P13
 Key 13: 7dd36806e7aededdf22edaef7453f36e
Written new MAC key share to Player-Data//16-2-128//Player-MAC-Keys-2-P14
 Key 14: f5e4ca627814e703d725b381d24d7313
Written new MAC key share to Player-Data//16-2-128//Player-MAC-Keys-2-P15
 Key 15: b8fee5d6336ba440fce8291d8d045f66
--------------
Final Key: a4ee5ecc41f2439b230a3033ab2a0c48
Opening Player-Data//16-2-128/Triples-2-P0
Opening Player-Data//16-2-128/Triples-2-P1
Opening Player-Data//16-2-128/Triples-2-P2
Opening Player-Data//16-2-128/Triples-2-P3
Opening Player-Data//16-2-128/Triples-2-P4
Opening Player-Data//16-2-128/Triples-2-P5
Opening Player-Data//16-2-128/Triples-2-P6
Opening Player-Data//16-2-128/Triples-2-P7
Opening Player-Data//16-2-128/Triples-2-P8
Opening Player-Data//16-2-128/Triples-2-P9
Opening Player-Data//16-2-128/Triples-2-P10
Opening Player-Data//16-2-128/Triples-2-P11
Opening Player-Data//16-2-128/Triples-2-P12
Opening Player-Data//16-2-128/Triples-2-P13
Opening Player-Data//16-2-128/Triples-2-P14
Opening Player-Data//16-2-128/Triples-2-P15
Opening Player-Data//16-Z64,64-64/Triples-Z64,64-P0
Opening Player-Data//16-Z64,64-64/Triples-Z64,64-P1
Opening Player-Data//16-Z64,64-64/Triples-Z64,64-P2
Opening Player-Data//16-Z64,64-64/Triples-Z64,64-P3
Opening Player-Data//16-Z64,64-64/Triples-Z64,64-P4
Opening Player-Data//16-Z64,64-64/Triples-Z64,64-P5
Opening Player-Data//16-Z64,64-64/Triples-Z64,64-P6
Opening Player-Data//16-Z64,64-64/Triples-Z64,64-P7
Opening Player-Data//16-Z64,64-64/Triples-Z64,64-P8
Opening Player-Data//16-Z64,64-64/Triples-Z64,64-P9
Opening Player-Data//16-Z64,64-64/Triples-Z64,64-P10
Opening Player-Data//16-Z64,64-64/Triples-Z64,64-P11
Opening Player-Data//16-Z64,64-64/Triples-Z64,64-P12
Opening Player-Data//16-Z64,64-64/Triples-Z64,64-P13
Opening Player-Data//16-Z64,64-64/Triples-Z64,64-P14
Opening Player-Data//16-Z64,64-64/Triples-Z64,64-P15
Opening Player-Data//16-2-128/Bits-2-P0
Opening Player-Data//16-2-128/Bits-2-P1
Opening Player-Data//16-2-128/Bits-2-P2
Opening Player-Data//16-2-128/Bits-2-P3
Opening Player-Data//16-2-128/Bits-2-P4
Opening Player-Data//16-2-128/Bits-2-P5
Opening Player-Data//16-2-128/Bits-2-P6
Opening Player-Data//16-2-128/Bits-2-P7
Opening Player-Data//16-2-128/Bits-2-P8
Opening Player-Data//16-2-128/Bits-2-P9
Opening Player-Data//16-2-128/Bits-2-P10
Opening Player-Data//16-2-128/Bits-2-P11
Opening Player-Data//16-2-128/Bits-2-P12
Opening Player-Data//16-2-128/Bits-2-P13
Opening Player-Data//16-2-128/Bits-2-P14
Opening Player-Data//16-2-128/Bits-2-P15
Opening Player-Data//16-Z64,64-64/Bits-Z64,64-P0
Opening Player-Data//16-Z64,64-64/Bits-Z64,64-P1
Opening Player-Data//16-Z64,64-64/Bits-Z64,64-P2
Opening Player-Data//16-Z64,64-64/Bits-Z64,64-P3
Opening Player-Data//16-Z64,64-64/Bits-Z64,64-P4
Opening Player-Data//16-Z64,64-64/Bits-Z64,64-P5
Opening Player-Data//16-Z64,64-64/Bits-Z64,64-P6
Opening Player-Data//16-Z64,64-64/Bits-Z64,64-P7
Opening Player-Data//16-Z64,64-64/Bits-Z64,64-P8
Opening Player-Data//16-Z64,64-64/Bits-Z64,64-P9
Opening Player-Data//16-Z64,64-64/Bits-Z64,64-P10
Opening Player-Data//16-Z64,64-64/Bits-Z64,64-P11
Opening Player-Data//16-Z64,64-64/Bits-Z64,64-P12
Opening Player-Data//16-Z64,64-64/Bits-Z64,64-P13
Opening Player-Data//16-Z64,64-64/Bits-Z64,64-P14
Opening Player-Data//16-Z64,64-64/Bits-Z64,64-P15
Opening Player-Data//16-2-128/Squares-2-P0
Opening Player-Data//16-2-128/Squares-2-P1
Opening Player-Data//16-2-128/Squares-2-P2
Opening Player-Data//16-2-128/Squares-2-P3
Opening Player-Data//16-2-128/Squares-2-P4
Opening Player-Data//16-2-128/Squares-2-P5
Opening Player-Data//16-2-128/Squares-2-P6
Opening Player-Data//16-2-128/Squares-2-P7
Opening Player-Data//16-2-128/Squares-2-P8
Opening Player-Data//16-2-128/Squares-2-P9
Opening Player-Data//16-2-128/Squares-2-P10
Opening Player-Data//16-2-128/Squares-2-P11
Opening Player-Data//16-2-128/Squares-2-P12
Opening Player-Data//16-2-128/Squares-2-P13
Opening Player-Data//16-2-128/Squares-2-P14
Opening Player-Data//16-2-128/Squares-2-P15
Opening Player-Data//16-Z64,64-64/Squares-Z64,64-P0
Opening Player-Data//16-Z64,64-64/Squares-Z64,64-P1
Opening Player-Data//16-Z64,64-64/Squares-Z64,64-P2
Opening Player-Data//16-Z64,64-64/Squares-Z64,64-P3
Opening Player-Data//16-Z64,64-64/Squares-Z64,64-P4
Opening Player-Data//16-Z64,64-64/Squares-Z64,64-P5
Opening Player-Data//16-Z64,64-64/Squares-Z64,64-P6
Opening Player-Data//16-Z64,64-64/Squares-Z64,64-P7
Opening Player-Data//16-Z64,64-64/Squares-Z64,64-P8
Opening Player-Data//16-Z64,64-64/Squares-Z64,64-P9
Opening Player-Data//16-Z64,64-64/Squares-Z64,64-P10
Opening Player-Data//16-Z64,64-64/Squares-Z64,64-P11
Opening Player-Data//16-Z64,64-64/Squares-Z64,64-P12
Opening Player-Data//16-Z64,64-64/Squares-Z64,64-P13
Opening Player-Data//16-Z64,64-64/Squares-Z64,64-P14
Opening Player-Data//16-Z64,64-64/Squares-Z64,64-P15
Opening Player-Data//16-2-128/Inputs-2-P0-0
Opening Player-Data//16-2-128/Inputs-2-P1-0
Opening Player-Data//16-2-128/Inputs-2-P2-0
Opening Player-Data//16-2-128/Inputs-2-P3-0
Opening Player-Data//16-2-128/Inputs-2-P4-0
Opening Player-Data//16-2-128/Inputs-2-P5-0
Opening Player-Data//16-2-128/Inputs-2-P6-0
Opening Player-Data//16-2-128/Inputs-2-P7-0
Opening Player-Data//16-2-128/Inputs-2-P8-0
Opening Player-Data//16-2-128/Inputs-2-P9-0
Opening Player-Data//16-2-128/Inputs-2-P10-0
Opening Player-Data//16-2-128/Inputs-2-P11-0
Opening Player-Data//16-2-128/Inputs-2-P12-0
Opening Player-Data//16-2-128/Inputs-2-P13-0
Opening Player-Data//16-2-128/Inputs-2-P14-0
Opening Player-Data//16-2-128/Inputs-2-P15-0
Opening Player-Data//16-2-128/Inputs-2-P0-1
Opening Player-Data//16-2-128/Inputs-2-P1-1
Opening Player-Data//16-2-128/Inputs-2-P2-1
Opening Player-Data//16-2-128/Inputs-2-P3-1
Opening Player-Data//16-2-128/Inputs-2-P4-1
Opening Player-Data//16-2-128/Inputs-2-P5-1
Opening Player-Data//16-2-128/Inputs-2-P6-1
Opening Player-Data//16-2-128/Inputs-2-P7-1
Opening Player-Data//16-2-128/Inputs-2-P8-1
Opening Player-Data//16-2-128/Inputs-2-P9-1
Opening Player-Data//16-2-128/Inputs-2-P10-1
Opening Player-Data//16-2-128/Inputs-2-P11-1
Opening Player-Data//16-2-128/Inputs-2-P12-1
Opening Player-Data//16-2-128/Inputs-2-P13-1
Opening Player-Data//16-2-128/Inputs-2-P14-1
Opening Player-Data//16-2-128/Inputs-2-P15-1
Opening Player-Data//16-2-128/Inputs-2-P0-2
Opening Player-Data//16-2-128/Inputs-2-P1-2
Opening Player-Data//16-2-128/Inputs-2-P2-2
Opening Player-Data//16-2-128/Inputs-2-P3-2
Opening Player-Data//16-2-128/Inputs-2-P4-2
Opening Player-Data//16-2-128/Inputs-2-P5-2
Opening Player-Data//16-2-128/Inputs-2-P6-2
Opening Player-Data//16-2-128/Inputs-2-P7-2
Opening Player-Data//16-2-128/Inputs-2-P8-2
Opening Player-Data//16-2-128/Inputs-2-P9-2
Opening Player-Data//16-2-128/Inputs-2-P10-2
Opening Player-Data//16-2-128/Inputs-2-P11-2
Opening Player-Data//16-2-128/Inputs-2-P12-2
Opening Player-Data//16-2-128/Inputs-2-P13-2
Opening Player-Data//16-2-128/Inputs-2-P14-2
Opening Player-Data//16-2-128/Inputs-2-P15-2
Opening Player-Data//16-2-128/Inputs-2-P0-3
Opening Player-Data//16-2-128/Inputs-2-P1-3
Opening Player-Data//16-2-128/Inputs-2-P2-3
Opening Player-Data//16-2-128/Inputs-2-P3-3
Opening Player-Data//16-2-128/Inputs-2-P4-3
Opening Player-Data//16-2-128/Inputs-2-P5-3
Opening Player-Data//16-2-128/Inputs-2-P6-3
Opening Player-Data//16-2-128/Inputs-2-P7-3
Opening Player-Data//16-2-128/Inputs-2-P8-3
Opening Player-Data//16-2-128/Inputs-2-P9-3
Opening Player-Data//16-2-128/Inputs-2-P10-3
Opening Player-Data//16-2-128/Inputs-2-P11-3
Opening Player-Data//16-2-128/Inputs-2-P12-3
Opening Player-Data//16-2-128/Inputs-2-P13-3
Opening Player-Data//16-2-128/Inputs-2-P14-3
Opening Player-Data//16-2-128/Inputs-2-P15-3
Opening Player-Data//16-2-128/Inputs-2-P0-4
Opening Player-Data//16-2-128/Inputs-2-P1-4
Opening Player-Data//16-2-128/Inputs-2-P2-4
Opening Player-Data//16-2-128/Inputs-2-P3-4
Opening Player-Data//16-2-128/Inputs-2-P4-4
Opening Player-Data//16-2-128/Inputs-2-P5-4
Opening Player-Data//16-2-128/Inputs-2-P6-4
Opening Player-Data//16-2-128/Inputs-2-P7-4
Opening Player-Data//16-2-128/Inputs-2-P8-4
Opening Player-Data//16-2-128/Inputs-2-P9-4
Opening Player-Data//16-2-128/Inputs-2-P10-4
Opening Player-Data//16-2-128/Inputs-2-P11-4
Opening Player-Data//16-2-128/Inputs-2-P12-4
Opening Player-Data//16-2-128/Inputs-2-P13-4
Opening Player-Data//16-2-128/Inputs-2-P14-4
Opening Player-Data//16-2-128/Inputs-2-P15-4
Opening Player-Data//16-2-128/Inputs-2-P0-5
Opening Player-Data//16-2-128/Inputs-2-P1-5
Opening Player-Data//16-2-128/Inputs-2-P2-5
Opening Player-Data//16-2-128/Inputs-2-P3-5
Opening Player-Data//16-2-128/Inputs-2-P4-5
Opening Player-Data//16-2-128/Inputs-2-P5-5
Opening Player-Data//16-2-128/Inputs-2-P6-5
Opening Player-Data//16-2-128/Inputs-2-P7-5
Opening Player-Data//16-2-128/Inputs-2-P8-5
Opening Player-Data//16-2-128/Inputs-2-P9-5
Opening Player-Data//16-2-128/Inputs-2-P10-5
Opening Player-Data//16-2-128/Inputs-2-P11-5
Opening Player-Data//16-2-128/Inputs-2-P12-5
Opening Player-Data//16-2-128/Inputs-2-P13-5
Opening Player-Data//16-2-128/Inputs-2-P14-5
Opening Player-Data//16-2-128/Inputs-2-P15-5
Opening Player-Data//16-2-128/Inputs-2-P0-6
Opening Player-Data//16-2-128/Inputs-2-P1-6
Opening Player-Data//16-2-128/Inputs-2-P2-6
Opening Player-Data//16-2-128/Inputs-2-P3-6
Opening Player-Data//16-2-128/Inputs-2-P4-6
Opening Player-Data//16-2-128/Inputs-2-P5-6
Opening Player-Data//16-2-128/Inputs-2-P6-6
Opening Player-Data//16-2-128/Inputs-2-P7-6
Opening Player-Data//16-2-128/Inputs-2-P8-6
Opening Player-Data//16-2-128/Inputs-2-P9-6
Opening Player-Data//16-2-128/Inputs-2-P10-6
Opening Player-Data//16-2-128/Inputs-2-P11-6
Opening Player-Data//16-2-128/Inputs-2-P12-6
Opening Player-Data//16-2-128/Inputs-2-P13-6
Opening Player-Data//16-2-128/Inputs-2-P14-6
Opening Player-Data//16-2-128/Inputs-2-P15-6
Opening Player-Data//16-2-128/Inputs-2-P0-7
Opening Player-Data//16-2-128/Inputs-2-P1-7
Opening Player-Data//16-2-128/Inputs-2-P2-7
Opening Player-Data//16-2-128/Inputs-2-P3-7
Opening Player-Data//16-2-128/Inputs-2-P4-7
Opening Player-Data//16-2-128/Inputs-2-P5-7
Opening Player-Data//16-2-128/Inputs-2-P6-7
Opening Player-Data//16-2-128/Inputs-2-P7-7
Opening Player-Data//16-2-128/Inputs-2-P8-7
Opening Player-Data//16-2-128/Inputs-2-P9-7
Opening Player-Data//16-2-128/Inputs-2-P10-7
Opening Player-Data//16-2-128/Inputs-2-P11-7
Opening Player-Data//16-2-128/Inputs-2-P12-7
Opening Player-Data//16-2-128/Inputs-2-P13-7
Opening Player-Data//16-2-128/Inputs-2-P14-7
Opening Player-Data//16-2-128/Inputs-2-P15-7
Opening Player-Data//16-2-128/Inputs-2-P0-8
Opening Player-Data//16-2-128/Inputs-2-P1-8
Opening Player-Data//16-2-128/Inputs-2-P2-8
Opening Player-Data//16-2-128/Inputs-2-P3-8
Opening Player-Data//16-2-128/Inputs-2-P4-8
Opening Player-Data//16-2-128/Inputs-2-P5-8
Opening Player-Data//16-2-128/Inputs-2-P6-8
Opening Player-Data//16-2-128/Inputs-2-P7-8
Opening Player-Data//16-2-128/Inputs-2-P8-8
Opening Player-Data//16-2-128/Inputs-2-P9-8
Opening Player-Data//16-2-128/Inputs-2-P10-8
Opening Player-Data//16-2-128/Inputs-2-P11-8
Opening Player-Data//16-2-128/Inputs-2-P12-8
Opening Player-Data//16-2-128/Inputs-2-P13-8
Opening Player-Data//16-2-128/Inputs-2-P14-8
Opening Player-Data//16-2-128/Inputs-2-P15-8
Opening Player-Data//16-2-128/Inputs-2-P0-9
Opening Player-Data//16-2-128/Inputs-2-P1-9
Opening Player-Data//16-2-128/Inputs-2-P2-9
Opening Player-Data//16-2-128/Inputs-2-P3-9
Opening Player-Data//16-2-128/Inputs-2-P4-9
Opening Player-Data//16-2-128/Inputs-2-P5-9
Opening Player-Data//16-2-128/Inputs-2-P6-9
Opening Player-Data//16-2-128/Inputs-2-P7-9
Opening Player-Data//16-2-128/Inputs-2-P8-9
Opening Player-Data//16-2-128/Inputs-2-P9-9
Opening Player-Data//16-2-128/Inputs-2-P10-9
Opening Player-Data//16-2-128/Inputs-2-P11-9
Opening Player-Data//16-2-128/Inputs-2-P12-9
Opening Player-Data//16-2-128/Inputs-2-P13-9
Opening Player-Data//16-2-128/Inputs-2-P14-9
Opening Player-Data//16-2-128/Inputs-2-P15-9
Opening Player-Data//16-2-128/Inputs-2-P0-10
Opening Player-Data//16-2-128/Inputs-2-P1-10
Opening Player-Data//16-2-128/Inputs-2-P2-10
Opening Player-Data//16-2-128/Inputs-2-P3-10
Opening Player-Data//16-2-128/Inputs-2-P4-10
Opening Player-Data//16-2-128/Inputs-2-P5-10
Opening Player-Data//16-2-128/Inputs-2-P6-10
Opening Player-Data//16-2-128/Inputs-2-P7-10
Opening Player-Data//16-2-128/Inputs-2-P8-10
Opening Player-Data//16-2-128/Inputs-2-P9-10
Opening Player-Data//16-2-128/Inputs-2-P10-10
Opening Player-Data//16-2-128/Inputs-2-P11-10
Opening Player-Data//16-2-128/Inputs-2-P12-10
Opening Player-Data//16-2-128/Inputs-2-P13-10
Opening Player-Data//16-2-128/Inputs-2-P14-10
Opening Player-Data//16-2-128/Inputs-2-P15-10
Opening Player-Data//16-2-128/Inputs-2-P0-11
Opening Player-Data//16-2-128/Inputs-2-P1-11
Opening Player-Data//16-2-128/Inputs-2-P2-11
Opening Player-Data//16-2-128/Inputs-2-P3-11
Opening Player-Data//16-2-128/Inputs-2-P4-11
Opening Player-Data//16-2-128/Inputs-2-P5-11
Opening Player-Data//16-2-128/Inputs-2-P6-11
Opening Player-Data//16-2-128/Inputs-2-P7-11
Opening Player-Data//16-2-128/Inputs-2-P8-11
Opening Player-Data//16-2-128/Inputs-2-P9-11
Opening Player-Data//16-2-128/Inputs-2-P10-11
Opening Player-Data//16-2-128/Inputs-2-P11-11
Opening Player-Data//16-2-128/Inputs-2-P12-11
Opening Player-Data//16-2-128/Inputs-2-P13-11
Opening Player-Data//16-2-128/Inputs-2-P14-11
Opening Player-Data//16-2-128/Inputs-2-P15-11
Opening Player-Data//16-2-128/Inputs-2-P0-12
Opening Player-Data//16-2-128/Inputs-2-P1-12
Opening Player-Data//16-2-128/Inputs-2-P2-12
Opening Player-Data//16-2-128/Inputs-2-P3-12
Opening Player-Data//16-2-128/Inputs-2-P4-12
Opening Player-Data//16-2-128/Inputs-2-P5-12
Opening Player-Data//16-2-128/Inputs-2-P6-12
Opening Player-Data//16-2-128/Inputs-2-P7-12
Opening Player-Data//16-2-128/Inputs-2-P8-12
Opening Player-Data//16-2-128/Inputs-2-P9-12
Opening Player-Data//16-2-128/Inputs-2-P10-12
Opening Player-Data//16-2-128/Inputs-2-P11-12
Opening Player-Data//16-2-128/Inputs-2-P12-12
Opening Player-Data//16-2-128/Inputs-2-P13-12
Opening Player-Data//16-2-128/Inputs-2-P14-12
Opening Player-Data//16-2-128/Inputs-2-P15-12
Opening Player-Data//16-2-128/Inputs-2-P0-13
Opening Player-Data//16-2-128/Inputs-2-P1-13
Opening Player-Data//16-2-128/Inputs-2-P2-13
Opening Player-Data//16-2-128/Inputs-2-P3-13
Opening Player-Data//16-2-128/Inputs-2-P4-13
Opening Player-Data//16-2-128/Inputs-2-P5-13
Opening Player-Data//16-2-128/Inputs-2-P6-13
Opening Player-Data//16-2-128/Inputs-2-P7-13
Opening Player-Data//16-2-128/Inputs-2-P8-13
Opening Player-Data//16-2-128/Inputs-2-P9-13
Opening Player-Data//16-2-128/Inputs-2-P10-13
Opening Player-Data//16-2-128/Inputs-2-P11-13
Opening Player-Data//16-2-128/Inputs-2-P12-13
Opening Player-Data//16-2-128/Inputs-2-P13-13
Opening Player-Data//16-2-128/Inputs-2-P14-13
Opening Player-Data//16-2-128/Inputs-2-P15-13
Opening Player-Data//16-2-128/Inputs-2-P0-14
Opening Player-Data//16-2-128/Inputs-2-P1-14
Opening Player-Data//16-2-128/Inputs-2-P2-14
Opening Player-Data//16-2-128/Inputs-2-P3-14
Opening Player-Data//16-2-128/Inputs-2-P4-14
Opening Player-Data//16-2-128/Inputs-2-P5-14
Opening Player-Data//16-2-128/Inputs-2-P6-14
Opening Player-Data//16-2-128/Inputs-2-P7-14
Opening Player-Data//16-2-128/Inputs-2-P8-14
Opening Player-Data//16-2-128/Inputs-2-P9-14
Opening Player-Data//16-2-128/Inputs-2-P10-14
Opening Player-Data//16-2-128/Inputs-2-P11-14
Opening Player-Data//16-2-128/Inputs-2-P12-14
Opening Player-Data//16-2-128/Inputs-2-P13-14
Opening Player-Data//16-2-128/Inputs-2-P14-14
Opening Player-Data//16-2-128/Inputs-2-P15-14
Opening Player-Data//16-2-128/Inputs-2-P0-15
Opening Player-Data//16-2-128/Inputs-2-P1-15
Opening Player-Data//16-2-128/Inputs-2-P2-15
Opening Player-Data//16-2-128/Inputs-2-P3-15
Opening Player-Data//16-2-128/Inputs-2-P4-15
Opening Player-Data//16-2-128/Inputs-2-P5-15
Opening Player-Data//16-2-128/Inputs-2-P6-15
Opening Player-Data//16-2-128/Inputs-2-P7-15
Opening Player-Data//16-2-128/Inputs-2-P8-15
Opening Player-Data//16-2-128/Inputs-2-P9-15
Opening Player-Data//16-2-128/Inputs-2-P10-15
Opening Player-Data//16-2-128/Inputs-2-P11-15
Opening Player-Data//16-2-128/Inputs-2-P12-15
Opening Player-Data//16-2-128/Inputs-2-P13-15
Opening Player-Data//16-2-128/Inputs-2-P14-15
Opening Player-Data//16-2-128/Inputs-2-P15-15
Opening Player-Data//16-Z64,64-64/Inputs-Z64,64-P0-0
Opening Player-Data//16-Z64,64-64/Inputs-Z64,64-P1-0
Opening Player-Data//16-Z64,64-64/Inputs-Z64,64-P2-0
Opening Player-Data//16-Z64,64-64/Inputs-Z64,64-P3-0
Opening Player-Data//16-Z64,64-64/Inputs-Z64,64-P4-0
Opening Player-Data//16-Z64,64-64/Inputs-Z64,64-P5-0
Opening Player-Data//16-Z64,64-64/Inputs-Z64,64-P6-0
Opening Player-Data//16-Z64,64-64/Inputs-Z64,64-P7-0
Opening Player-Data//16-Z64,64-64/Inputs-Z64,64-P8-0
Opening Player-Data//16-Z64,64-64/Inputs-Z64,64-P9-0
Opening Player-Data//16-Z64,64-64/Inputs-Z64,64-P10-0
Opening Player-Data//16-Z64,64-64/Inputs-Z64,64-P11-0
Opening Player-Data//16-Z64,64-64/Inputs-Z64,64-P12-0
Opening Player-Data//16-Z64,64-64/Inputs-Z64,64-P13-0
Opening Player-Data//16-Z64,64-64/Inputs-Z64,64-P14-0
Opening Player-Data//16-Z64,64-64/Inputs-Z64,64-P15-0
Opening Player-Data//16-Z64,64-64/Inputs-Z64,64-P0-1
Opening Player-Data//16-Z64,64-64/Inputs-Z64,64-P1-1
Opening Player-Data//16-Z64,64-64/Inputs-Z64,64-P2-1
Opening Player-Data//16-Z64,64-64/Inputs-Z64,64-P3-1
Opening Player-Data//16-Z64,64-64/Inputs-Z64,64-P4-1
Opening Player-Data//16-Z64,64-64/Inputs-Z64,64-P5-1
Opening Player-Data//16-Z64,64-64/Inputs-Z64,64-P6-1
Opening Player-Data//16-Z64,64-64/Inputs-Z64,64-P7-1
Opening Player-Data//16-Z64,64-64/Inputs-Z64,64-P8-1
Opening Player-Data//16-Z64,64-64/Inputs-Z64,64-P9-1
Opening Player-Data//16-Z64,64-64/Inputs-Z64,64-P10-1
Opening Player-Data//16-Z64,64-64/Inputs-Z64,64-P11-1
Opening Player-Data//16-Z64,64-64/Inputs-Z64,64-P12-1
Opening Player-Data//16-Z64,64-64/Inputs-Z64,64-P13-1
Opening Player-Data//16-Z64,64-64/Inputs-Z64,64-P14-1
Opening Player-Data//16-Z64,64-64/Inputs-Z64,64-P15-1
Opening Player-Data//16-Z64,64-64/Inputs-Z64,64-P0-2
Opening Player-Data//16-Z64,64-64/Inputs-Z64,64-P1-2
Opening Player-Data//16-Z64,64-64/Inputs-Z64,64-P2-2
Opening Player-Data//16-Z64,64-64/Inputs-Z64,64-P3-2
Opening Player-Data//16-Z64,64-64/Inputs-Z64,64-P4-2
Opening Player-Data//16-Z64,64-64/Inputs-Z64,64-P5-2
Opening Player-Data//16-Z64,64-64/Inputs-Z64,64-P6-2
Opening Player-Data//16-Z64,64-64/Inputs-Z64,64-P7-2
Opening Player-Data//16-Z64,64-64/Inputs-Z64,64-P8-2
Opening Player-Data//16-Z64,64-64/Inputs-Z64,64-P9-2
Opening Player-Data//16-Z64,64-64/Inputs-Z64,64-P10-2
Opening Player-Data//16-Z64,64-64/Inputs-Z64,64-P11-2
Opening Player-Data//16-Z64,64-64/Inputs-Z64,64-P12-2
Opening Player-Data//16-Z64,64-64/Inputs-Z64,64-P13-2
Opening Player-Data//16-Z64,64-64/Inputs-Z64,64-P14-2
Opening Player-Data//16-Z64,64-64/Inputs-Z64,64-P15-2
Opening Player-Data//16-Z64,64-64/Inputs-Z64,64-P0-3
Opening Player-Data//16-Z64,64-64/Inputs-Z64,64-P1-3
Opening Player-Data//16-Z64,64-64/Inputs-Z64,64-P2-3
Opening Player-Data//16-Z64,64-64/Inputs-Z64,64-P3-3
Opening Player-Data//16-Z64,64-64/Inputs-Z64,64-P4-3
Opening Player-Data//16-Z64,64-64/Inputs-Z64,64-P5-3
Opening Player-Data//16-Z64,64-64/Inputs-Z64,64-P6-3
Opening Player-Data//16-Z64,64-64/Inputs-Z64,64-P7-3
Opening Player-Data//16-Z64,64-64/Inputs-Z64,64-P8-3
Opening Player-Data//16-Z64,64-64/Inputs-Z64,64-P9-3
Opening Player-Data//16-Z64,64-64/Inputs-Z64,64-P10-3
Opening Player-Data//16-Z64,64-64/Inputs-Z64,64-P11-3
Opening Player-Data//16-Z64,64-64/Inputs-Z64,64-P12-3
Opening Player-Data//16-Z64,64-64/Inputs-Z64,64-P13-3
Opening Player-Data//16-Z64,64-64/Inputs-Z64,64-P14-3
Opening Player-Data//16-Z64,64-64/Inputs-Z64,64-P15-3
Opening Player-Data//16-Z64,64-64/Inputs-Z64,64-P0-4
Opening Player-Data//16-Z64,64-64/Inputs-Z64,64-P1-4
Opening Player-Data//16-Z64,64-64/Inputs-Z64,64-P2-4
Opening Player-Data//16-Z64,64-64/Inputs-Z64,64-P3-4
Opening Player-Data//16-Z64,64-64/Inputs-Z64,64-P4-4
Opening Player-Data//16-Z64,64-64/Inputs-Z64,64-P5-4
Opening Player-Data//16-Z64,64-64/Inputs-Z64,64-P6-4
Opening Player-Data//16-Z64,64-64/Inputs-Z64,64-P7-4
Opening Player-Data//16-Z64,64-64/Inputs-Z64,64-P8-4
Opening Player-Data//16-Z64,64-64/Inputs-Z64,64-P9-4
Opening Player-Data//16-Z64,64-64/Inputs-Z64,64-P10-4
Opening Player-Data//16-Z64,64-64/Inputs-Z64,64-P11-4
Opening Player-Data//16-Z64,64-64/Inputs-Z64,64-P12-4
Opening Player-Data//16-Z64,64-64/Inputs-Z64,64-P13-4
Opening Player-Data//16-Z64,64-64/Inputs-Z64,64-P14-4
Opening Player-Data//16-Z64,64-64/Inputs-Z64,64-P15-4
Opening Player-Data//16-Z64,64-64/Inputs-Z64,64-P0-5
Opening Player-Data//16-Z64,64-64/Inputs-Z64,64-P1-5
Opening Player-Data//16-Z64,64-64/Inputs-Z64,64-P2-5
Opening Player-Data//16-Z64,64-64/Inputs-Z64,64-P3-5
Opening Player-Data//16-Z64,64-64/Inputs-Z64,64-P4-5
Opening Player-Data//16-Z64,64-64/Inputs-Z64,64-P5-5
Opening Player-Data//16-Z64,64-64/Inputs-Z64,64-P6-5
Opening Player-Data//16-Z64,64-64/Inputs-Z64,64-P7-5
Opening Player-Data//16-Z64,64-64/Inputs-Z64,64-P8-5
Opening Player-Data//16-Z64,64-64/Inputs-Z64,64-P9-5
Opening Player-Data//16-Z64,64-64/Inputs-Z64,64-P10-5
Opening Player-Data//16-Z64,64-64/Inputs-Z64,64-P11-5
Opening Player-Data//16-Z64,64-64/Inputs-Z64,64-P12-5
Opening Player-Data//16-Z64,64-64/Inputs-Z64,64-P13-5
Opening Player-Data//16-Z64,64-64/Inputs-Z64,64-P14-5
Opening Player-Data//16-Z64,64-64/Inputs-Z64,64-P15-5
Opening Player-Data//16-Z64,64-64/Inputs-Z64,64-P0-6
Opening Player-Data//16-Z64,64-64/Inputs-Z64,64-P1-6
Opening Player-Data//16-Z64,64-64/Inputs-Z64,64-P2-6
Opening Player-Data//16-Z64,64-64/Inputs-Z64,64-P3-6
Opening Player-Data//16-Z64,64-64/Inputs-Z64,64-P4-6
Opening Player-Data//16-Z64,64-64/Inputs-Z64,64-P5-6
Opening Player-Data//16-Z64,64-64/Inputs-Z64,64-P6-6
Opening Player-Data//16-Z64,64-64/Inputs-Z64,64-P7-6
Opening Player-Data//16-Z64,64-64/Inputs-Z64,64-P8-6
Opening Player-Data//16-Z64,64-64/Inputs-Z64,64-P9-6
Opening Player-Data//16-Z64,64-64/Inputs-Z64,64-P10-6
Opening Player-Data//16-Z64,64-64/Inputs-Z64,64-P11-6
Opening Player-Data//16-Z64,64-64/Inputs-Z64,64-P12-6
Opening Player-Data//16-Z64,64-64/Inputs-Z64,64-P13-6
Opening Player-Data//16-Z64,64-64/Inputs-Z64,64-P14-6
Opening Player-Data//16-Z64,64-64/Inputs-Z64,64-P15-6
Opening Player-Data//16-Z64,64-64/Inputs-Z64,64-P0-7
Opening Player-Data//16-Z64,64-64/Inputs-Z64,64-P1-7
Opening Player-Data//16-Z64,64-64/Inputs-Z64,64-P2-7
Opening Player-Data//16-Z64,64-64/Inputs-Z64,64-P3-7
Opening Player-Data//16-Z64,64-64/Inputs-Z64,64-P4-7
Opening Player-Data//16-Z64,64-64/Inputs-Z64,64-P5-7
Opening Player-Data//16-Z64,64-64/Inputs-Z64,64-P6-7
Opening Player-Data//16-Z64,64-64/Inputs-Z64,64-P7-7
Opening Player-Data//16-Z64,64-64/Inputs-Z64,64-P8-7
Opening Player-Data//16-Z64,64-64/Inputs-Z64,64-P9-7
Opening Player-Data//16-Z64,64-64/Inputs-Z64,64-P10-7
Opening Player-Data//16-Z64,64-64/Inputs-Z64,64-P11-7
Opening Player-Data//16-Z64,64-64/Inputs-Z64,64-P12-7
Opening Player-Data//16-Z64,64-64/Inputs-Z64,64-P13-7
Opening Player-Data//16-Z64,64-64/Inputs-Z64,64-P14-7
Opening Player-Data//16-Z64,64-64/Inputs-Z64,64-P15-7
Opening Player-Data//16-Z64,64-64/Inputs-Z64,64-P0-8
Opening Player-Data//16-Z64,64-64/Inputs-Z64,64-P1-8
Opening Player-Data//16-Z64,64-64/Inputs-Z64,64-P2-8
Opening Player-Data//16-Z64,64-64/Inputs-Z64,64-P3-8
Opening Player-Data//16-Z64,64-64/Inputs-Z64,64-P4-8
Opening Player-Data//16-Z64,64-64/Inputs-Z64,64-P5-8
Opening Player-Data//16-Z64,64-64/Inputs-Z64,64-P6-8
Opening Player-Data//16-Z64,64-64/Inputs-Z64,64-P7-8
Opening Player-Data//16-Z64,64-64/Inputs-Z64,64-P8-8
Opening Player-Data//16-Z64,64-64/Inputs-Z64,64-P9-8
Opening Player-Data//16-Z64,64-64/Inputs-Z64,64-P10-8
Opening Player-Data//16-Z64,64-64/Inputs-Z64,64-P11-8
Opening Player-Data//16-Z64,64-64/Inputs-Z64,64-P12-8
Opening Player-Data//16-Z64,64-64/Inputs-Z64,64-P13-8
Opening Player-Data//16-Z64,64-64/Inputs-Z64,64-P14-8
Opening Player-Data//16-Z64,64-64/Inputs-Z64,64-P15-8
Opening Player-Data//16-Z64,64-64/Inputs-Z64,64-P0-9
Opening Player-Data//16-Z64,64-64/Inputs-Z64,64-P1-9
Opening Player-Data//16-Z64,64-64/Inputs-Z64,64-P2-9
Opening Player-Data//16-Z64,64-64/Inputs-Z64,64-P3-9
Opening Player-Data//16-Z64,64-64/Inputs-Z64,64-P4-9
Opening Player-Data//16-Z64,64-64/Inputs-Z64,64-P5-9
Opening Player-Data//16-Z64,64-64/Inputs-Z64,64-P6-9
Opening Player-Data//16-Z64,64-64/Inputs-Z64,64-P7-9
Opening Player-Data//16-Z64,64-64/Inputs-Z64,64-P8-9
Opening Player-Data//16-Z64,64-64/Inputs-Z64,64-P9-9
Opening Player-Data//16-Z64,64-64/Inputs-Z64,64-P10-9
Opening Player-Data//16-Z64,64-64/Inputs-Z64,64-P11-9
Opening Player-Data//16-Z64,64-64/Inputs-Z64,64-P12-9
Opening Player-Data//16-Z64,64-64/Inputs-Z64,64-P13-9
Opening Player-Data//16-Z64,64-64/Inputs-Z64,64-P14-9
Opening Player-Data//16-Z64,64-64/Inputs-Z64,64-P15-9
Opening Player-Data//16-Z64,64-64/Inputs-Z64,64-P0-10
Opening Player-Data//16-Z64,64-64/Inputs-Z64,64-P1-10
Opening Player-Data//16-Z64,64-64/Inputs-Z64,64-P2-10
Opening Player-Data//16-Z64,64-64/Inputs-Z64,64-P3-10
Opening Player-Data//16-Z64,64-64/Inputs-Z64,64-P4-10
Opening Player-Data//16-Z64,64-64/Inputs-Z64,64-P5-10
Opening Player-Data//16-Z64,64-64/Inputs-Z64,64-P6-10
Opening Player-Data//16-Z64,64-64/Inputs-Z64,64-P7-10
Opening Player-Data//16-Z64,64-64/Inputs-Z64,64-P8-10
Opening Player-Data//16-Z64,64-64/Inputs-Z64,64-P9-10
Opening Player-Data//16-Z64,64-64/Inputs-Z64,64-P10-10
Opening Player-Data//16-Z64,64-64/Inputs-Z64,64-P11-10
Opening Player-Data//16-Z64,64-64/Inputs-Z64,64-P12-10
Opening Player-Data//16-Z64,64-64/Inputs-Z64,64-P13-10
Opening Player-Data//16-Z64,64-64/Inputs-Z64,64-P14-10
Opening Player-Data//16-Z64,64-64/Inputs-Z64,64-P15-10
Opening Player-Data//16-Z64,64-64/Inputs-Z64,64-P0-11
Opening Player-Data//16-Z64,64-64/Inputs-Z64,64-P1-11
Opening Player-Data//16-Z64,64-64/Inputs-Z64,64-P2-11
Opening Player-Data//16-Z64,64-64/Inputs-Z64,64-P3-11
Opening Player-Data//16-Z64,64-64/Inputs-Z64,64-P4-11
Opening Player-Data//16-Z64,64-64/Inputs-Z64,64-P5-11
Opening Player-Data//16-Z64,64-64/Inputs-Z64,64-P6-11
Opening Player-Data//16-Z64,64-64/Inputs-Z64,64-P7-11
Opening Player-Data//16-Z64,64-64/Inputs-Z64,64-P8-11
Opening Player-Data//16-Z64,64-64/Inputs-Z64,64-P9-11
Opening Player-Data//16-Z64,64-64/Inputs-Z64,64-P10-11
Opening Player-Data//16-Z64,64-64/Inputs-Z64,64-P11-11
Opening Player-Data//16-Z64,64-64/Inputs-Z64,64-P12-11
Opening Player-Data//16-Z64,64-64/Inputs-Z64,64-P13-11
Opening Player-Data//16-Z64,64-64/Inputs-Z64,64-P14-11
Opening Player-Data//16-Z64,64-64/Inputs-Z64,64-P15-11
Opening Player-Data//16-Z64,64-64/Inputs-Z64,64-P0-12
Opening Player-Data//16-Z64,64-64/Inputs-Z64,64-P1-12
Opening Player-Data//16-Z64,64-64/Inputs-Z64,64-P2-12
Opening Player-Data//16-Z64,64-64/Inputs-Z64,64-P3-12
Opening Player-Data//16-Z64,64-64/Inputs-Z64,64-P4-12
Opening Player-Data//16-Z64,64-64/Inputs-Z64,64-P5-12
Opening Player-Data//16-Z64,64-64/Inputs-Z64,64-P6-12
Opening Player-Data//16-Z64,64-64/Inputs-Z64,64-P7-12
Opening Player-Data//16-Z64,64-64/Inputs-Z64,64-P8-12
Opening Player-Data//16-Z64,64-64/Inputs-Z64,64-P9-12
Opening Player-Data//16-Z64,64-64/Inputs-Z64,64-P10-12
Opening Player-Data//16-Z64,64-64/Inputs-Z64,64-P11-12
Opening Player-Data//16-Z64,64-64/Inputs-Z64,64-P12-12
Opening Player-Data//16-Z64,64-64/Inputs-Z64,64-P13-12
Opening Player-Data//16-Z64,64-64/Inputs-Z64,64-P14-12
Opening Player-Data//16-Z64,64-64/Inputs-Z64,64-P15-12
Opening Player-Data//16-Z64,64-64/Inputs-Z64,64-P0-13
Opening Player-Data//16-Z64,64-64/Inputs-Z64,64-P1-13
Opening Player-Data//16-Z64,64-64/Inputs-Z64,64-P2-13
Opening Player-Data//16-Z64,64-64/Inputs-Z64,64-P3-13
Opening Player-Data//16-Z64,64-64/Inputs-Z64,64-P4-13
Opening Player-Data//16-Z64,64-64/Inputs-Z64,64-P5-13
Opening Player-Data//16-Z64,64-64/Inputs-Z64,64-P6-13
Opening Player-Data//16-Z64,64-64/Inputs-Z64,64-P7-13
Opening Player-Data//16-Z64,64-64/Inputs-Z64,64-P8-13
Opening Player-Data//16-Z64,64-64/Inputs-Z64,64-P9-13
Opening Player-Data//16-Z64,64-64/Inputs-Z64,64-P10-13
Opening Player-Data//16-Z64,64-64/Inputs-Z64,64-P11-13
Opening Player-Data//16-Z64,64-64/Inputs-Z64,64-P12-13
Opening Player-Data//16-Z64,64-64/Inputs-Z64,64-P13-13
Opening Player-Data//16-Z64,64-64/Inputs-Z64,64-P14-13
Opening Player-Data//16-Z64,64-64/Inputs-Z64,64-P15-13
Opening Player-Data//16-Z64,64-64/Inputs-Z64,64-P0-14
Opening Player-Data//16-Z64,64-64/Inputs-Z64,64-P1-14
Opening Player-Data//16-Z64,64-64/Inputs-Z64,64-P2-14
Opening Player-Data//16-Z64,64-64/Inputs-Z64,64-P3-14
Opening Player-Data//16-Z64,64-64/Inputs-Z64,64-P4-14
Opening Player-Data//16-Z64,64-64/Inputs-Z64,64-P5-14
Opening Player-Data//16-Z64,64-64/Inputs-Z64,64-P6-14
Opening Player-Data//16-Z64,64-64/Inputs-Z64,64-P7-14
Opening Player-Data//16-Z64,64-64/Inputs-Z64,64-P8-14
Opening Player-Data//16-Z64,64-64/Inputs-Z64,64-P9-14
Opening Player-Data//16-Z64,64-64/Inputs-Z64,64-P10-14
Opening Player-Data//16-Z64,64-64/Inputs-Z64,64-P11-14
Opening Player-Data//16-Z64,64-64/Inputs-Z64,64-P12-14
Opening Player-Data//16-Z64,64-64/Inputs-Z64,64-P13-14
Opening Player-Data//16-Z64,64-64/Inputs-Z64,64-P14-14
Opening Player-Data//16-Z64,64-64/Inputs-Z64,64-P15-14
Opening Player-Data//16-Z64,64-64/Inputs-Z64,64-P0-15
Opening Player-Data//16-Z64,64-64/Inputs-Z64,64-P1-15
Opening Player-Data//16-Z64,64-64/Inputs-Z64,64-P2-15
Opening Player-Data//16-Z64,64-64/Inputs-Z64,64-P3-15
Opening Player-Data//16-Z64,64-64/Inputs-Z64,64-P4-15
Opening Player-Data//16-Z64,64-64/Inputs-Z64,64-P5-15
Opening Player-Data//16-Z64,64-64/Inputs-Z64,64-P6-15
Opening Player-Data//16-Z64,64-64/Inputs-Z64,64-P7-15
Opening Player-Data//16-Z64,64-64/Inputs-Z64,64-P8-15
Opening Player-Data//16-Z64,64-64/Inputs-Z64,64-P9-15
Opening Player-Data//16-Z64,64-64/Inputs-Z64,64-P10-15
Opening Player-Data//16-Z64,64-64/Inputs-Z64,64-P11-15
Opening Player-Data//16-Z64,64-64/Inputs-Z64,64-P12-15
Opening Player-Data//16-Z64,64-64/Inputs-Z64,64-P13-15
Opening Player-Data//16-Z64,64-64/Inputs-Z64,64-P14-15
Opening Player-Data//16-Z64,64-64/Inputs-Z64,64-P15-15
Opening Player-Data//16-2-128/Inverses-2-P0
Opening Player-Data//16-2-128/Inverses-2-P1
Opening Player-Data//16-2-128/Inverses-2-P2
Opening Player-Data//16-2-128/Inverses-2-P3
Opening Player-Data//16-2-128/Inverses-2-P4
Opening Player-Data//16-2-128/Inverses-2-P5
Opening Player-Data//16-2-128/Inverses-2-P6
Opening Player-Data//16-2-128/Inverses-2-P7
Opening Player-Data//16-2-128/Inverses-2-P8
Opening Player-Data//16-2-128/Inverses-2-P9
Opening Player-Data//16-2-128/Inverses-2-P10
Opening Player-Data//16-2-128/Inverses-2-P11
Opening Player-Data//16-2-128/Inverses-2-P12
Opening Player-Data//16-2-128/Inverses-2-P13
Opening Player-Data//16-2-128/Inverses-2-P14
Opening Player-Data//16-2-128/Inverses-2-P15
Opening Player-Data//16-DDB-64/Triples-DDB-P0
Opening Player-Data//16-DDB-64/Triples-DDB-P1
Opening Player-Data//16-DDB-64/Triples-DDB-P2
Opening Player-Data//16-DDB-64/Triples-DDB-P3
Opening Player-Data//16-DDB-64/Triples-DDB-P4
Opening Player-Data//16-DDB-64/Triples-DDB-P5
Opening Player-Data//16-DDB-64/Triples-DDB-P6
Opening Player-Data//16-DDB-64/Triples-DDB-P7
Opening Player-Data//16-DDB-64/Triples-DDB-P8
Opening Player-Data//16-DDB-64/Triples-DDB-P9
Opening Player-Data//16-DDB-64/Triples-DDB-P10
Opening Player-Data//16-DDB-64/Triples-DDB-P11
Opening Player-Data//16-DDB-64/Triples-DDB-P12
Opening Player-Data//16-DDB-64/Triples-DDB-P13
Opening Player-Data//16-DDB-64/Triples-DDB-P14
Opening Player-Data//16-DDB-64/Triples-DDB-P15
Opening Player-Data//16-DDB-64/Bits-DDB-P0
Opening Player-Data//16-DDB-64/Bits-DDB-P1
Opening Player-Data//16-DDB-64/Bits-DDB-P2
Opening Player-Data//16-DDB-64/Bits-DDB-P3
Opening Player-Data//16-DDB-64/Bits-DDB-P4
Opening Player-Data//16-DDB-64/Bits-DDB-P5
Opening Player-Data//16-DDB-64/Bits-DDB-P6
Opening Player-Data//16-DDB-64/Bits-DDB-P7
Opening Player-Data//16-DDB-64/Bits-DDB-P8
Opening Player-Data//16-DDB-64/Bits-DDB-P9
Opening Player-Data//16-DDB-64/Bits-DDB-P10
Opening Player-Data//16-DDB-64/Bits-DDB-P11
Opening Player-Data//16-DDB-64/Bits-DDB-P12
Opening Player-Data//16-DDB-64/Bits-DDB-P13
Opening Player-Data//16-DDB-64/Bits-DDB-P14
Opening Player-Data//16-DDB-64/Bits-DDB-P15
Opening Player-Data//16-DDB-64/Inputs-DDB-P0-0
Opening Player-Data//16-DDB-64/Inputs-DDB-P1-0
Opening Player-Data//16-DDB-64/Inputs-DDB-P2-0
Opening Player-Data//16-DDB-64/Inputs-DDB-P3-0
Opening Player-Data//16-DDB-64/Inputs-DDB-P4-0
Opening Player-Data//16-DDB-64/Inputs-DDB-P5-0
Opening Player-Data//16-DDB-64/Inputs-DDB-P6-0
Opening Player-Data//16-DDB-64/Inputs-DDB-P7-0
Opening Player-Data//16-DDB-64/Inputs-DDB-P8-0
Opening Player-Data//16-DDB-64/Inputs-DDB-P9-0
Opening Player-Data//16-DDB-64/Inputs-DDB-P10-0
Opening Player-Data//16-DDB-64/Inputs-DDB-P11-0
Opening Player-Data//16-DDB-64/Inputs-DDB-P12-0
Opening Player-Data//16-DDB-64/Inputs-DDB-P13-0
Opening Player-Data//16-DDB-64/Inputs-DDB-P14-0
Opening Player-Data//16-DDB-64/Inputs-DDB-P15-0
Opening Player-Data//16-DDB-64/Inputs-DDB-P0-1
Opening Player-Data//16-DDB-64/Inputs-DDB-P1-1
Opening Player-Data//16-DDB-64/Inputs-DDB-P2-1
Opening Player-Data//16-DDB-64/Inputs-DDB-P3-1
Opening Player-Data//16-DDB-64/Inputs-DDB-P4-1
Opening Player-Data//16-DDB-64/Inputs-DDB-P5-1
Opening Player-Data//16-DDB-64/Inputs-DDB-P6-1
Opening Player-Data//16-DDB-64/Inputs-DDB-P7-1
Opening Player-Data//16-DDB-64/Inputs-DDB-P8-1
Opening Player-Data//16-DDB-64/Inputs-DDB-P9-1
Opening Player-Data//16-DDB-64/Inputs-DDB-P10-1
Opening Player-Data//16-DDB-64/Inputs-DDB-P11-1
Opening Player-Data//16-DDB-64/Inputs-DDB-P12-1
Opening Player-Data//16-DDB-64/Inputs-DDB-P13-1
Opening Player-Data//16-DDB-64/Inputs-DDB-P14-1
Opening Player-Data//16-DDB-64/Inputs-DDB-P15-1
Opening Player-Data//16-DDB-64/Inputs-DDB-P0-2
Opening Player-Data//16-DDB-64/Inputs-DDB-P1-2
Opening Player-Data//16-DDB-64/Inputs-DDB-P2-2
Opening Player-Data//16-DDB-64/Inputs-DDB-P3-2
Opening Player-Data//16-DDB-64/Inputs-DDB-P4-2
Opening Player-Data//16-DDB-64/Inputs-DDB-P5-2
Opening Player-Data//16-DDB-64/Inputs-DDB-P6-2
Opening Player-Data//16-DDB-64/Inputs-DDB-P7-2
Opening Player-Data//16-DDB-64/Inputs-DDB-P8-2
Opening Player-Data//16-DDB-64/Inputs-DDB-P9-2
Opening Player-Data//16-DDB-64/Inputs-DDB-P10-2
Opening Player-Data//16-DDB-64/Inputs-DDB-P11-2
Opening Player-Data//16-DDB-64/Inputs-DDB-P12-2
Opening Player-Data//16-DDB-64/Inputs-DDB-P13-2
Opening Player-Data//16-DDB-64/Inputs-DDB-P14-2
Opening Player-Data//16-DDB-64/Inputs-DDB-P15-2
Opening Player-Data//16-DDB-64/Inputs-DDB-P0-3
Opening Player-Data//16-DDB-64/Inputs-DDB-P1-3
Opening Player-Data//16-DDB-64/Inputs-DDB-P2-3
Opening Player-Data//16-DDB-64/Inputs-DDB-P3-3
Opening Player-Data//16-DDB-64/Inputs-DDB-P4-3
Opening Player-Data//16-DDB-64/Inputs-DDB-P5-3
Opening Player-Data//16-DDB-64/Inputs-DDB-P6-3
Opening Player-Data//16-DDB-64/Inputs-DDB-P7-3
Opening Player-Data//16-DDB-64/Inputs-DDB-P8-3
Opening Player-Data//16-DDB-64/Inputs-DDB-P9-3
Opening Player-Data//16-DDB-64/Inputs-DDB-P10-3
Opening Player-Data//16-DDB-64/Inputs-DDB-P11-3
Opening Player-Data//16-DDB-64/Inputs-DDB-P12-3
Opening Player-Data//16-DDB-64/Inputs-DDB-P13-3
Opening Player-Data//16-DDB-64/Inputs-DDB-P14-3
Opening Player-Data//16-DDB-64/Inputs-DDB-P15-3
Opening Player-Data//16-DDB-64/Inputs-DDB-P0-4
Opening Player-Data//16-DDB-64/Inputs-DDB-P1-4
Opening Player-Data//16-DDB-64/Inputs-DDB-P2-4
Opening Player-Data//16-DDB-64/Inputs-DDB-P3-4
Opening Player-Data//16-DDB-64/Inputs-DDB-P4-4
Opening Player-Data//16-DDB-64/Inputs-DDB-P5-4
Opening Player-Data//16-DDB-64/Inputs-DDB-P6-4
Opening Player-Data//16-DDB-64/Inputs-DDB-P7-4
Opening Player-Data//16-DDB-64/Inputs-DDB-P8-4
Opening Player-Data//16-DDB-64/Inputs-DDB-P9-4
Opening Player-Data//16-DDB-64/Inputs-DDB-P10-4
Opening Player-Data//16-DDB-64/Inputs-DDB-P11-4
Opening Player-Data//16-DDB-64/Inputs-DDB-P12-4
Opening Player-Data//16-DDB-64/Inputs-DDB-P13-4
Opening Player-Data//16-DDB-64/Inputs-DDB-P14-4
Opening Player-Data//16-DDB-64/Inputs-DDB-P15-4
Opening Player-Data//16-DDB-64/Inputs-DDB-P0-5
Opening Player-Data//16-DDB-64/Inputs-DDB-P1-5
Opening Player-Data//16-DDB-64/Inputs-DDB-P2-5
Opening Player-Data//16-DDB-64/Inputs-DDB-P3-5
Opening Player-Data//16-DDB-64/Inputs-DDB-P4-5
Opening Player-Data//16-DDB-64/Inputs-DDB-P5-5
Opening Player-Data//16-DDB-64/Inputs-DDB-P6-5
Opening Player-Data//16-DDB-64/Inputs-DDB-P7-5
Opening Player-Data//16-DDB-64/Inputs-DDB-P8-5
Opening Player-Data//16-DDB-64/Inputs-DDB-P9-5
Opening Player-Data//16-DDB-64/Inputs-DDB-P10-5
Opening Player-Data//16-DDB-64/Inputs-DDB-P11-5
Opening Player-Data//16-DDB-64/Inputs-DDB-P12-5
Opening Player-Data//16-DDB-64/Inputs-DDB-P13-5
Opening Player-Data//16-DDB-64/Inputs-DDB-P14-5
Opening Player-Data//16-DDB-64/Inputs-DDB-P15-5
Opening Player-Data//16-DDB-64/Inputs-DDB-P0-6
Opening Player-Data//16-DDB-64/Inputs-DDB-P1-6
Opening Player-Data//16-DDB-64/Inputs-DDB-P2-6
Opening Player-Data//16-DDB-64/Inputs-DDB-P3-6
Opening Player-Data//16-DDB-64/Inputs-DDB-P4-6
Opening Player-Data//16-DDB-64/Inputs-DDB-P5-6
Opening Player-Data//16-DDB-64/Inputs-DDB-P6-6
Opening Player-Data//16-DDB-64/Inputs-DDB-P7-6
Opening Player-Data//16-DDB-64/Inputs-DDB-P8-6
Opening Player-Data//16-DDB-64/Inputs-DDB-P9-6
Opening Player-Data//16-DDB-64/Inputs-DDB-P10-6
Opening Player-Data//16-DDB-64/Inputs-DDB-P11-6
Opening Player-Data//16-DDB-64/Inputs-DDB-P12-6
Opening Player-Data//16-DDB-64/Inputs-DDB-P13-6
Opening Player-Data//16-DDB-64/Inputs-DDB-P14-6
Opening Player-Data//16-DDB-64/Inputs-DDB-P15-6
Opening Player-Data//16-DDB-64/Inputs-DDB-P0-7
Opening Player-Data//16-DDB-64/Inputs-DDB-P1-7
Opening Player-Data//16-DDB-64/Inputs-DDB-P2-7
Opening Player-Data//16-DDB-64/Inputs-DDB-P3-7
Opening Player-Data//16-DDB-64/Inputs-DDB-P4-7
Opening Player-Data//16-DDB-64/Inputs-DDB-P5-7
Opening Player-Data//16-DDB-64/Inputs-DDB-P6-7
Opening Player-Data//16-DDB-64/Inputs-DDB-P7-7
Opening Player-Data//16-DDB-64/Inputs-DDB-P8-7
Opening Player-Data//16-DDB-64/Inputs-DDB-P9-7
Opening Player-Data//16-DDB-64/Inputs-DDB-P10-7
Opening Player-Data//16-DDB-64/Inputs-DDB-P11-7
Opening Player-Data//16-DDB-64/Inputs-DDB-P12-7
Opening Player-Data//16-DDB-64/Inputs-DDB-P13-7
Opening Player-Data//16-DDB-64/Inputs-DDB-P14-7
Opening Player-Data//16-DDB-64/Inputs-DDB-P15-7
Opening Player-Data//16-DDB-64/Inputs-DDB-P0-8
Opening Player-Data//16-DDB-64/Inputs-DDB-P1-8
Opening Player-Data//16-DDB-64/Inputs-DDB-P2-8
Opening Player-Data//16-DDB-64/Inputs-DDB-P3-8
Opening Player-Data//16-DDB-64/Inputs-DDB-P4-8
Opening Player-Data//16-DDB-64/Inputs-DDB-P5-8
Opening Player-Data//16-DDB-64/Inputs-DDB-P6-8
Opening Player-Data//16-DDB-64/Inputs-DDB-P7-8
Opening Player-Data//16-DDB-64/Inputs-DDB-P8-8
Opening Player-Data//16-DDB-64/Inputs-DDB-P9-8
Opening Player-Data//16-DDB-64/Inputs-DDB-P10-8
Opening Player-Data//16-DDB-64/Inputs-DDB-P11-8
Opening Player-Data//16-DDB-64/Inputs-DDB-P12-8
Opening Player-Data//16-DDB-64/Inputs-DDB-P13-8
Opening Player-Data//16-DDB-64/Inputs-DDB-P14-8
Opening Player-Data//16-DDB-64/Inputs-DDB-P15-8
Opening Player-Data//16-DDB-64/Inputs-DDB-P0-9
Opening Player-Data//16-DDB-64/Inputs-DDB-P1-9
Opening Player-Data//16-DDB-64/Inputs-DDB-P2-9
Opening Player-Data//16-DDB-64/Inputs-DDB-P3-9
Opening Player-Data//16-DDB-64/Inputs-DDB-P4-9
Opening Player-Data//16-DDB-64/Inputs-DDB-P5-9
Opening Player-Data//16-DDB-64/Inputs-DDB-P6-9
Opening Player-Data//16-DDB-64/Inputs-DDB-P7-9
Opening Player-Data//16-DDB-64/Inputs-DDB-P8-9
Opening Player-Data//16-DDB-64/Inputs-DDB-P9-9
Opening Player-Data//16-DDB-64/Inputs-DDB-P10-9
Opening Player-Data//16-DDB-64/Inputs-DDB-P11-9
Opening Player-Data//16-DDB-64/Inputs-DDB-P12-9
Opening Player-Data//16-DDB-64/Inputs-DDB-P13-9
Opening Player-Data//16-DDB-64/Inputs-DDB-P14-9
Opening Player-Data//16-DDB-64/Inputs-DDB-P15-9
Opening Player-Data//16-DDB-64/Inputs-DDB-P0-10
Opening Player-Data//16-DDB-64/Inputs-DDB-P1-10
Opening Player-Data//16-DDB-64/Inputs-DDB-P2-10
Opening Player-Data//16-DDB-64/Inputs-DDB-P3-10
Opening Player-Data//16-DDB-64/Inputs-DDB-P4-10
Opening Player-Data//16-DDB-64/Inputs-DDB-P5-10
Opening Player-Data//16-DDB-64/Inputs-DDB-P6-10
Opening Player-Data//16-DDB-64/Inputs-DDB-P7-10
Opening Player-Data//16-DDB-64/Inputs-DDB-P8-10
Opening Player-Data//16-DDB-64/Inputs-DDB-P9-10
Opening Player-Data//16-DDB-64/Inputs-DDB-P10-10
Opening Player-Data//16-DDB-64/Inputs-DDB-P11-10
Opening Player-Data//16-DDB-64/Inputs-DDB-P12-10
Opening Player-Data//16-DDB-64/Inputs-DDB-P13-10
Opening Player-Data//16-DDB-64/Inputs-DDB-P14-10
Opening Player-Data//16-DDB-64/Inputs-DDB-P15-10
Opening Player-Data//16-DDB-64/Inputs-DDB-P0-11
Opening Player-Data//16-DDB-64/Inputs-DDB-P1-11
Opening Player-Data//16-DDB-64/Inputs-DDB-P2-11
Opening Player-Data//16-DDB-64/Inputs-DDB-P3-11
Opening Player-Data//16-DDB-64/Inputs-DDB-P4-11
Opening Player-Data//16-DDB-64/Inputs-DDB-P5-11
Opening Player-Data//16-DDB-64/Inputs-DDB-P6-11
Opening Player-Data//16-DDB-64/Inputs-DDB-P7-11
Opening Player-Data//16-DDB-64/Inputs-DDB-P8-11
Opening Player-Data//16-DDB-64/Inputs-DDB-P9-11
Opening Player-Data//16-DDB-64/Inputs-DDB-P10-11
Opening Player-Data//16-DDB-64/Inputs-DDB-P11-11
Opening Player-Data//16-DDB-64/Inputs-DDB-P12-11
Opening Player-Data//16-DDB-64/Inputs-DDB-P13-11
Opening Player-Data//16-DDB-64/Inputs-DDB-P14-11
Opening Player-Data//16-DDB-64/Inputs-DDB-P15-11
Opening Player-Data//16-DDB-64/Inputs-DDB-P0-12
Opening Player-Data//16-DDB-64/Inputs-DDB-P1-12
Opening Player-Data//16-DDB-64/Inputs-DDB-P2-12
Opening Player-Data//16-DDB-64/Inputs-DDB-P3-12
Opening Player-Data//16-DDB-64/Inputs-DDB-P4-12
Opening Player-Data//16-DDB-64/Inputs-DDB-P5-12
Opening Player-Data//16-DDB-64/Inputs-DDB-P6-12
Opening Player-Data//16-DDB-64/Inputs-DDB-P7-12
Opening Player-Data//16-DDB-64/Inputs-DDB-P8-12
Opening Player-Data//16-DDB-64/Inputs-DDB-P9-12
Opening Player-Data//16-DDB-64/Inputs-DDB-P10-12
Opening Player-Data//16-DDB-64/Inputs-DDB-P11-12
Opening Player-Data//16-DDB-64/Inputs-DDB-P12-12
Opening Player-Data//16-DDB-64/Inputs-DDB-P13-12
Opening Player-Data//16-DDB-64/Inputs-DDB-P14-12
Opening Player-Data//16-DDB-64/Inputs-DDB-P15-12
Opening Player-Data//16-DDB-64/Inputs-DDB-P0-13
Opening Player-Data//16-DDB-64/Inputs-DDB-P1-13
Opening Player-Data//16-DDB-64/Inputs-DDB-P2-13
Opening Player-Data//16-DDB-64/Inputs-DDB-P3-13
Opening Player-Data//16-DDB-64/Inputs-DDB-P4-13
Opening Player-Data//16-DDB-64/Inputs-DDB-P5-13
Opening Player-Data//16-DDB-64/Inputs-DDB-P6-13
Opening Player-Data//16-DDB-64/Inputs-DDB-P7-13
Opening Player-Data//16-DDB-64/Inputs-DDB-P8-13
Opening Player-Data//16-DDB-64/Inputs-DDB-P9-13
Opening Player-Data//16-DDB-64/Inputs-DDB-P10-13
Opening Player-Data//16-DDB-64/Inputs-DDB-P11-13
Opening Player-Data//16-DDB-64/Inputs-DDB-P12-13
Opening Player-Data//16-DDB-64/Inputs-DDB-P13-13
Opening Player-Data//16-DDB-64/Inputs-DDB-P14-13
Opening Player-Data//16-DDB-64/Inputs-DDB-P15-13
Opening Player-Data//16-DDB-64/Inputs-DDB-P0-14
Opening Player-Data//16-DDB-64/Inputs-DDB-P1-14
Opening Player-Data//16-DDB-64/Inputs-DDB-P2-14
Opening Player-Data//16-DDB-64/Inputs-DDB-P3-14
Opening Player-Data//16-DDB-64/Inputs-DDB-P4-14
Opening Player-Data//16-DDB-64/Inputs-DDB-P5-14
Opening Player-Data//16-DDB-64/Inputs-DDB-P6-14
Opening Player-Data//16-DDB-64/Inputs-DDB-P7-14
Opening Player-Data//16-DDB-64/Inputs-DDB-P8-14
Opening Player-Data//16-DDB-64/Inputs-DDB-P9-14
Opening Player-Data//16-DDB-64/Inputs-DDB-P10-14
Opening Player-Data//16-DDB-64/Inputs-DDB-P11-14
Opening Player-Data//16-DDB-64/Inputs-DDB-P12-14
Opening Player-Data//16-DDB-64/Inputs-DDB-P13-14
Opening Player-Data//16-DDB-64/Inputs-DDB-P14-14
Opening Player-Data//16-DDB-64/Inputs-DDB-P15-14
Opening Player-Data//16-DDB-64/Inputs-DDB-P0-15
Opening Player-Data//16-DDB-64/Inputs-DDB-P1-15
Opening Player-Data//16-DDB-64/Inputs-DDB-P2-15
Opening Player-Data//16-DDB-64/Inputs-DDB-P3-15
Opening Player-Data//16-DDB-64/Inputs-DDB-P4-15
Opening Player-Data//16-DDB-64/Inputs-DDB-P5-15
Opening Player-Data//16-DDB-64/Inputs-DDB-P6-15
Opening Player-Data//16-DDB-64/Inputs-DDB-P7-15
Opening Player-Data//16-DDB-64/Inputs-DDB-P8-15
Opening Player-Data//16-DDB-64/Inputs-DDB-P9-15
Opening Player-Data//16-DDB-64/Inputs-DDB-P10-15
Opening Player-Data//16-DDB-64/Inputs-DDB-P11-15
Opening Player-Data//16-DDB-64/Inputs-DDB-P12-15
Opening Player-Data//16-DDB-64/Inputs-DDB-P13-15
Opening Player-Data//16-DDB-64/Inputs-DDB-P14-15
Opening Player-Data//16-DDB-64/Inputs-DDB-P15-15
Opening Player-Data//16-DB-64/Triples-DB-P0
Opening Player-Data//16-DB-64/Triples-DB-P1
Opening Player-Data//16-DB-64/Triples-DB-P2
Opening Player-Data//16-DB-64/Triples-DB-P3
Opening Player-Data//16-DB-64/Triples-DB-P4
Opening Player-Data//16-DB-64/Triples-DB-P5
Opening Player-Data//16-DB-64/Triples-DB-P6
Opening Player-Data//16-DB-64/Triples-DB-P7
Opening Player-Data//16-DB-64/Triples-DB-P8
Opening Player-Data//16-DB-64/Triples-DB-P9
Opening Player-Data//16-DB-64/Triples-DB-P10
Opening Player-Data//16-DB-64/Triples-DB-P11
Opening Player-Data//16-DB-64/Triples-DB-P12
Opening Player-Data//16-DB-64/Triples-DB-P13
Opening Player-Data//16-DB-64/Triples-DB-P14
Opening Player-Data//16-DB-64/Triples-DB-P15
Opening Player-Data//16-DB-64/Bits-DB-P0
Opening Player-Data//16-DB-64/Bits-DB-P1
Opening Player-Data//16-DB-64/Bits-DB-P2
Opening Player-Data//16-DB-64/Bits-DB-P3
Opening Player-Data//16-DB-64/Bits-DB-P4
Opening Player-Data//16-DB-64/Bits-DB-P5
Opening Player-Data//16-DB-64/Bits-DB-P6
Opening Player-Data//16-DB-64/Bits-DB-P7
Opening Player-Data//16-DB-64/Bits-DB-P8
Opening Player-Data//16-DB-64/Bits-DB-P9
Opening Player-Data//16-DB-64/Bits-DB-P10
Opening Player-Data//16-DB-64/Bits-DB-P11
Opening Player-Data//16-DB-64/Bits-DB-P12
Opening Player-Data//16-DB-64/Bits-DB-P13
Opening Player-Data//16-DB-64/Bits-DB-P14
Opening Player-Data//16-DB-64/Bits-DB-P15
No MAC key share for player 0, generating a fresh ones
Written new MAC key share to Player-Data//16-T-64//Player-MAC-Keys-R-P0
 Key 0: 1356959813580
Written new MAC key share to Player-Data//16-T-64//Player-MAC-Keys-R-P1
 Key 1: 2145305568717
Written new MAC key share to Player-Data//16-T-64//Player-MAC-Keys-R-P2
 Key 2: 1361797000796
Written new MAC key share to Player-Data//16-T-64//Player-MAC-Keys-R-P3
 Key 3: 709271877485
Written new MAC key share to Player-Data//16-T-64//Player-MAC-Keys-R-P4
 Key 4: 775336474879
Written new MAC key share to Player-Data//16-T-64//Player-MAC-Keys-R-P5
 Key 5: 652505862301
Written new MAC key share to Player-Data//16-T-64//Player-MAC-Keys-R-P6
 Key 6: 1830560354778
Written new MAC key share to Player-Data//16-T-64//Player-MAC-Keys-R-P7
 Key 7: 21441122896
Written new MAC key share to Player-Data//16-T-64//Player-MAC-Keys-R-P8
 Key 8: 1851241348742
Written new MAC key share to Player-Data//16-T-64//Player-MAC-Keys-R-P9
 Key 9: 2168241886478
Written new MAC key share to Player-Data//16-T-64//Player-MAC-Keys-R-P10
 Key 10: 1747733972827
Written new MAC key share to Player-Data//16-T-64//Player-MAC-Keys-R-P11
 Key 11: 2021861886647
Written new MAC key share to Player-Data//16-T-64//Player-MAC-Keys-R-P12
 Key 12: 1613668940512
Written new MAC key share to Player-Data//16-T-64//Player-MAC-Keys-R-P13
 Key 13: 1528362149263
Written new MAC key share to Player-Data//16-T-64//Player-MAC-Keys-R-P14
 Key 14: 1054079334781
Written new MAC key share to Player-Data//16-T-64//Player-MAC-Keys-R-P15
 Key 15: 1841182845829
--------------
Final Key: 689317884991
Opening Player-Data//16-T-64/Triples-T-P0
Opening Player-Data//16-T-64/Triples-T-P1
Opening Player-Data//16-T-64/Triples-T-P2
Opening Player-Data//16-T-64/Triples-T-P3
Opening Player-Data//16-T-64/Triples-T-P4
Opening Player-Data//16-T-64/Triples-T-P5
Opening Player-Data//16-T-64/Triples-T-P6
Opening Player-Data//16-T-64/Triples-T-P7
Opening Player-Data//16-T-64/Triples-T-P8
Opening Player-Data//16-T-64/Triples-T-P9
Opening Player-Data//16-T-64/Triples-T-P10
Opening Player-Data//16-T-64/Triples-T-P11
Opening Player-Data//16-T-64/Triples-T-P12
Opening Player-Data//16-T-64/Triples-T-P13
Opening Player-Data//16-T-64/Triples-T-P14
Opening Player-Data//16-T-64/Triples-T-P15
Opening Player-Data//16-T-64/Bits-T-P0
Opening Player-Data//16-T-64/Bits-T-P1
Opening Player-Data//16-T-64/Bits-T-P2
Opening Player-Data//16-T-64/Bits-T-P3
Opening Player-Data//16-T-64/Bits-T-P4
Opening Player-Data//16-T-64/Bits-T-P5
Opening Player-Data//16-T-64/Bits-T-P6
Opening Player-Data//16-T-64/Bits-T-P7
Opening Player-Data//16-T-64/Bits-T-P8
Opening Player-Data//16-T-64/Bits-T-P9
Opening Player-Data//16-T-64/Bits-T-P10
Opening Player-Data//16-T-64/Bits-T-P11
Opening Player-Data//16-T-64/Bits-T-P12
Opening Player-Data//16-T-64/Bits-T-P13
Opening Player-Data//16-T-64/Bits-T-P14
Opening Player-Data//16-T-64/Bits-T-P15
Opening Player-Data//16-T-64/Inputs-T-P0-0
Opening Player-Data//16-T-64/Inputs-T-P1-0
Opening Player-Data//16-T-64/Inputs-T-P2-0
Opening Player-Data//16-T-64/Inputs-T-P3-0
Opening Player-Data//16-T-64/Inputs-T-P4-0
Opening Player-Data//16-T-64/Inputs-T-P5-0
Opening Player-Data//16-T-64/Inputs-T-P6-0
Opening Player-Data//16-T-64/Inputs-T-P7-0
Opening Player-Data//16-T-64/Inputs-T-P8-0
Opening Player-Data//16-T-64/Inputs-T-P9-0
Opening Player-Data//16-T-64/Inputs-T-P10-0
Opening Player-Data//16-T-64/Inputs-T-P11-0
Opening Player-Data//16-T-64/Inputs-T-P12-0
Opening Player-Data//16-T-64/Inputs-T-P13-0
Opening Player-Data//16-T-64/Inputs-T-P14-0
Opening Player-Data//16-T-64/Inputs-T-P15-0
Opening Player-Data//16-T-64/Inputs-T-P0-1
Opening Player-Data//16-T-64/Inputs-T-P1-1
Opening Player-Data//16-T-64/Inputs-T-P2-1
Opening Player-Data//16-T-64/Inputs-T-P3-1
Opening Player-Data//16-T-64/Inputs-T-P4-1
Opening Player-Data//16-T-64/Inputs-T-P5-1
Opening Player-Data//16-T-64/Inputs-T-P6-1
Opening Player-Data//16-T-64/Inputs-T-P7-1
Opening Player-Data//16-T-64/Inputs-T-P8-1
Opening Player-Data//16-T-64/Inputs-T-P9-1
Opening Player-Data//16-T-64/Inputs-T-P10-1
Opening Player-Data//16-T-64/Inputs-T-P11-1
Opening Player-Data//16-T-64/Inputs-T-P12-1
Opening Player-Data//16-T-64/Inputs-T-P13-1
Opening Player-Data//16-T-64/Inputs-T-P14-1
Opening Player-Data//16-T-64/Inputs-T-P15-1
Opening Player-Data//16-T-64/Inputs-T-P0-2
Opening Player-Data//16-T-64/Inputs-T-P1-2
Opening Player-Data//16-T-64/Inputs-T-P2-2
Opening Player-Data//16-T-64/Inputs-T-P3-2
Opening Player-Data//16-T-64/Inputs-T-P4-2
Opening Player-Data//16-T-64/Inputs-T-P5-2
Opening Player-Data//16-T-64/Inputs-T-P6-2
Opening Player-Data//16-T-64/Inputs-T-P7-2
Opening Player-Data//16-T-64/Inputs-T-P8-2
Opening Player-Data//16-T-64/Inputs-T-P9-2
Opening Player-Data//16-T-64/Inputs-T-P10-2
Opening Player-Data//16-T-64/Inputs-T-P11-2
Opening Player-Data//16-T-64/Inputs-T-P12-2
Opening Player-Data//16-T-64/Inputs-T-P13-2
Opening Player-Data//16-T-64/Inputs-T-P14-2
Opening Player-Data//16-T-64/Inputs-T-P15-2
Opening Player-Data//16-T-64/Inputs-T-P0-3
Opening Player-Data//16-T-64/Inputs-T-P1-3
Opening Player-Data//16-T-64/Inputs-T-P2-3
Opening Player-Data//16-T-64/Inputs-T-P3-3
Opening Player-Data//16-T-64/Inputs-T-P4-3
Opening Player-Data//16-T-64/Inputs-T-P5-3
Opening Player-Data//16-T-64/Inputs-T-P6-3
Opening Player-Data//16-T-64/Inputs-T-P7-3
Opening Player-Data//16-T-64/Inputs-T-P8-3
Opening Player-Data//16-T-64/Inputs-T-P9-3
Opening Player-Data//16-T-64/Inputs-T-P10-3
Opening Player-Data//16-T-64/Inputs-T-P11-3
Opening Player-Data//16-T-64/Inputs-T-P12-3
Opening Player-Data//16-T-64/Inputs-T-P13-3
Opening Player-Data//16-T-64/Inputs-T-P14-3
Opening Player-Data//16-T-64/Inputs-T-P15-3
Opening Player-Data//16-T-64/Inputs-T-P0-4
Opening Player-Data//16-T-64/Inputs-T-P1-4
Opening Player-Data//16-T-64/Inputs-T-P2-4
Opening Player-Data//16-T-64/Inputs-T-P3-4
Opening Player-Data//16-T-64/Inputs-T-P4-4
Opening Player-Data//16-T-64/Inputs-T-P5-4
Opening Player-Data//16-T-64/Inputs-T-P6-4
Opening Player-Data//16-T-64/Inputs-T-P7-4
Opening Player-Data//16-T-64/Inputs-T-P8-4
Opening Player-Data//16-T-64/Inputs-T-P9-4
Opening Player-Data//16-T-64/Inputs-T-P10-4
Opening Player-Data//16-T-64/Inputs-T-P11-4
Opening Player-Data//16-T-64/Inputs-T-P12-4
Opening Player-Data//16-T-64/Inputs-T-P13-4
Opening Player-Data//16-T-64/Inputs-T-P14-4
Opening Player-Data//16-T-64/Inputs-T-P15-4
Opening Player-Data//16-T-64/Inputs-T-P0-5
Opening Player-Data//16-T-64/Inputs-T-P1-5
Opening Player-Data//16-T-64/Inputs-T-P2-5
Opening Player-Data//16-T-64/Inputs-T-P3-5
Opening Player-Data//16-T-64/Inputs-T-P4-5
Opening Player-Data//16-T-64/Inputs-T-P5-5
Opening Player-Data//16-T-64/Inputs-T-P6-5
Opening Player-Data//16-T-64/Inputs-T-P7-5
Opening Player-Data//16-T-64/Inputs-T-P8-5
Opening Player-Data//16-T-64/Inputs-T-P9-5
Opening Player-Data//16-T-64/Inputs-T-P10-5
Opening Player-Data//16-T-64/Inputs-T-P11-5
Opening Player-Data//16-T-64/Inputs-T-P12-5
Opening Player-Data//16-T-64/Inputs-T-P13-5
Opening Player-Data//16-T-64/Inputs-T-P14-5
Opening Player-Data//16-T-64/Inputs-T-P15-5
Opening Player-Data//16-T-64/Inputs-T-P0-6
Opening Player-Data//16-T-64/Inputs-T-P1-6
Opening Player-Data//16-T-64/Inputs-T-P2-6
Opening Player-Data//16-T-64/Inputs-T-P3-6
Opening Player-Data//16-T-64/Inputs-T-P4-6
Opening Player-Data//16-T-64/Inputs-T-P5-6
Opening Player-Data//16-T-64/Inputs-T-P6-6
Opening Player-Data//16-T-64/Inputs-T-P7-6
Opening Player-Data//16-T-64/Inputs-T-P8-6
Opening Player-Data//16-T-64/Inputs-T-P9-6
Opening Player-Data//16-T-64/Inputs-T-P10-6
Opening Player-Data//16-T-64/Inputs-T-P11-6
Opening Player-Data//16-T-64/Inputs-T-P12-6
Opening Player-Data//16-T-64/Inputs-T-P13-6
Opening Player-Data//16-T-64/Inputs-T-P14-6
Opening Player-Data//16-T-64/Inputs-T-P15-6
Opening Player-Data//16-T-64/Inputs-T-P0-7
Opening Player-Data//16-T-64/Inputs-T-P1-7
Opening Player-Data//16-T-64/Inputs-T-P2-7
Opening Player-Data//16-T-64/Inputs-T-P3-7
Opening Player-Data//16-T-64/Inputs-T-P4-7
Opening Player-Data//16-T-64/Inputs-T-P5-7
Opening Player-Data//16-T-64/Inputs-T-P6-7
Opening Player-Data//16-T-64/Inputs-T-P7-7
Opening Player-Data//16-T-64/Inputs-T-P8-7
Opening Player-Data//16-T-64/Inputs-T-P9-7
Opening Player-Data//16-T-64/Inputs-T-P10-7
Opening Player-Data//16-T-64/Inputs-T-P11-7
Opening Player-Data//16-T-64/Inputs-T-P12-7
Opening Player-Data//16-T-64/Inputs-T-P13-7
Opening Player-Data//16-T-64/Inputs-T-P14-7
Opening Player-Data//16-T-64/Inputs-T-P15-7
Opening Player-Data//16-T-64/Inputs-T-P0-8
Opening Player-Data//16-T-64/Inputs-T-P1-8
Opening Player-Data//16-T-64/Inputs-T-P2-8
Opening Player-Data//16-T-64/Inputs-T-P3-8
Opening Player-Data//16-T-64/Inputs-T-P4-8
Opening Player-Data//16-T-64/Inputs-T-P5-8
Opening Player-Data//16-T-64/Inputs-T-P6-8
Opening Player-Data//16-T-64/Inputs-T-P7-8
Opening Player-Data//16-T-64/Inputs-T-P8-8
Opening Player-Data//16-T-64/Inputs-T-P9-8
Opening Player-Data//16-T-64/Inputs-T-P10-8
Opening Player-Data//16-T-64/Inputs-T-P11-8
Opening Player-Data//16-T-64/Inputs-T-P12-8
Opening Player-Data//16-T-64/Inputs-T-P13-8
Opening Player-Data//16-T-64/Inputs-T-P14-8
Opening Player-Data//16-T-64/Inputs-T-P15-8
Opening Player-Data//16-T-64/Inputs-T-P0-9
Opening Player-Data//16-T-64/Inputs-T-P1-9
Opening Player-Data//16-T-64/Inputs-T-P2-9
Opening Player-Data//16-T-64/Inputs-T-P3-9
Opening Player-Data//16-T-64/Inputs-T-P4-9
Opening Player-Data//16-T-64/Inputs-T-P5-9
Opening Player-Data//16-T-64/Inputs-T-P6-9
Opening Player-Data//16-T-64/Inputs-T-P7-9
Opening Player-Data//16-T-64/Inputs-T-P8-9
Opening Player-Data//16-T-64/Inputs-T-P9-9
Opening Player-Data//16-T-64/Inputs-T-P10-9
Opening Player-Data//16-T-64/Inputs-T-P11-9
Opening Player-Data//16-T-64/Inputs-T-P12-9
Opening Player-Data//16-T-64/Inputs-T-P13-9
Opening Player-Data//16-T-64/Inputs-T-P14-9
Opening Player-Data//16-T-64/Inputs-T-P15-9
Opening Player-Data//16-T-64/Inputs-T-P0-10
Opening Player-Data//16-T-64/Inputs-T-P1-10
Opening Player-Data//16-T-64/Inputs-T-P2-10
Opening Player-Data//16-T-64/Inputs-T-P3-10
Opening Player-Data//16-T-64/Inputs-T-P4-10
Opening Player-Data//16-T-64/Inputs-T-P5-10
Opening Player-Data//16-T-64/Inputs-T-P6-10
Opening Player-Data//16-T-64/Inputs-T-P7-10
Opening Player-Data//16-T-64/Inputs-T-P8-10
Opening Player-Data//16-T-64/Inputs-T-P9-10
Opening Player-Data//16-T-64/Inputs-T-P10-10
Opening Player-Data//16-T-64/Inputs-T-P11-10
Opening Player-Data//16-T-64/Inputs-T-P12-10
Opening Player-Data//16-T-64/Inputs-T-P13-10
Opening Player-Data//16-T-64/Inputs-T-P14-10
Opening Player-Data//16-T-64/Inputs-T-P15-10
Opening Player-Data//16-T-64/Inputs-T-P0-11
Opening Player-Data//16-T-64/Inputs-T-P1-11
Opening Player-Data//16-T-64/Inputs-T-P2-11
Opening Player-Data//16-T-64/Inputs-T-P3-11
Opening Player-Data//16-T-64/Inputs-T-P4-11
Opening Player-Data//16-T-64/Inputs-T-P5-11
Opening Player-Data//16-T-64/Inputs-T-P6-11
Opening Player-Data//16-T-64/Inputs-T-P7-11
Opening Player-Data//16-T-64/Inputs-T-P8-11
Opening Player-Data//16-T-64/Inputs-T-P9-11
Opening Player-Data//16-T-64/Inputs-T-P10-11
Opening Player-Data//16-T-64/Inputs-T-P11-11
Opening Player-Data//16-T-64/Inputs-T-P12-11
Opening Player-Data//16-T-64/Inputs-T-P13-11
Opening Player-Data//16-T-64/Inputs-T-P14-11
Opening Player-Data//16-T-64/Inputs-T-P15-11
Opening Player-Data//16-T-64/Inputs-T-P0-12
Opening Player-Data//16-T-64/Inputs-T-P1-12
Opening Player-Data//16-T-64/Inputs-T-P2-12
Opening Player-Data//16-T-64/Inputs-T-P3-12
Opening Player-Data//16-T-64/Inputs-T-P4-12
Opening Player-Data//16-T-64/Inputs-T-P5-12
Opening Player-Data//16-T-64/Inputs-T-P6-12
Opening Player-Data//16-T-64/Inputs-T-P7-12
Opening Player-Data//16-T-64/Inputs-T-P8-12
Opening Player-Data//16-T-64/Inputs-T-P9-12
Opening Player-Data//16-T-64/Inputs-T-P10-12
Opening Player-Data//16-T-64/Inputs-T-P11-12
Opening Player-Data//16-T-64/Inputs-T-P12-12
Opening Player-Data//16-T-64/Inputs-T-P13-12
Opening Player-Data//16-T-64/Inputs-T-P14-12
Opening Player-Data//16-T-64/Inputs-T-P15-12
Opening Player-Data//16-T-64/Inputs-T-P0-13
Opening Player-Data//16-T-64/Inputs-T-P1-13
Opening Player-Data//16-T-64/Inputs-T-P2-13
Opening Player-Data//16-T-64/Inputs-T-P3-13
Opening Player-Data//16-T-64/Inputs-T-P4-13
Opening Player-Data//16-T-64/Inputs-T-P5-13
Opening Player-Data//16-T-64/Inputs-T-P6-13
Opening Player-Data//16-T-64/Inputs-T-P7-13
Opening Player-Data//16-T-64/Inputs-T-P8-13
Opening Player-Data//16-T-64/Inputs-T-P9-13
Opening Player-Data//16-T-64/Inputs-T-P10-13
Opening Player-Data//16-T-64/Inputs-T-P11-13
Opening Player-Data//16-T-64/Inputs-T-P12-13
Opening Player-Data//16-T-64/Inputs-T-P13-13
Opening Player-Data//16-T-64/Inputs-T-P14-13
Opening Player-Data//16-T-64/Inputs-T-P15-13
Opening Player-Data//16-T-64/Inputs-T-P0-14
Opening Player-Data//16-T-64/Inputs-T-P1-14
Opening Player-Data//16-T-64/Inputs-T-P2-14
Opening Player-Data//16-T-64/Inputs-T-P3-14
Opening Player-Data//16-T-64/Inputs-T-P4-14
Opening Player-Data//16-T-64/Inputs-T-P5-14
Opening Player-Data//16-T-64/Inputs-T-P6-14
Opening Player-Data//16-T-64/Inputs-T-P7-14
Opening Player-Data//16-T-64/Inputs-T-P8-14
Opening Player-Data//16-T-64/Inputs-T-P9-14
Opening Player-Data//16-T-64/Inputs-T-P10-14
Opening Player-Data//16-T-64/Inputs-T-P11-14
Opening Player-Data//16-T-64/Inputs-T-P12-14
Opening Player-Data//16-T-64/Inputs-T-P13-14
Opening Player-Data//16-T-64/Inputs-T-P14-14
Opening Player-Data//16-T-64/Inputs-T-P15-14
Opening Player-Data//16-T-64/Inputs-T-P0-15
Opening Player-Data//16-T-64/Inputs-T-P1-15
Opening Player-Data//16-T-64/Inputs-T-P2-15
Opening Player-Data//16-T-64/Inputs-T-P3-15
Opening Player-Data//16-T-64/Inputs-T-P4-15
Opening Player-Data//16-T-64/Inputs-T-P5-15
Opening Player-Data//16-T-64/Inputs-T-P6-15
Opening Player-Data//16-T-64/Inputs-T-P7-15
Opening Player-Data//16-T-64/Inputs-T-P8-15
Opening Player-Data//16-T-64/Inputs-T-P9-15
Opening Player-Data//16-T-64/Inputs-T-P10-15
Opening Player-Data//16-T-64/Inputs-T-P11-15
Opening Player-Data//16-T-64/Inputs-T-P12-15
Opening Player-Data//16-T-64/Inputs-T-P13-15
Opening Player-Data//16-T-64/Inputs-T-P14-15
Opening Player-Data//16-T-64/Inputs-T-P15-15
No MAC key share for player 0, generating a fresh ones
Written new MAC key share to Player-Data//16-TT-8//Player-MAC-Keys-2-P0
 Key 0: 83d8acc79f
Written new MAC key share to Player-Data//16-TT-8//Player-MAC-Keys-2-P1
 Key 1: 821b187119
Written new MAC key share to Player-Data//16-TT-8//Player-MAC-Keys-2-P2
 Key 2: 200abf1237
Written new MAC key share to Player-Data//16-TT-8//Player-MAC-Keys-2-P3
 Key 3: fc9123a394
Written new MAC key share to Player-Data//16-TT-8//Player-MAC-Keys-2-P4
 Key 4: 15f4d26467
Written new MAC key share to Player-Data//16-TT-8//Player-MAC-Keys-2-P5
 Key 5: 1381e422fd
Written new MAC key share to Player-Data//16-TT-8//Player-MAC-Keys-2-P6
 Key 6: dec370bf20
Written new MAC key share to Player-Data//16-TT-8//Player-MAC-Keys-2-P7
 Key 7: 686048447d
Written new MAC key share to Player-Data//16-TT-8//Player-MAC-Keys-2-P8
 Key 8: ad6e6982b
Written new MAC key share to Player-Data//16-TT-8//Player-MAC-Keys-2-P9
 Key 9: b2ae80e723
Written new MAC key share to Player-Data//16-TT-8//Player-MAC-Keys-2-P10
 Key 10: c46133001b
Written new MAC key share to Player-Data//16-TT-8//Player-MAC-Keys-2-P11
 Key 11: f4ab22c1fe
Written new MAC key share to Player-Data//16-TT-8//Player-MAC-Keys-2-P12
 Key 12: ea21b74e71
Written new MAC key share to Player-Data//16-TT-8//Player-MAC-Keys-2-P13
 Key 13: 61d6263821
Written new MAC key share to Player-Data//16-TT-8//Player-MAC-Keys-2-P14
 Key 14: e9ab041e5
Written new MAC key share to Player-Data//16-TT-8//Player-MAC-Keys-2-P15
 Key 15: 9b20936955
--------------
Final Key: fb71e35aef
Opening Player-Data//16-TT-8/Triples-TT-P0
Opening Player-Data//16-TT-8/Triples-TT-P1
Opening Player-Data//16-TT-8/Triples-TT-P2
Opening Player-Data//16-TT-8/Triples-TT-P3
Opening Player-Data//16-TT-8/Triples-TT-P4
Opening Player-Data//16-TT-8/Triples-TT-P5
Opening Player-Data//16-TT-8/Triples-TT-P6
Opening Player-Data//16-TT-8/Triples-TT-P7
Opening Player-Data//16-TT-8/Triples-TT-P8
Opening Player-Data//16-TT-8/Triples-TT-P9
Opening Player-Data//16-TT-8/Triples-TT-P10
Opening Player-Data//16-TT-8/Triples-TT-P11
Opening Player-Data//16-TT-8/Triples-TT-P12
Opening Player-Data//16-TT-8/Triples-TT-P13
Opening Player-Data//16-TT-8/Triples-TT-P14
Opening Player-Data//16-TT-8/Triples-TT-P15
Opening Player-Data//16-TT-8/Bits-TT-P0
Opening Player-Data//16-TT-8/Bits-TT-P1
Opening Player-Data//16-TT-8/Bits-TT-P2
Opening Player-Data//16-TT-8/Bits-TT-P3
Opening Player-Data//16-TT-8/Bits-TT-P4
Opening Player-Data//16-TT-8/Bits-TT-P5
Opening Player-Data//16-TT-8/Bits-TT-P6
Opening Player-Data//16-TT-8/Bits-TT-P7
Opening Player-Data//16-TT-8/Bits-TT-P8
Opening Player-Data//16-TT-8/Bits-TT-P9
Opening Player-Data//16-TT-8/Bits-TT-P10
Opening Player-Data//16-TT-8/Bits-TT-P11
Opening Player-Data//16-TT-8/Bits-TT-P12
Opening Player-Data//16-TT-8/Bits-TT-P13
Opening Player-Data//16-TT-8/Bits-TT-P14
Opening Player-Data//16-TT-8/Bits-TT-P15
Opening Player-Data//16-TT-8/Inputs-TT-P0-0
Opening Player-Data//16-TT-8/Inputs-TT-P1-0
Opening Player-Data//16-TT-8/Inputs-TT-P2-0
Opening Player-Data//16-TT-8/Inputs-TT-P3-0
Opening Player-Data//16-TT-8/Inputs-TT-P4-0
Opening Player-Data//16-TT-8/Inputs-TT-P5-0
Opening Player-Data//16-TT-8/Inputs-TT-P6-0
Opening Player-Data//16-TT-8/Inputs-TT-P7-0
Opening Player-Data//16-TT-8/Inputs-TT-P8-0
Opening Player-Data//16-TT-8/Inputs-TT-P9-0
Opening Player-Data//16-TT-8/Inputs-TT-P10-0
Opening Player-Data//16-TT-8/Inputs-TT-P11-0
Opening Player-Data//16-TT-8/Inputs-TT-P12-0
Opening Player-Data//16-TT-8/Inputs-TT-P13-0
Opening Player-Data//16-TT-8/Inputs-TT-P14-0
Opening Player-Data//16-TT-8/Inputs-TT-P15-0
Opening Player-Data//16-TT-8/Inputs-TT-P0-1
Opening Player-Data//16-TT-8/Inputs-TT-P1-1
Opening Player-Data//16-TT-8/Inputs-TT-P2-1
Opening Player-Data//16-TT-8/Inputs-TT-P3-1
Opening Player-Data//16-TT-8/Inputs-TT-P4-1
Opening Player-Data//16-TT-8/Inputs-TT-P5-1
Opening Player-Data//16-TT-8/Inputs-TT-P6-1
Opening Player-Data//16-TT-8/Inputs-TT-P7-1
Opening Player-Data//16-TT-8/Inputs-TT-P8-1
Opening Player-Data//16-TT-8/Inputs-TT-P9-1
Opening Player-Data//16-TT-8/Inputs-TT-P10-1
Opening Player-Data//16-TT-8/Inputs-TT-P11-1
Opening Player-Data//16-TT-8/Inputs-TT-P12-1
Opening Player-Data//16-TT-8/Inputs-TT-P13-1
Opening Player-Data//16-TT-8/Inputs-TT-P14-1
Opening Player-Data//16-TT-8/Inputs-TT-P15-1
Opening Player-Data//16-TT-8/Inputs-TT-P0-2
Opening Player-Data//16-TT-8/Inputs-TT-P1-2
Opening Player-Data//16-TT-8/Inputs-TT-P2-2
Opening Player-Data//16-TT-8/Inputs-TT-P3-2
Opening Player-Data//16-TT-8/Inputs-TT-P4-2
Opening Player-Data//16-TT-8/Inputs-TT-P5-2
Opening Player-Data//16-TT-8/Inputs-TT-P6-2
Opening Player-Data//16-TT-8/Inputs-TT-P7-2
Opening Player-Data//16-TT-8/Inputs-TT-P8-2
Opening Player-Data//16-TT-8/Inputs-TT-P9-2
Opening Player-Data//16-TT-8/Inputs-TT-P10-2
Opening Player-Data//16-TT-8/Inputs-TT-P11-2
Opening Player-Data//16-TT-8/Inputs-TT-P12-2
Opening Player-Data//16-TT-8/Inputs-TT-P13-2
Opening Player-Data//16-TT-8/Inputs-TT-P14-2
Opening Player-Data//16-TT-8/Inputs-TT-P15-2
Opening Player-Data//16-TT-8/Inputs-TT-P0-3
Opening Player-Data//16-TT-8/Inputs-TT-P1-3
Opening Player-Data//16-TT-8/Inputs-TT-P2-3
Opening Player-Data//16-TT-8/Inputs-TT-P3-3
Opening Player-Data//16-TT-8/Inputs-TT-P4-3
Opening Player-Data//16-TT-8/Inputs-TT-P5-3
Opening Player-Data//16-TT-8/Inputs-TT-P6-3
Opening Player-Data//16-TT-8/Inputs-TT-P7-3
Opening Player-Data//16-TT-8/Inputs-TT-P8-3
Opening Player-Data//16-TT-8/Inputs-TT-P9-3
Opening Player-Data//16-TT-8/Inputs-TT-P10-3
Opening Player-Data//16-TT-8/Inputs-TT-P11-3
Opening Player-Data//16-TT-8/Inputs-TT-P12-3
Opening Player-Data//16-TT-8/Inputs-TT-P13-3
Opening Player-Data//16-TT-8/Inputs-TT-P14-3
Opening Player-Data//16-TT-8/Inputs-TT-P15-3
Opening Player-Data//16-TT-8/Inputs-TT-P0-4
Opening Player-Data//16-TT-8/Inputs-TT-P1-4
Opening Player-Data//16-TT-8/Inputs-TT-P2-4
Opening Player-Data//16-TT-8/Inputs-TT-P3-4
Opening Player-Data//16-TT-8/Inputs-TT-P4-4
Opening Player-Data//16-TT-8/Inputs-TT-P5-4
Opening Player-Data//16-TT-8/Inputs-TT-P6-4
Opening Player-Data//16-TT-8/Inputs-TT-P7-4
Opening Player-Data//16-TT-8/Inputs-TT-P8-4
Opening Player-Data//16-TT-8/Inputs-TT-P9-4
Opening Player-Data//16-TT-8/Inputs-TT-P10-4
Opening Player-Data//16-TT-8/Inputs-TT-P11-4
Opening Player-Data//16-TT-8/Inputs-TT-P12-4
Opening Player-Data//16-TT-8/Inputs-TT-P13-4
Opening Player-Data//16-TT-8/Inputs-TT-P14-4
Opening Player-Data//16-TT-8/Inputs-TT-P15-4
Opening Player-Data//16-TT-8/Inputs-TT-P0-5
Opening Player-Data//16-TT-8/Inputs-TT-P1-5
Opening Player-Data//16-TT-8/Inputs-TT-P2-5
Opening Player-Data//16-TT-8/Inputs-TT-P3-5
Opening Player-Data//16-TT-8/Inputs-TT-P4-5
Opening Player-Data//16-TT-8/Inputs-TT-P5-5
Opening Player-Data//16-TT-8/Inputs-TT-P6-5
Opening Player-Data//16-TT-8/Inputs-TT-P7-5
Opening Player-Data//16-TT-8/Inputs-TT-P8-5
Opening Player-Data//16-TT-8/Inputs-TT-P9-5
Opening Player-Data//16-TT-8/Inputs-TT-P10-5
Opening Player-Data//16-TT-8/Inputs-TT-P11-5
Opening Player-Data//16-TT-8/Inputs-TT-P12-5
Opening Player-Data//16-TT-8/Inputs-TT-P13-5
Opening Player-Data//16-TT-8/Inputs-TT-P14-5
Opening Player-Data//16-TT-8/Inputs-TT-P15-5
Opening Player-Data//16-TT-8/Inputs-TT-P0-6
Opening Player-Data//16-TT-8/Inputs-TT-P1-6
Opening Player-Data//16-TT-8/Inputs-TT-P2-6
Opening Player-Data//16-TT-8/Inputs-TT-P3-6
Opening Player-Data//16-TT-8/Inputs-TT-P4-6
Opening Player-Data//16-TT-8/Inputs-TT-P5-6
Opening Player-Data//16-TT-8/Inputs-TT-P6-6
Opening Player-Data//16-TT-8/Inputs-TT-P7-6
Opening Player-Data//16-TT-8/Inputs-TT-P8-6
Opening Player-Data//16-TT-8/Inputs-TT-P9-6
Opening Player-Data//16-TT-8/Inputs-TT-P10-6
Opening Player-Data//16-TT-8/Inputs-TT-P11-6
Opening Player-Data//16-TT-8/Inputs-TT-P12-6
Opening Player-Data//16-TT-8/Inputs-TT-P13-6
Opening Player-Data//16-TT-8/Inputs-TT-P14-6
Opening Player-Data//16-TT-8/Inputs-TT-P15-6
Opening Player-Data//16-TT-8/Inputs-TT-P0-7
Opening Player-Data//16-TT-8/Inputs-TT-P1-7
Opening Player-Data//16-TT-8/Inputs-TT-P2-7
Opening Player-Data//16-TT-8/Inputs-TT-P3-7
Opening Player-Data//16-TT-8/Inputs-TT-P4-7
Opening Player-Data//16-TT-8/Inputs-TT-P5-7
Opening Player-Data//16-TT-8/Inputs-TT-P6-7
Opening Player-Data//16-TT-8/Inputs-TT-P7-7
Opening Player-Data//16-TT-8/Inputs-TT-P8-7
Opening Player-Data//16-TT-8/Inputs-TT-P9-7
Opening Player-Data//16-TT-8/Inputs-TT-P10-7
Opening Player-Data//16-TT-8/Inputs-TT-P11-7
Opening Player-Data//16-TT-8/Inputs-TT-P12-7
Opening Player-Data//16-TT-8/Inputs-TT-P13-7
Opening Player-Data//16-TT-8/Inputs-TT-P14-7
Opening Player-Data//16-TT-8/Inputs-TT-P15-7
Opening Player-Data//16-TT-8/Inputs-TT-P0-8
Opening Player-Data//16-TT-8/Inputs-TT-P1-8
Opening Player-Data//16-TT-8/Inputs-TT-P2-8
Opening Player-Data//16-TT-8/Inputs-TT-P3-8
Opening Player-Data//16-TT-8/Inputs-TT-P4-8
Opening Player-Data//16-TT-8/Inputs-TT-P5-8
Opening Player-Data//16-TT-8/Inputs-TT-P6-8
Opening Player-Data//16-TT-8/Inputs-TT-P7-8
Opening Player-Data//16-TT-8/Inputs-TT-P8-8
Opening Player-Data//16-TT-8/Inputs-TT-P9-8
Opening Player-Data//16-TT-8/Inputs-TT-P10-8
Opening Player-Data//16-TT-8/Inputs-TT-P11-8
Opening Player-Data//16-TT-8/Inputs-TT-P12-8
Opening Player-Data//16-TT-8/Inputs-TT-P13-8
Opening Player-Data//16-TT-8/Inputs-TT-P14-8
Opening Player-Data//16-TT-8/Inputs-TT-P15-8
Opening Player-Data//16-TT-8/Inputs-TT-P0-9
Opening Player-Data//16-TT-8/Inputs-TT-P1-9
Opening Player-Data//16-TT-8/Inputs-TT-P2-9
Opening Player-Data//16-TT-8/Inputs-TT-P3-9
Opening Player-Data//16-TT-8/Inputs-TT-P4-9
Opening Player-Data//16-TT-8/Inputs-TT-P5-9
Opening Player-Data//16-TT-8/Inputs-TT-P6-9
Opening Player-Data//16-TT-8/Inputs-TT-P7-9
Opening Player-Data//16-TT-8/Inputs-TT-P8-9
Opening Player-Data//16-TT-8/Inputs-TT-P9-9
Opening Player-Data//16-TT-8/Inputs-TT-P10-9
Opening Player-Data//16-TT-8/Inputs-TT-P11-9
Opening Player-Data//16-TT-8/Inputs-TT-P12-9
Opening Player-Data//16-TT-8/Inputs-TT-P13-9
Opening Player-Data//16-TT-8/Inputs-TT-P14-9
Opening Player-Data//16-TT-8/Inputs-TT-P15-9
Opening Player-Data//16-TT-8/Inputs-TT-P0-10
Opening Player-Data//16-TT-8/Inputs-TT-P1-10
Opening Player-Data//16-TT-8/Inputs-TT-P2-10
Opening Player-Data//16-TT-8/Inputs-TT-P3-10
Opening Player-Data//16-TT-8/Inputs-TT-P4-10
Opening Player-Data//16-TT-8/Inputs-TT-P5-10
Opening Player-Data//16-TT-8/Inputs-TT-P6-10
Opening Player-Data//16-TT-8/Inputs-TT-P7-10
Opening Player-Data//16-TT-8/Inputs-TT-P8-10
Opening Player-Data//16-TT-8/Inputs-TT-P9-10
Opening Player-Data//16-TT-8/Inputs-TT-P10-10
Opening Player-Data//16-TT-8/Inputs-TT-P11-10
Opening Player-Data//16-TT-8/Inputs-TT-P12-10
Opening Player-Data//16-TT-8/Inputs-TT-P13-10
Opening Player-Data//16-TT-8/Inputs-TT-P14-10
Opening Player-Data//16-TT-8/Inputs-TT-P15-10
Opening Player-Data//16-TT-8/Inputs-TT-P0-11
Opening Player-Data//16-TT-8/Inputs-TT-P1-11
Opening Player-Data//16-TT-8/Inputs-TT-P2-11
Opening Player-Data//16-TT-8/Inputs-TT-P3-11
Opening Player-Data//16-TT-8/Inputs-TT-P4-11
Opening Player-Data//16-TT-8/Inputs-TT-P5-11
Opening Player-Data//16-TT-8/Inputs-TT-P6-11
Opening Player-Data//16-TT-8/Inputs-TT-P7-11
Opening Player-Data//16-TT-8/Inputs-TT-P8-11
Opening Player-Data//16-TT-8/Inputs-TT-P9-11
Opening Player-Data//16-TT-8/Inputs-TT-P10-11
Opening Player-Data//16-TT-8/Inputs-TT-P11-11
Opening Player-Data//16-TT-8/Inputs-TT-P12-11
Opening Player-Data//16-TT-8/Inputs-TT-P13-11
Opening Player-Data//16-TT-8/Inputs-TT-P14-11
Opening Player-Data//16-TT-8/Inputs-TT-P15-11
Opening Player-Data//16-TT-8/Inputs-TT-P0-12
Opening Player-Data//16-TT-8/Inputs-TT-P1-12
Opening Player-Data//16-TT-8/Inputs-TT-P2-12
Opening Player-Data//16-TT-8/Inputs-TT-P3-12
Opening Player-Data//16-TT-8/Inputs-TT-P4-12
Opening Player-Data//16-TT-8/Inputs-TT-P5-12
Opening Player-Data//16-TT-8/Inputs-TT-P6-12
Opening Player-Data//16-TT-8/Inputs-TT-P7-12
Opening Player-Data//16-TT-8/Inputs-TT-P8-12
Opening Player-Data//16-TT-8/Inputs-TT-P9-12
Opening Player-Data//16-TT-8/Inputs-TT-P10-12
Opening Player-Data//16-TT-8/Inputs-TT-P11-12
Opening Player-Data//16-TT-8/Inputs-TT-P12-12
Opening Player-Data//16-TT-8/Inputs-TT-P13-12
Opening Player-Data//16-TT-8/Inputs-TT-P14-12
Opening Player-Data//16-TT-8/Inputs-TT-P15-12
Opening Player-Data//16-TT-8/Inputs-TT-P0-13
Opening Player-Data//16-TT-8/Inputs-TT-P1-13
Opening Player-Data//16-TT-8/Inputs-TT-P2-13
Opening Player-Data//16-TT-8/Inputs-TT-P3-13
Opening Player-Data//16-TT-8/Inputs-TT-P4-13
Opening Player-Data//16-TT-8/Inputs-TT-P5-13
Opening Player-Data//16-TT-8/Inputs-TT-P6-13
Opening Player-Data//16-TT-8/Inputs-TT-P7-13
Opening Player-Data//16-TT-8/Inputs-TT-P8-13
Opening Player-Data//16-TT-8/Inputs-TT-P9-13
Opening Player-Data//16-TT-8/Inputs-TT-P10-13
Opening Player-Data//16-TT-8/Inputs-TT-P11-13
Opening Player-Data//16-TT-8/Inputs-TT-P12-13
Opening Player-Data//16-TT-8/Inputs-TT-P13-13
Opening Player-Data//16-TT-8/Inputs-TT-P14-13
Opening Player-Data//16-TT-8/Inputs-TT-P15-13
Opening Player-Data//16-TT-8/Inputs-TT-P0-14
Opening Player-Data//16-TT-8/Inputs-TT-P1-14
Opening Player-Data//16-TT-8/Inputs-TT-P2-14
Opening Player-Data//16-TT-8/Inputs-TT-P3-14
Opening Player-Data//16-TT-8/Inputs-TT-P4-14
Opening Player-Data//16-TT-8/Inputs-TT-P5-14
Opening Player-Data//16-TT-8/Inputs-TT-P6-14
Opening Player-Data//16-TT-8/Inputs-TT-P7-14
Opening Player-Data//16-TT-8/Inputs-TT-P8-14
Opening Player-Data//16-TT-8/Inputs-TT-P9-14
Opening Player-Data//16-TT-8/Inputs-TT-P10-14
Opening Player-Data//16-TT-8/Inputs-TT-P11-14
Opening Player-Data//16-TT-8/Inputs-TT-P12-14
Opening Player-Data//16-TT-8/Inputs-TT-P13-14
Opening Player-Data//16-TT-8/Inputs-TT-P14-14
Opening Player-Data//16-TT-8/Inputs-TT-P15-14
Opening Player-Data//16-TT-8/Inputs-TT-P0-15
Opening Player-Data//16-TT-8/Inputs-TT-P1-15
Opening Player-Data//16-TT-8/Inputs-TT-P2-15
Opening Player-Data//16-TT-8/Inputs-TT-P3-15
Opening Player-Data//16-TT-8/Inputs-TT-P4-15
Opening Player-Data//16-TT-8/Inputs-TT-P5-15
Opening Player-Data//16-TT-8/Inputs-TT-P6-15
Opening Player-Data//16-TT-8/Inputs-TT-P7-15
Opening Player-Data//16-TT-8/Inputs-TT-P8-15
Opening Player-Data//16-TT-8/Inputs-TT-P9-15
Opening Player-Data//16-TT-8/Inputs-TT-P10-15
Opening Player-Data//16-TT-8/Inputs-TT-P11-15
Opening Player-Data//16-TT-8/Inputs-TT-P12-15
Opening Player-Data//16-TT-8/Inputs-TT-P13-15
Opening Player-Data//16-TT-8/Inputs-TT-P14-15
Opening Player-Data//16-TT-8/Inputs-TT-P15-15
Opening Player-Data//16-Z64,64-64/daBits-Z64,64-P0
Opening Player-Data//16-Z64,64-64/daBits-Z64,64-P1
Opening Player-Data//16-Z64,64-64/daBits-Z64,64-P2
Opening Player-Data//16-Z64,64-64/daBits-Z64,64-P3
Opening Player-Data//16-Z64,64-64/daBits-Z64,64-P4
Opening Player-Data//16-Z64,64-64/daBits-Z64,64-P5
Opening Player-Data//16-Z64,64-64/daBits-Z64,64-P6
Opening Player-Data//16-Z64,64-64/daBits-Z64,64-P7
Opening Player-Data//16-Z64,64-64/daBits-Z64,64-P8
Opening Player-Data//16-Z64,64-64/daBits-Z64,64-P9
Opening Player-Data//16-Z64,64-64/daBits-Z64,64-P10
Opening Player-Data//16-Z64,64-64/daBits-Z64,64-P11
Opening Player-Data//16-Z64,64-64/daBits-Z64,64-P12
Opening Player-Data//16-Z64,64-64/daBits-Z64,64-P13
Opening Player-Data//16-Z64,64-64/daBits-Z64,64-P14
Opening Player-Data//16-Z64,64-64/daBits-Z64,64-P15
Opening Player-Data//16-MS2-8/Triples-MS2-P0
Opening Player-Data//16-MS2-8/Triples-MS2-P1
Opening Player-Data//16-MS2-8/Triples-MS2-P2
Opening Player-Data//16-MS2-8/Triples-MS2-P3
Opening Player-Data//16-MS2-8/Triples-MS2-P4
Opening Player-Data//16-MS2-8/Triples-MS2-P5
Opening Player-Data//16-MS2-8/Triples-MS2-P6
Opening Player-Data//16-MS2-8/Triples-MS2-P7
Opening Player-Data//16-MS2-8/Triples-MS2-P8
Opening Player-Data//16-MS2-8/Triples-MS2-P9
Opening Player-Data//16-MS2-8/Triples-MS2-P10
Opening Player-Data//16-MS2-8/Triples-MS2-P11
Opening Player-Data//16-MS2-8/Triples-MS2-P12
Opening Player-Data//16-MS2-8/Triples-MS2-P13
Opening Player-Data//16-MS2-8/Triples-MS2-P14
Opening Player-Data//16-MS2-8/Triples-MS2-P15
Opening Player-Data//16-MS2-8/Bits-MS2-P0
Opening Player-Data//16-MS2-8/Bits-MS2-P1
Opening Player-Data//16-MS2-8/Bits-MS2-P2
Opening Player-Data//16-MS2-8/Bits-MS2-P3
Opening Player-Data//16-MS2-8/Bits-MS2-P4
Opening Player-Data//16-MS2-8/Bits-MS2-P5
Opening Player-Data//16-MS2-8/Bits-MS2-P6
Opening Player-Data//16-MS2-8/Bits-MS2-P7
Opening Player-Data//16-MS2-8/Bits-MS2-P8
Opening Player-Data//16-MS2-8/Bits-MS2-P9
Opening Player-Data//16-MS2-8/Bits-MS2-P10
Opening Player-Data//16-MS2-8/Bits-MS2-P11
Opening Player-Data//16-MS2-8/Bits-MS2-P12
Opening Player-Data//16-MS2-8/Bits-MS2-P13
Opening Player-Data//16-MS2-8/Bits-MS2-P14
Opening Player-Data//16-MS2-8/Bits-MS2-P15
Opening Player-Data//16-D2-128/Triples-D2-P0
Opening Player-Data//16-D2-128/Triples-D2-P1
Opening Player-Data//16-D2-128/Triples-D2-P2
Opening Player-Data//16-D2-128/Triples-D2-P3
Opening Player-Data//16-D2-128/Triples-D2-P4
Opening Player-Data//16-D2-128/Triples-D2-P5
Opening Player-Data//16-D2-128/Triples-D2-P6
Opening Player-Data//16-D2-128/Triples-D2-P7
Opening Player-Data//16-D2-128/Triples-D2-P8
Opening Player-Data//16-D2-128/Triples-D2-P9
Opening Player-Data//16-D2-128/Triples-D2-P10
Opening Player-Data//16-D2-128/Triples-D2-P11
Opening Player-Data//16-D2-128/Triples-D2-P12
Opening Player-Data//16-D2-128/Triples-D2-P13
Opening Player-Data//16-D2-128/Triples-D2-P14
Opening Player-Data//16-D2-128/Triples-D2-P15
Opening Player-Data//16-D2-128/Bits-D2-P0
Opening Player-Data//16-D2-128/Bits-D2-P1
Opening Player-Data//16-D2-128/Bits-D2-P2
Opening Player-Data//16-D2-128/Bits-D2-P3
Opening Player-Data//16-D2-128/Bits-D2-P4
Opening Player-Data//16-D2-128/Bits-D2-P5
Opening Player-Data//16-D2-128/Bits-D2-P6
Opening Player-Data//16-D2-128/Bits-D2-P7
Opening Player-Data//16-D2-128/Bits-D2-P8
Opening Player-Data//16-D2-128/Bits-D2-P9
Opening Player-Data//16-D2-128/Bits-D2-P10
Opening Player-Data//16-D2-128/Bits-D2-P11
Opening Player-Data//16-D2-128/Bits-D2-P12
Opening Player-Data//16-D2-128/Bits-D2-P13
Opening Player-Data//16-D2-128/Bits-D2-P14
Opening Player-Data//16-D2-128/Bits-D2-P15
Opening Player-Data//16-D2-128/Inputs-D2-P0-0
Opening Player-Data//16-D2-128/Inputs-D2-P1-0
Opening Player-Data//16-D2-128/Inputs-D2-P2-0
Opening Player-Data//16-D2-128/Inputs-D2-P3-0
Opening Player-Data//16-D2-128/Inputs-D2-P4-0
Opening Player-Data//16-D2-128/Inputs-D2-P5-0
Opening Player-Data//16-D2-128/Inputs-D2-P6-0
Opening Player-Data//16-D2-128/Inputs-D2-P7-0
Opening Player-Data//16-D2-128/Inputs-D2-P8-0
Opening Player-Data//16-D2-128/Inputs-D2-P9-0
Opening Player-Data//16-D2-128/Inputs-D2-P10-0
Opening Player-Data//16-D2-128/Inputs-D2-P11-0
Opening Player-Data//16-D2-128/Inputs-D2-P12-0
Opening Player-Data//16-D2-128/Inputs-D2-P13-0
Opening Player-Data//16-D2-128/Inputs-D2-P14-0
Opening Player-Data//16-D2-128/Inputs-D2-P15-0
Opening Player-Data//16-D2-128/Inputs-D2-P0-1
Opening Player-Data//16-D2-128/Inputs-D2-P1-1
Opening Player-Data//16-D2-128/Inputs-D2-P2-1
Opening Player-Data//16-D2-128/Inputs-D2-P3-1
Opening Player-Data//16-D2-128/Inputs-D2-P4-1
Opening Player-Data//16-D2-128/Inputs-D2-P5-1
Opening Player-Data//16-D2-128/Inputs-D2-P6-1
Opening Player-Data//16-D2-128/Inputs-D2-P7-1
Opening Player-Data//16-D2-128/Inputs-D2-P8-1
Opening Player-Data//16-D2-128/Inputs-D2-P9-1
Opening Player-Data//16-D2-128/Inputs-D2-P10-1
Opening Player-Data//16-D2-128/Inputs-D2-P11-1
Opening Player-Data//16-D2-128/Inputs-D2-P12-1
Opening Player-Data//16-D2-128/Inputs-D2-P13-1
Opening Player-Data//16-D2-128/Inputs-D2-P14-1
Opening Player-Data//16-D2-128/Inputs-D2-P15-1
Opening Player-Data//16-D2-128/Inputs-D2-P0-2
Opening Player-Data//16-D2-128/Inputs-D2-P1-2
Opening Player-Data//16-D2-128/Inputs-D2-P2-2
Opening Player-Data//16-D2-128/Inputs-D2-P3-2
Opening Player-Data//16-D2-128/Inputs-D2-P4-2
Opening Player-Data//16-D2-128/Inputs-D2-P5-2
Opening Player-Data//16-D2-128/Inputs-D2-P6-2
Opening Player-Data//16-D2-128/Inputs-D2-P7-2
Opening Player-Data//16-D2-128/Inputs-D2-P8-2
Opening Player-Data//16-D2-128/Inputs-D2-P9-2
Opening Player-Data//16-D2-128/Inputs-D2-P10-2
Opening Player-Data//16-D2-128/Inputs-D2-P11-2
Opening Player-Data//16-D2-128/Inputs-D2-P12-2
Opening Player-Data//16-D2-128/Inputs-D2-P13-2
Opening Player-Data//16-D2-128/Inputs-D2-P14-2
Opening Player-Data//16-D2-128/Inputs-D2-P15-2
Opening Player-Data//16-D2-128/Inputs-D2-P0-3
Opening Player-Data//16-D2-128/Inputs-D2-P1-3
Opening Player-Data//16-D2-128/Inputs-D2-P2-3
Opening Player-Data//16-D2-128/Inputs-D2-P3-3
Opening Player-Data//16-D2-128/Inputs-D2-P4-3
Opening Player-Data//16-D2-128/Inputs-D2-P5-3
Opening Player-Data//16-D2-128/Inputs-D2-P6-3
Opening Player-Data//16-D2-128/Inputs-D2-P7-3
Opening Player-Data//16-D2-128/Inputs-D2-P8-3
Opening Player-Data//16-D2-128/Inputs-D2-P9-3
Opening Player-Data//16-D2-128/Inputs-D2-P10-3
Opening Player-Data//16-D2-128/Inputs-D2-P11-3
Opening Player-Data//16-D2-128/Inputs-D2-P12-3
Opening Player-Data//16-D2-128/Inputs-D2-P13-3
Opening Player-Data//16-D2-128/Inputs-D2-P14-3
Opening Player-Data//16-D2-128/Inputs-D2-P15-3
Opening Player-Data//16-D2-128/Inputs-D2-P0-4
Opening Player-Data//16-D2-128/Inputs-D2-P1-4
Opening Player-Data//16-D2-128/Inputs-D2-P2-4
Opening Player-Data//16-D2-128/Inputs-D2-P3-4
Opening Player-Data//16-D2-128/Inputs-D2-P4-4
Opening Player-Data//16-D2-128/Inputs-D2-P5-4
Opening Player-Data//16-D2-128/Inputs-D2-P6-4
Opening Player-Data//16-D2-128/Inputs-D2-P7-4
Opening Player-Data//16-D2-128/Inputs-D2-P8-4
Opening Player-Data//16-D2-128/Inputs-D2-P9-4
Opening Player-Data//16-D2-128/Inputs-D2-P10-4
Opening Player-Data//16-D2-128/Inputs-D2-P11-4
Opening Player-Data//16-D2-128/Inputs-D2-P12-4
Opening Player-Data//16-D2-128/Inputs-D2-P13-4
Opening Player-Data//16-D2-128/Inputs-D2-P14-4
Opening Player-Data//16-D2-128/Inputs-D2-P15-4
Opening Player-Data//16-D2-128/Inputs-D2-P0-5
Opening Player-Data//16-D2-128/Inputs-D2-P1-5
Opening Player-Data//16-D2-128/Inputs-D2-P2-5
Opening Player-Data//16-D2-128/Inputs-D2-P3-5
Opening Player-Data//16-D2-128/Inputs-D2-P4-5
Opening Player-Data//16-D2-128/Inputs-D2-P5-5
Opening Player-Data//16-D2-128/Inputs-D2-P6-5
Opening Player-Data//16-D2-128/Inputs-D2-P7-5
Opening Player-Data//16-D2-128/Inputs-D2-P8-5
Opening Player-Data//16-D2-128/Inputs-D2-P9-5
Opening Player-Data//16-D2-128/Inputs-D2-P10-5
Opening Player-Data//16-D2-128/Inputs-D2-P11-5
Opening Player-Data//16-D2-128/Inputs-D2-P12-5
Opening Player-Data//16-D2-128/Inputs-D2-P13-5
Opening Player-Data//16-D2-128/Inputs-D2-P14-5
Opening Player-Data//16-D2-128/Inputs-D2-P15-5
Opening Player-Data//16-D2-128/Inputs-D2-P0-6
Opening Player-Data//16-D2-128/Inputs-D2-P1-6
Opening Player-Data//16-D2-128/Inputs-D2-P2-6
Opening Player-Data//16-D2-128/Inputs-D2-P3-6
Opening Player-Data//16-D2-128/Inputs-D2-P4-6
Opening Player-Data//16-D2-128/Inputs-D2-P5-6
Opening Player-Data//16-D2-128/Inputs-D2-P6-6
Opening Player-Data//16-D2-128/Inputs-D2-P7-6
Opening Player-Data//16-D2-128/Inputs-D2-P8-6
Opening Player-Data//16-D2-128/Inputs-D2-P9-6
Opening Player-Data//16-D2-128/Inputs-D2-P10-6
Opening Player-Data//16-D2-128/Inputs-D2-P11-6
Opening Player-Data//16-D2-128/Inputs-D2-P12-6
Opening Player-Data//16-D2-128/Inputs-D2-P13-6
Opening Player-Data//16-D2-128/Inputs-D2-P14-6
Opening Player-Data//16-D2-128/Inputs-D2-P15-6
Opening Player-Data//16-D2-128/Inputs-D2-P0-7
Opening Player-Data//16-D2-128/Inputs-D2-P1-7
Opening Player-Data//16-D2-128/Inputs-D2-P2-7
Opening Player-Data//16-D2-128/Inputs-D2-P3-7
Opening Player-Data//16-D2-128/Inputs-D2-P4-7
Opening Player-Data//16-D2-128/Inputs-D2-P5-7
Opening Player-Data//16-D2-128/Inputs-D2-P6-7
Opening Player-Data//16-D2-128/Inputs-D2-P7-7
Opening Player-Data//16-D2-128/Inputs-D2-P8-7
Opening Player-Data//16-D2-128/Inputs-D2-P9-7
Opening Player-Data//16-D2-128/Inputs-D2-P10-7
Opening Player-Data//16-D2-128/Inputs-D2-P11-7
Opening Player-Data//16-D2-128/Inputs-D2-P12-7
Opening Player-Data//16-D2-128/Inputs-D2-P13-7
Opening Player-Data//16-D2-128/Inputs-D2-P14-7
Opening Player-Data//16-D2-128/Inputs-D2-P15-7
Opening Player-Data//16-D2-128/Inputs-D2-P0-8
Opening Player-Data//16-D2-128/Inputs-D2-P1-8
Opening Player-Data//16-D2-128/Inputs-D2-P2-8
Opening Player-Data//16-D2-128/Inputs-D2-P3-8
Opening Player-Data//16-D2-128/Inputs-D2-P4-8
Opening Player-Data//16-D2-128/Inputs-D2-P5-8
Opening Player-Data//16-D2-128/Inputs-D2-P6-8
Opening Player-Data//16-D2-128/Inputs-D2-P7-8
Opening Player-Data//16-D2-128/Inputs-D2-P8-8
Opening Player-Data//16-D2-128/Inputs-D2-P9-8
Opening Player-Data//16-D2-128/Inputs-D2-P10-8
Opening Player-Data//16-D2-128/Inputs-D2-P11-8
Opening Player-Data//16-D2-128/Inputs-D2-P12-8
Opening Player-Data//16-D2-128/Inputs-D2-P13-8
Opening Player-Data//16-D2-128/Inputs-D2-P14-8
Opening Player-Data//16-D2-128/Inputs-D2-P15-8
Opening Player-Data//16-D2-128/Inputs-D2-P0-9
Opening Player-Data//16-D2-128/Inputs-D2-P1-9
Opening Player-Data//16-D2-128/Inputs-D2-P2-9
Opening Player-Data//16-D2-128/Inputs-D2-P3-9
Opening Player-Data//16-D2-128/Inputs-D2-P4-9
Opening Player-Data//16-D2-128/Inputs-D2-P5-9
Opening Player-Data//16-D2-128/Inputs-D2-P6-9
Opening Player-Data//16-D2-128/Inputs-D2-P7-9
Opening Player-Data//16-D2-128/Inputs-D2-P8-9
Opening Player-Data//16-D2-128/Inputs-D2-P9-9
Opening Player-Data//16-D2-128/Inputs-D2-P10-9
Opening Player-Data//16-D2-128/Inputs-D2-P11-9
Opening Player-Data//16-D2-128/Inputs-D2-P12-9
Opening Player-Data//16-D2-128/Inputs-D2-P13-9
Opening Player-Data//16-D2-128/Inputs-D2-P14-9
Opening Player-Data//16-D2-128/Inputs-D2-P15-9
Opening Player-Data//16-D2-128/Inputs-D2-P0-10
Opening Player-Data//16-D2-128/Inputs-D2-P1-10
Opening Player-Data//16-D2-128/Inputs-D2-P2-10
Opening Player-Data//16-D2-128/Inputs-D2-P3-10
Opening Player-Data//16-D2-128/Inputs-D2-P4-10
Opening Player-Data//16-D2-128/Inputs-D2-P5-10
Opening Player-Data//16-D2-128/Inputs-D2-P6-10
Opening Player-Data//16-D2-128/Inputs-D2-P7-10
Opening Player-Data//16-D2-128/Inputs-D2-P8-10
Opening Player-Data//16-D2-128/Inputs-D2-P9-10
Opening Player-Data//16-D2-128/Inputs-D2-P10-10
Opening Player-Data//16-D2-128/Inputs-D2-P11-10
Opening Player-Data//16-D2-128/Inputs-D2-P12-10
Opening Player-Data//16-D2-128/Inputs-D2-P13-10
Opening Player-Data//16-D2-128/Inputs-D2-P14-10
Opening Player-Data//16-D2-128/Inputs-D2-P15-10
Opening Player-Data//16-D2-128/Inputs-D2-P0-11
Opening Player-Data//16-D2-128/Inputs-D2-P1-11
Opening Player-Data//16-D2-128/Inputs-D2-P2-11
Opening Player-Data//16-D2-128/Inputs-D2-P3-11
Opening Player-Data//16-D2-128/Inputs-D2-P4-11
Opening Player-Data//16-D2-128/Inputs-D2-P5-11
Opening Player-Data//16-D2-128/Inputs-D2-P6-11
Opening Player-Data//16-D2-128/Inputs-D2-P7-11
Opening Player-Data//16-D2-128/Inputs-D2-P8-11
Opening Player-Data//16-D2-128/Inputs-D2-P9-11
Opening Player-Data//16-D2-128/Inputs-D2-P10-11
Opening Player-Data//16-D2-128/Inputs-D2-P11-11
Opening Player-Data//16-D2-128/Inputs-D2-P12-11
Opening Player-Data//16-D2-128/Inputs-D2-P13-11
Opening Player-Data//16-D2-128/Inputs-D2-P14-11
Opening Player-Data//16-D2-128/Inputs-D2-P15-11
Opening Player-Data//16-D2-128/Inputs-D2-P0-12
Opening Player-Data//16-D2-128/Inputs-D2-P1-12
Opening Player-Data//16-D2-128/Inputs-D2-P2-12
Opening Player-Data//16-D2-128/Inputs-D2-P3-12
Opening Player-Data//16-D2-128/Inputs-D2-P4-12
Opening Player-Data//16-D2-128/Inputs-D2-P5-12
Opening Player-Data//16-D2-128/Inputs-D2-P6-12
Opening Player-Data//16-D2-128/Inputs-D2-P7-12
Opening Player-Data//16-D2-128/Inputs-D2-P8-12
Opening Player-Data//16-D2-128/Inputs-D2-P9-12
Opening Player-Data//16-D2-128/Inputs-D2-P10-12
Opening Player-Data//16-D2-128/Inputs-D2-P11-12
Opening Player-Data//16-D2-128/Inputs-D2-P12-12
Opening Player-Data//16-D2-128/Inputs-D2-P13-12
Opening Player-Data//16-D2-128/Inputs-D2-P14-12
Opening Player-Data//16-D2-128/Inputs-D2-P15-12
Opening Player-Data//16-D2-128/Inputs-D2-P0-13
Opening Player-Data//16-D2-128/Inputs-D2-P1-13
Opening Player-Data//16-D2-128/Inputs-D2-P2-13
Opening Player-Data//16-D2-128/Inputs-D2-P3-13
Opening Player-Data//16-D2-128/Inputs-D2-P4-13
Opening Player-Data//16-D2-128/Inputs-D2-P5-13
Opening Player-Data//16-D2-128/Inputs-D2-P6-13
Opening Player-Data//16-D2-128/Inputs-D2-P7-13
Opening Player-Data//16-D2-128/Inputs-D2-P8-13
Opening Player-Data//16-D2-128/Inputs-D2-P9-13
Opening Player-Data//16-D2-128/Inputs-D2-P10-13
Opening Player-Data//16-D2-128/Inputs-D2-P11-13
Opening Player-Data//16-D2-128/Inputs-D2-P12-13
Opening Player-Data//16-D2-128/Inputs-D2-P13-13
Opening Player-Data//16-D2-128/Inputs-D2-P14-13
Opening Player-Data//16-D2-128/Inputs-D2-P15-13
Opening Player-Data//16-D2-128/Inputs-D2-P0-14
Opening Player-Data//16-D2-128/Inputs-D2-P1-14
Opening Player-Data//16-D2-128/Inputs-D2-P2-14
Opening Player-Data//16-D2-128/Inputs-D2-P3-14
Opening Player-Data//16-D2-128/Inputs-D2-P4-14
Opening Player-Data//16-D2-128/Inputs-D2-P5-14
Opening Player-Data//16-D2-128/Inputs-D2-P6-14
Opening Player-Data//16-D2-128/Inputs-D2-P7-14
Opening Player-Data//16-D2-128/Inputs-D2-P8-14
Opening Player-Data//16-D2-128/Inputs-D2-P9-14
Opening Player-Data//16-D2-128/Inputs-D2-P10-14
Opening Player-Data//16-D2-128/Inputs-D2-P11-14
Opening Player-Data//16-D2-128/Inputs-D2-P12-14
Opening Player-Data//16-D2-128/Inputs-D2-P13-14
Opening Player-Data//16-D2-128/Inputs-D2-P14-14
Opening Player-Data//16-D2-128/Inputs-D2-P15-14
Opening Player-Data//16-D2-128/Inputs-D2-P0-15
Opening Player-Data//16-D2-128/Inputs-D2-P1-15
Opening Player-Data//16-D2-128/Inputs-D2-P2-15
Opening Player-Data//16-D2-128/Inputs-D2-P3-15
Opening Player-Data//16-D2-128/Inputs-D2-P4-15
Opening Player-Data//16-D2-128/Inputs-D2-P5-15
Opening Player-Data//16-D2-128/Inputs-D2-P6-15
Opening Player-Data//16-D2-128/Inputs-D2-P7-15
Opening Player-Data//16-D2-128/Inputs-D2-P8-15
Opening Player-Data//16-D2-128/Inputs-D2-P9-15
Opening Player-Data//16-D2-128/Inputs-D2-P10-15
Opening Player-Data//16-D2-128/Inputs-D2-P11-15
Opening Player-Data//16-D2-128/Inputs-D2-P12-15
Opening Player-Data//16-D2-128/Inputs-D2-P13-15
Opening Player-Data//16-D2-128/Inputs-D2-P14-15
Opening Player-Data//16-D2-128/Inputs-D2-P15-15
Opening Player-Data//16-D2-128/Squares-D2-P0
Opening Player-Data//16-D2-128/Squares-D2-P1
Opening Player-Data//16-D2-128/Squares-D2-P2
Opening Player-Data//16-D2-128/Squares-D2-P3
Opening Player-Data//16-D2-128/Squares-D2-P4
Opening Player-Data//16-D2-128/Squares-D2-P5
Opening Player-Data//16-D2-128/Squares-D2-P6
Opening Player-Data//16-D2-128/Squares-D2-P7
Opening Player-Data//16-D2-128/Squares-D2-P8
Opening Player-Data//16-D2-128/Squares-D2-P9
Opening Player-Data//16-D2-128/Squares-D2-P10
Opening Player-Data//16-D2-128/Squares-D2-P11
Opening Player-Data//16-D2-128/Squares-D2-P12
Opening Player-Data//16-D2-128/Squares-D2-P13
Opening Player-Data//16-D2-128/Squares-D2-P14
Opening Player-Data//16-D2-128/Squares-D2-P15
Opening Player-Data//16-D2-128/daBits-D2-P0
Opening Player-Data//16-D2-128/daBits-D2-P1
Opening Player-Data//16-D2-128/daBits-D2-P2
Opening Player-Data//16-D2-128/daBits-D2-P3
Opening Player-Data//16-D2-128/daBits-D2-P4
Opening Player-Data//16-D2-128/daBits-D2-P5
Opening Player-Data//16-D2-128/daBits-D2-P6
Opening Player-Data//16-D2-128/daBits-D2-P7
Opening Player-Data//16-D2-128/daBits-D2-P8
Opening Player-Data//16-D2-128/daBits-D2-P9
Opening Player-Data//16-D2-128/daBits-D2-P10
Opening Player-Data//16-D2-128/daBits-D2-P11
Opening Player-Data//16-D2-128/daBits-D2-P12
Opening Player-Data//16-D2-128/daBits-D2-P13
Opening Player-Data//16-D2-128/daBits-D2-P14
Opening Player-Data//16-D2-128/daBits-D2-P15
Opening Player-Data//16-D2-128/Inverses-D2-P0
Opening Player-Data//16-D2-128/Inverses-D2-P1
Opening Player-Data//16-D2-128/Inverses-D2-P2
Opening Player-Data//16-D2-128/Inverses-D2-P3
Opening Player-Data//16-D2-128/Inverses-D2-P4
Opening Player-Data//16-D2-128/Inverses-D2-P5
Opening Player-Data//16-D2-128/Inverses-D2-P6
Opening Player-Data//16-D2-128/Inverses-D2-P7
Opening Player-Data//16-D2-128/Inverses-D2-P8
Opening Player-Data//16-D2-128/Inverses-D2-P9
Opening Player-Data//16-D2-128/Inverses-D2-P10
Opening Player-Data//16-D2-128/Inverses-D2-P11
Opening Player-Data//16-D2-128/Inverses-D2-P12
Opening Player-Data//16-D2-128/Inverses-D2-P13
Opening Player-Data//16-D2-128/Inverses-D2-P14
Opening Player-Data//16-D2-128/Inverses-D2-P15
Opening Player-Data//16-DD2-128/Triples-DD2-P0
Opening Player-Data//16-DD2-128/Triples-DD2-P1
Opening Player-Data//16-DD2-128/Triples-DD2-P2
Opening Player-Data//16-DD2-128/Triples-DD2-P3
Opening Player-Data//16-DD2-128/Triples-DD2-P4
Opening Player-Data//16-DD2-128/Triples-DD2-P5
Opening Player-Data//16-DD2-128/Triples-DD2-P6
Opening Player-Data//16-DD2-128/Triples-DD2-P7
Opening Player-Data//16-DD2-128/Triples-DD2-P8
Opening Player-Data//16-DD2-128/Triples-DD2-P9
Opening Player-Data//16-DD2-128/Triples-DD2-P10
Opening Player-Data//16-DD2-128/Triples-DD2-P11
Opening Player-Data//16-DD2-128/Triples-DD2-P12
Opening Player-Data//16-DD2-128/Triples-DD2-P13
Opening Player-Data//16-DD2-128/Triples-DD2-P14
Opening Player-Data//16-DD2-128/Triples-DD2-P15
Opening Player-Data//16-DD2-128/Bits-DD2-P0
Opening Player-Data//16-DD2-128/Bits-DD2-P1
Opening Player-Data//16-DD2-128/Bits-DD2-P2
Opening Player-Data//16-DD2-128/Bits-DD2-P3
Opening Player-Data//16-DD2-128/Bits-DD2-P4
Opening Player-Data//16-DD2-128/Bits-DD2-P5
Opening Player-Data//16-DD2-128/Bits-DD2-P6
Opening Player-Data//16-DD2-128/Bits-DD2-P7
Opening Player-Data//16-DD2-128/Bits-DD2-P8
Opening Player-Data//16-DD2-128/Bits-DD2-P9
Opening Player-Data//16-DD2-128/Bits-DD2-P10
Opening Player-Data//16-DD2-128/Bits-DD2-P11
Opening Player-Data//16-DD2-128/Bits-DD2-P12
Opening Player-Data//16-DD2-128/Bits-DD2-P13
Opening Player-Data//16-DD2-128/Bits-DD2-P14
Opening Player-Data//16-DD2-128/Bits-DD2-P15
Opening Player-Data//16-DD2-128/Inputs-DD2-P0-0
Opening Player-Data//16-DD2-128/Inputs-DD2-P1-0
Opening Player-Data//16-DD2-128/Inputs-DD2-P2-0
Opening Player-Data//16-DD2-128/Inputs-DD2-P3-0
Opening Player-Data//16-DD2-128/Inputs-DD2-P4-0
Opening Player-Data//16-DD2-128/Inputs-DD2-P5-0
Opening Player-Data//16-DD2-128/Inputs-DD2-P6-0
Opening Player-Data//16-DD2-128/Inputs-DD2-P7-0
Opening Player-Data//16-DD2-128/Inputs-DD2-P8-0
Opening Player-Data//16-DD2-128/Inputs-DD2-P9-0
Opening Player-Data//16-DD2-128/Inputs-DD2-P10-0
Opening Player-Data//16-DD2-128/Inputs-DD2-P11-0
Opening Player-Data//16-DD2-128/Inputs-DD2-P12-0
Opening Player-Data//16-DD2-128/Inputs-DD2-P13-0
Opening Player-Data//16-DD2-128/Inputs-DD2-P14-0
Opening Player-Data//16-DD2-128/Inputs-DD2-P15-0
Opening Player-Data//16-DD2-128/Inputs-DD2-P0-1
Opening Player-Data//16-DD2-128/Inputs-DD2-P1-1
Opening Player-Data//16-DD2-128/Inputs-DD2-P2-1
Opening Player-Data//16-DD2-128/Inputs-DD2-P3-1
Opening Player-Data//16-DD2-128/Inputs-DD2-P4-1
Opening Player-Data//16-DD2-128/Inputs-DD2-P5-1
Opening Player-Data//16-DD2-128/Inputs-DD2-P6-1
Opening Player-Data//16-DD2-128/Inputs-DD2-P7-1
Opening Player-Data//16-DD2-128/Inputs-DD2-P8-1
Opening Player-Data//16-DD2-128/Inputs-DD2-P9-1
Opening Player-Data//16-DD2-128/Inputs-DD2-P10-1
Opening Player-Data//16-DD2-128/Inputs-DD2-P11-1
Opening Player-Data//16-DD2-128/Inputs-DD2-P12-1
Opening Player-Data//16-DD2-128/Inputs-DD2-P13-1
Opening Player-Data//16-DD2-128/Inputs-DD2-P14-1
Opening Player-Data//16-DD2-128/Inputs-DD2-P15-1
Opening Player-Data//16-DD2-128/Inputs-DD2-P0-2
Opening Player-Data//16-DD2-128/Inputs-DD2-P1-2
Opening Player-Data//16-DD2-128/Inputs-DD2-P2-2
Opening Player-Data//16-DD2-128/Inputs-DD2-P3-2
Opening Player-Data//16-DD2-128/Inputs-DD2-P4-2
Opening Player-Data//16-DD2-128/Inputs-DD2-P5-2
Opening Player-Data//16-DD2-128/Inputs-DD2-P6-2
Opening Player-Data//16-DD2-128/Inputs-DD2-P7-2
Opening Player-Data//16-DD2-128/Inputs-DD2-P8-2
Opening Player-Data//16-DD2-128/Inputs-DD2-P9-2
Opening Player-Data//16-DD2-128/Inputs-DD2-P10-2
Opening Player-Data//16-DD2-128/Inputs-DD2-P11-2
Opening Player-Data//16-DD2-128/Inputs-DD2-P12-2
Opening Player-Data//16-DD2-128/Inputs-DD2-P13-2
Opening Player-Data//16-DD2-128/Inputs-DD2-P14-2
Opening Player-Data//16-DD2-128/Inputs-DD2-P15-2
Opening Player-Data//16-DD2-128/Inputs-DD2-P0-3
Opening Player-Data//16-DD2-128/Inputs-DD2-P1-3
Opening Player-Data//16-DD2-128/Inputs-DD2-P2-3
Opening Player-Data//16-DD2-128/Inputs-DD2-P3-3
Opening Player-Data//16-DD2-128/Inputs-DD2-P4-3
Opening Player-Data//16-DD2-128/Inputs-DD2-P5-3
Opening Player-Data//16-DD2-128/Inputs-DD2-P6-3
Opening Player-Data//16-DD2-128/Inputs-DD2-P7-3
Opening Player-Data//16-DD2-128/Inputs-DD2-P8-3
Opening Player-Data//16-DD2-128/Inputs-DD2-P9-3
Opening Player-Data//16-DD2-128/Inputs-DD2-P10-3
Opening Player-Data//16-DD2-128/Inputs-DD2-P11-3
Opening Player-Data//16-DD2-128/Inputs-DD2-P12-3
Opening Player-Data//16-DD2-128/Inputs-DD2-P13-3
Opening Player-Data//16-DD2-128/Inputs-DD2-P14-3
Opening Player-Data//16-DD2-128/Inputs-DD2-P15-3
Opening Player-Data//16-DD2-128/Inputs-DD2-P0-4
Opening Player-Data//16-DD2-128/Inputs-DD2-P1-4
Opening Player-Data//16-DD2-128/Inputs-DD2-P2-4
Opening Player-Data//16-DD2-128/Inputs-DD2-P3-4
Opening Player-Data//16-DD2-128/Inputs-DD2-P4-4
Opening Player-Data//16-DD2-128/Inputs-DD2-P5-4
Opening Player-Data//16-DD2-128/Inputs-DD2-P6-4
Opening Player-Data//16-DD2-128/Inputs-DD2-P7-4
Opening Player-Data//16-DD2-128/Inputs-DD2-P8-4
Opening Player-Data//16-DD2-128/Inputs-DD2-P9-4
Opening Player-Data//16-DD2-128/Inputs-DD2-P10-4
Opening Player-Data//16-DD2-128/Inputs-DD2-P11-4
Opening Player-Data//16-DD2-128/Inputs-DD2-P12-4
Opening Player-Data//16-DD2-128/Inputs-DD2-P13-4
Opening Player-Data//16-DD2-128/Inputs-DD2-P14-4
Opening Player-Data//16-DD2-128/Inputs-DD2-P15-4
Opening Player-Data//16-DD2-128/Inputs-DD2-P0-5
Opening Player-Data//16-DD2-128/Inputs-DD2-P1-5
Opening Player-Data//16-DD2-128/Inputs-DD2-P2-5
Opening Player-Data//16-DD2-128/Inputs-DD2-P3-5
Opening Player-Data//16-DD2-128/Inputs-DD2-P4-5
Opening Player-Data//16-DD2-128/Inputs-DD2-P5-5
Opening Player-Data//16-DD2-128/Inputs-DD2-P6-5
Opening Player-Data//16-DD2-128/Inputs-DD2-P7-5
Opening Player-Data//16-DD2-128/Inputs-DD2-P8-5
Opening Player-Data//16-DD2-128/Inputs-DD2-P9-5
Opening Player-Data//16-DD2-128/Inputs-DD2-P10-5
Opening Player-Data//16-DD2-128/Inputs-DD2-P11-5
Opening Player-Data//16-DD2-128/Inputs-DD2-P12-5
Opening Player-Data//16-DD2-128/Inputs-DD2-P13-5
Opening Player-Data//16-DD2-128/Inputs-DD2-P14-5
Opening Player-Data//16-DD2-128/Inputs-DD2-P15-5
Opening Player-Data//16-DD2-128/Inputs-DD2-P0-6
Opening Player-Data//16-DD2-128/Inputs-DD2-P1-6
Opening Player-Data//16-DD2-128/Inputs-DD2-P2-6
Opening Player-Data//16-DD2-128/Inputs-DD2-P3-6
Opening Player-Data//16-DD2-128/Inputs-DD2-P4-6
Opening Player-Data//16-DD2-128/Inputs-DD2-P5-6
Opening Player-Data//16-DD2-128/Inputs-DD2-P6-6
Opening Player-Data//16-DD2-128/Inputs-DD2-P7-6
Opening Player-Data//16-DD2-128/Inputs-DD2-P8-6
Opening Player-Data//16-DD2-128/Inputs-DD2-P9-6
Opening Player-Data//16-DD2-128/Inputs-DD2-P10-6
Opening Player-Data//16-DD2-128/Inputs-DD2-P11-6
Opening Player-Data//16-DD2-128/Inputs-DD2-P12-6
Opening Player-Data//16-DD2-128/Inputs-DD2-P13-6
Opening Player-Data//16-DD2-128/Inputs-DD2-P14-6
Opening Player-Data//16-DD2-128/Inputs-DD2-P15-6
Opening Player-Data//16-DD2-128/Inputs-DD2-P0-7
Opening Player-Data//16-DD2-128/Inputs-DD2-P1-7
Opening Player-Data//16-DD2-128/Inputs-DD2-P2-7
Opening Player-Data//16-DD2-128/Inputs-DD2-P3-7
Opening Player-Data//16-DD2-128/Inputs-DD2-P4-7
Opening Player-Data//16-DD2-128/Inputs-DD2-P5-7
Opening Player-Data//16-DD2-128/Inputs-DD2-P6-7
Opening Player-Data//16-DD2-128/Inputs-DD2-P7-7
Opening Player-Data//16-DD2-128/Inputs-DD2-P8-7
Opening Player-Data//16-DD2-128/Inputs-DD2-P9-7
Opening Player-Data//16-DD2-128/Inputs-DD2-P10-7
Opening Player-Data//16-DD2-128/Inputs-DD2-P11-7
Opening Player-Data//16-DD2-128/Inputs-DD2-P12-7
Opening Player-Data//16-DD2-128/Inputs-DD2-P13-7
Opening Player-Data//16-DD2-128/Inputs-DD2-P14-7
Opening Player-Data//16-DD2-128/Inputs-DD2-P15-7
Opening Player-Data//16-DD2-128/Inputs-DD2-P0-8
Opening Player-Data//16-DD2-128/Inputs-DD2-P1-8
Opening Player-Data//16-DD2-128/Inputs-DD2-P2-8
Opening Player-Data//16-DD2-128/Inputs-DD2-P3-8
Opening Player-Data//16-DD2-128/Inputs-DD2-P4-8
Opening Player-Data//16-DD2-128/Inputs-DD2-P5-8
Opening Player-Data//16-DD2-128/Inputs-DD2-P6-8
Opening Player-Data//16-DD2-128/Inputs-DD2-P7-8
Opening Player-Data//16-DD2-128/Inputs-DD2-P8-8
Opening Player-Data//16-DD2-128/Inputs-DD2-P9-8
Opening Player-Data//16-DD2-128/Inputs-DD2-P10-8
Opening Player-Data//16-DD2-128/Inputs-DD2-P11-8
Opening Player-Data//16-DD2-128/Inputs-DD2-P12-8
Opening Player-Data//16-DD2-128/Inputs-DD2-P13-8
Opening Player-Data//16-DD2-128/Inputs-DD2-P14-8
Opening Player-Data//16-DD2-128/Inputs-DD2-P15-8
Opening Player-Data//16-DD2-128/Inputs-DD2-P0-9
Opening Player-Data//16-DD2-128/Inputs-DD2-P1-9
Opening Player-Data//16-DD2-128/Inputs-DD2-P2-9
Opening Player-Data//16-DD2-128/Inputs-DD2-P3-9
Opening Player-Data//16-DD2-128/Inputs-DD2-P4-9
Opening Player-Data//16-DD2-128/Inputs-DD2-P5-9
Opening Player-Data//16-DD2-128/Inputs-DD2-P6-9
Opening Player-Data//16-DD2-128/Inputs-DD2-P7-9
Opening Player-Data//16-DD2-128/Inputs-DD2-P8-9
Opening Player-Data//16-DD2-128/Inputs-DD2-P9-9
Opening Player-Data//16-DD2-128/Inputs-DD2-P10-9
Opening Player-Data//16-DD2-128/Inputs-DD2-P11-9
Opening Player-Data//16-DD2-128/Inputs-DD2-P12-9
Opening Player-Data//16-DD2-128/Inputs-DD2-P13-9
Opening Player-Data//16-DD2-128/Inputs-DD2-P14-9
Opening Player-Data//16-DD2-128/Inputs-DD2-P15-9
Opening Player-Data//16-DD2-128/Inputs-DD2-P0-10
Opening Player-Data//16-DD2-128/Inputs-DD2-P1-10
Opening Player-Data//16-DD2-128/Inputs-DD2-P2-10
Opening Player-Data//16-DD2-128/Inputs-DD2-P3-10
Opening Player-Data//16-DD2-128/Inputs-DD2-P4-10
Opening Player-Data//16-DD2-128/Inputs-DD2-P5-10
Opening Player-Data//16-DD2-128/Inputs-DD2-P6-10
Opening Player-Data//16-DD2-128/Inputs-DD2-P7-10
Opening Player-Data//16-DD2-128/Inputs-DD2-P8-10
Opening Player-Data//16-DD2-128/Inputs-DD2-P9-10
Opening Player-Data//16-DD2-128/Inputs-DD2-P10-10
Opening Player-Data//16-DD2-128/Inputs-DD2-P11-10
Opening Player-Data//16-DD2-128/Inputs-DD2-P12-10
Opening Player-Data//16-DD2-128/Inputs-DD2-P13-10
Opening Player-Data//16-DD2-128/Inputs-DD2-P14-10
Opening Player-Data//16-DD2-128/Inputs-DD2-P15-10
Opening Player-Data//16-DD2-128/Inputs-DD2-P0-11
Opening Player-Data//16-DD2-128/Inputs-DD2-P1-11
Opening Player-Data//16-DD2-128/Inputs-DD2-P2-11
Opening Player-Data//16-DD2-128/Inputs-DD2-P3-11
Opening Player-Data//16-DD2-128/Inputs-DD2-P4-11
Opening Player-Data//16-DD2-128/Inputs-DD2-P5-11
Opening Player-Data//16-DD2-128/Inputs-DD2-P6-11
Opening Player-Data//16-DD2-128/Inputs-DD2-P7-11
Opening Player-Data//16-DD2-128/Inputs-DD2-P8-11
Opening Player-Data//16-DD2-128/Inputs-DD2-P9-11
Opening Player-Data//16-DD2-128/Inputs-DD2-P10-11
Opening Player-Data//16-DD2-128/Inputs-DD2-P11-11
Opening Player-Data//16-DD2-128/Inputs-DD2-P12-11
Opening Player-Data//16-DD2-128/Inputs-DD2-P13-11
Opening Player-Data//16-DD2-128/Inputs-DD2-P14-11
Opening Player-Data//16-DD2-128/Inputs-DD2-P15-11
Opening Player-Data//16-DD2-128/Inputs-DD2-P0-12
Opening Player-Data//16-DD2-128/Inputs-DD2-P1-12
Opening Player-Data//16-DD2-128/Inputs-DD2-P2-12
Opening Player-Data//16-DD2-128/Inputs-DD2-P3-12
Opening Player-Data//16-DD2-128/Inputs-DD2-P4-12
Opening Player-Data//16-DD2-128/Inputs-DD2-P5-12
Opening Player-Data//16-DD2-128/Inputs-DD2-P6-12
Opening Player-Data//16-DD2-128/Inputs-DD2-P7-12
Opening Player-Data//16-DD2-128/Inputs-DD2-P8-12
Opening Player-Data//16-DD2-128/Inputs-DD2-P9-12
Opening Player-Data//16-DD2-128/Inputs-DD2-P10-12
Opening Player-Data//16-DD2-128/Inputs-DD2-P11-12
Opening Player-Data//16-DD2-128/Inputs-DD2-P12-12
Opening Player-Data//16-DD2-128/Inputs-DD2-P13-12
Opening Player-Data//16-DD2-128/Inputs-DD2-P14-12
Opening Player-Data//16-DD2-128/Inputs-DD2-P15-12
Opening Player-Data//16-DD2-128/Inputs-DD2-P0-13
Opening Player-Data//16-DD2-128/Inputs-DD2-P1-13
Opening Player-Data//16-DD2-128/Inputs-DD2-P2-13
Opening Player-Data//16-DD2-128/Inputs-DD2-P3-13
Opening Player-Data//16-DD2-128/Inputs-DD2-P4-13
Opening Player-Data//16-DD2-128/Inputs-DD2-P5-13
Opening Player-Data//16-DD2-128/Inputs-DD2-P6-13
Opening Player-Data//16-DD2-128/Inputs-DD2-P7-13
Opening Player-Data//16-DD2-128/Inputs-DD2-P8-13
Opening Player-Data//16-DD2-128/Inputs-DD2-P9-13
Opening Player-Data//16-DD2-128/Inputs-DD2-P10-13
Opening Player-Data//16-DD2-128/Inputs-DD2-P11-13
Opening Player-Data//16-DD2-128/Inputs-DD2-P12-13
Opening Player-Data//16-DD2-128/Inputs-DD2-P13-13
Opening Player-Data//16-DD2-128/Inputs-DD2-P14-13
Opening Player-Data//16-DD2-128/Inputs-DD2-P15-13
Opening Player-Data//16-DD2-128/Inputs-DD2-P0-14
Opening Player-Data//16-DD2-128/Inputs-DD2-P1-14
Opening Player-Data//16-DD2-128/Inputs-DD2-P2-14
Opening Player-Data//16-DD2-128/Inputs-DD2-P3-14
Opening Player-Data//16-DD2-128/Inputs-DD2-P4-14
Opening Player-Data//16-DD2-128/Inputs-DD2-P5-14
Opening Player-Data//16-DD2-128/Inputs-DD2-P6-14
Opening Player-Data//16-DD2-128/Inputs-DD2-P7-14
Opening Player-Data//16-DD2-128/Inputs-DD2-P8-14
Opening Player-Data//16-DD2-128/Inputs-DD2-P9-14
Opening Player-Data//16-DD2-128/Inputs-DD2-P10-14
Opening Player-Data//16-DD2-128/Inputs-DD2-P11-14
Opening Player-Data//16-DD2-128/Inputs-DD2-P12-14
Opening Player-Data//16-DD2-128/Inputs-DD2-P13-14
Opening Player-Data//16-DD2-128/Inputs-DD2-P14-14
Opening Player-Data//16-DD2-128/Inputs-DD2-P15-14
Opening Player-Data//16-DD2-128/Inputs-DD2-P0-15
Opening Player-Data//16-DD2-128/Inputs-DD2-P1-15
Opening Player-Data//16-DD2-128/Inputs-DD2-P2-15
Opening Player-Data//16-DD2-128/Inputs-DD2-P3-15
Opening Player-Data//16-DD2-128/Inputs-DD2-P4-15
Opening Player-Data//16-DD2-128/Inputs-DD2-P5-15
Opening Player-Data//16-DD2-128/Inputs-DD2-P6-15
Opening Player-Data//16-DD2-128/Inputs-DD2-P7-15
Opening Player-Data//16-DD2-128/Inputs-DD2-P8-15
Opening Player-Data//16-DD2-128/Inputs-DD2-P9-15
Opening Player-Data//16-DD2-128/Inputs-DD2-P10-15
Opening Player-Data//16-DD2-128/Inputs-DD2-P11-15
Opening Player-Data//16-DD2-128/Inputs-DD2-P12-15
Opening Player-Data//16-DD2-128/Inputs-DD2-P13-15
Opening Player-Data//16-DD2-128/Inputs-DD2-P14-15
Opening Player-Data//16-DD2-128/Inputs-DD2-P15-15
Opening Player-Data//16-DD2-128/Squares-DD2-P0
Opening Player-Data//16-DD2-128/Squares-DD2-P1
Opening Player-Data//16-DD2-128/Squares-DD2-P2
Opening Player-Data//16-DD2-128/Squares-DD2-P3
Opening Player-Data//16-DD2-128/Squares-DD2-P4
Opening Player-Data//16-DD2-128/Squares-DD2-P5
Opening Player-Data//16-DD2-128/Squares-DD2-P6
Opening Player-Data//16-DD2-128/Squares-DD2-P7
Opening Player-Data//16-DD2-128/Squares-DD2-P8
Opening Player-Data//16-DD2-128/Squares-DD2-P9
Opening Player-Data//16-DD2-128/Squares-DD2-P10
Opening Player-Data//16-DD2-128/Squares-DD2-P11
Opening Player-Data//16-DD2-128/Squares-DD2-P12
Opening Player-Data//16-DD2-128/Squares-DD2-P13
Opening Player-Data//16-DD2-128/Squares-DD2-P14
Opening Player-Data//16-DD2-128/Squares-DD2-P15
Opening Player-Data//16-DD2-128/daBits-DD2-P0
Opening Player-Data//16-DD2-128/daBits-DD2-P1
Opening Player-Data//16-DD2-128/daBits-DD2-P2
Opening Player-Data//16-DD2-128/daBits-DD2-P3
Opening Player-Data//16-DD2-128/daBits-DD2-P4
Opening Player-Data//16-DD2-128/daBits-DD2-P5
Opening Player-Data//16-DD2-128/daBits-DD2-P6
Opening Player-Data//16-DD2-128/daBits-DD2-P7
Opening Player-Data//16-DD2-128/daBits-DD2-P8
Opening Player-Data//16-DD2-128/daBits-DD2-P9
Opening Player-Data//16-DD2-128/daBits-DD2-P10
Opening Player-Data//16-DD2-128/daBits-DD2-P11
Opening Player-Data//16-DD2-128/daBits-DD2-P12
Opening Player-Data//16-DD2-128/daBits-DD2-P13
Opening Player-Data//16-DD2-128/daBits-DD2-P14
Opening Player-Data//16-DD2-128/daBits-DD2-P15
Opening Player-Data//16-DD2-128/Inverses-DD2-P0
Opening Player-Data//16-DD2-128/Inverses-DD2-P1
Opening Player-Data//16-DD2-128/Inverses-DD2-P2
Opening Player-Data//16-DD2-128/Inverses-DD2-P3
Opening Player-Data//16-DD2-128/Inverses-DD2-P4
Opening Player-Data//16-DD2-128/Inverses-DD2-P5
Opening Player-Data//16-DD2-128/Inverses-DD2-P6
Opening Player-Data//16-DD2-128/Inverses-DD2-P7
Opening Player-Data//16-DD2-128/Inverses-DD2-P8
Opening Player-Data//16-DD2-128/Inverses-DD2-P9
Opening Player-Data//16-DD2-128/Inverses-DD2-P10
Opening Player-Data//16-DD2-128/Inverses-DD2-P11
Opening Player-Data//16-DD2-128/Inverses-DD2-P12
Opening Player-Data//16-DD2-128/Inverses-DD2-P13
Opening Player-Data//16-DD2-128/Inverses-DD2-P14
Opening Player-Data//16-DD2-128/Inverses-DD2-P15
Opening Player-Data//16-S2-128/Triples-S2-P0
Opening Player-Data//16-S2-128/Triples-S2-P1
Opening Player-Data//16-S2-128/Triples-S2-P2
Opening Player-Data//16-S2-128/Triples-S2-P3
Opening Player-Data//16-S2-128/Triples-S2-P4
Opening Player-Data//16-S2-128/Triples-S2-P5
Opening Player-Data//16-S2-128/Triples-S2-P6
Opening Player-Data//16-S2-128/Triples-S2-P7
Opening Player-Data//16-S2-128/Triples-S2-P8
Opening Player-Data//16-S2-128/Triples-S2-P9
Opening Player-Data//16-S2-128/Triples-S2-P10
Opening Player-Data//16-S2-128/Triples-S2-P11
Opening Player-Data//16-S2-128/Triples-S2-P12
Opening Player-Data//16-S2-128/Triples-S2-P13
Opening Player-Data//16-S2-128/Triples-S2-P14
Opening Player-Data//16-S2-128/Triples-S2-P15
Opening Player-Data//16-S2-128/Bits-S2-P0
Opening Player-Data//16-S2-128/Bits-S2-P1
Opening Player-Data//16-S2-128/Bits-S2-P2
Opening Player-Data//16-S2-128/Bits-S2-P3
Opening Player-Data//16-S2-128/Bits-S2-P4
Opening Player-Data//16-S2-128/Bits-S2-P5
Opening Player-Data//16-S2-128/Bits-S2-P6
Opening Player-Data//16-S2-128/Bits-S2-P7
Opening Player-Data//16-S2-128/Bits-S2-P8
Opening Player-Data//16-S2-128/Bits-S2-P9
Opening Player-Data//16-S2-128/Bits-S2-P10
Opening Player-Data//16-S2-128/Bits-S2-P11
Opening Player-Data//16-S2-128/Bits-S2-P12
Opening Player-Data//16-S2-128/Bits-S2-P13
Opening Player-Data//16-S2-128/Bits-S2-P14
Opening Player-Data//16-S2-128/Bits-S2-P15
Opening Player-Data//16-S2-128/Inputs-S2-P0-0
Opening Player-Data//16-S2-128/Inputs-S2-P1-0
Opening Player-Data//16-S2-128/Inputs-S2-P2-0
Opening Player-Data//16-S2-128/Inputs-S2-P3-0
Opening Player-Data//16-S2-128/Inputs-S2-P4-0
Opening Player-Data//16-S2-128/Inputs-S2-P5-0
Opening Player-Data//16-S2-128/Inputs-S2-P6-0
Opening Player-Data//16-S2-128/Inputs-S2-P7-0
Opening Player-Data//16-S2-128/Inputs-S2-P8-0
Opening Player-Data//16-S2-128/Inputs-S2-P9-0
Opening Player-Data//16-S2-128/Inputs-S2-P10-0
Opening Player-Data//16-S2-128/Inputs-S2-P11-0
Opening Player-Data//16-S2-128/Inputs-S2-P12-0
Opening Player-Data//16-S2-128/Inputs-S2-P13-0
Opening Player-Data//16-S2-128/Inputs-S2-P14-0
Opening Player-Data//16-S2-128/Inputs-S2-P15-0
Opening Player-Data//16-S2-128/Inputs-S2-P0-1
Opening Player-Data//16-S2-128/Inputs-S2-P1-1
Opening Player-Data//16-S2-128/Inputs-S2-P2-1
Opening Player-Data//16-S2-128/Inputs-S2-P3-1
Opening Player-Data//16-S2-128/Inputs-S2-P4-1
Opening Player-Data//16-S2-128/Inputs-S2-P5-1
Opening Player-Data//16-S2-128/Inputs-S2-P6-1
Opening Player-Data//16-S2-128/Inputs-S2-P7-1
Opening Player-Data//16-S2-128/Inputs-S2-P8-1
Opening Player-Data//16-S2-128/Inputs-S2-P9-1
Opening Player-Data//16-S2-128/Inputs-S2-P10-1
Opening Player-Data//16-S2-128/Inputs-S2-P11-1
Opening Player-Data//16-S2-128/Inputs-S2-P12-1
Opening Player-Data//16-S2-128/Inputs-S2-P13-1
Opening Player-Data//16-S2-128/Inputs-S2-P14-1
Opening Player-Data//16-S2-128/Inputs-S2-P15-1
Opening Player-Data//16-S2-128/Inputs-S2-P0-2
Opening Player-Data//16-S2-128/Inputs-S2-P1-2
Opening Player-Data//16-S2-128/Inputs-S2-P2-2
Opening Player-Data//16-S2-128/Inputs-S2-P3-2
Opening Player-Data//16-S2-128/Inputs-S2-P4-2
Opening Player-Data//16-S2-128/Inputs-S2-P5-2
Opening Player-Data//16-S2-128/Inputs-S2-P6-2
Opening Player-Data//16-S2-128/Inputs-S2-P7-2
Opening Player-Data//16-S2-128/Inputs-S2-P8-2
Opening Player-Data//16-S2-128/Inputs-S2-P9-2
Opening Player-Data//16-S2-128/Inputs-S2-P10-2
Opening Player-Data//16-S2-128/Inputs-S2-P11-2
Opening Player-Data//16-S2-128/Inputs-S2-P12-2
Opening Player-Data//16-S2-128/Inputs-S2-P13-2
Opening Player-Data//16-S2-128/Inputs-S2-P14-2
Opening Player-Data//16-S2-128/Inputs-S2-P15-2
Opening Player-Data//16-S2-128/Inputs-S2-P0-3
Opening Player-Data//16-S2-128/Inputs-S2-P1-3
Opening Player-Data//16-S2-128/Inputs-S2-P2-3
Opening Player-Data//16-S2-128/Inputs-S2-P3-3
Opening Player-Data//16-S2-128/Inputs-S2-P4-3
Opening Player-Data//16-S2-128/Inputs-S2-P5-3
Opening Player-Data//16-S2-128/Inputs-S2-P6-3
Opening Player-Data//16-S2-128/Inputs-S2-P7-3
Opening Player-Data//16-S2-128/Inputs-S2-P8-3
Opening Player-Data//16-S2-128/Inputs-S2-P9-3
Opening Player-Data//16-S2-128/Inputs-S2-P10-3
Opening Player-Data//16-S2-128/Inputs-S2-P11-3
Opening Player-Data//16-S2-128/Inputs-S2-P12-3
Opening Player-Data//16-S2-128/Inputs-S2-P13-3
Opening Player-Data//16-S2-128/Inputs-S2-P14-3
Opening Player-Data//16-S2-128/Inputs-S2-P15-3
Opening Player-Data//16-S2-128/Inputs-S2-P0-4
Opening Player-Data//16-S2-128/Inputs-S2-P1-4
Opening Player-Data//16-S2-128/Inputs-S2-P2-4
Opening Player-Data//16-S2-128/Inputs-S2-P3-4
Opening Player-Data//16-S2-128/Inputs-S2-P4-4
Opening Player-Data//16-S2-128/Inputs-S2-P5-4
Opening Player-Data//16-S2-128/Inputs-S2-P6-4
Opening Player-Data//16-S2-128/Inputs-S2-P7-4
Opening Player-Data//16-S2-128/Inputs-S2-P8-4
Opening Player-Data//16-S2-128/Inputs-S2-P9-4
Opening Player-Data//16-S2-128/Inputs-S2-P10-4
Opening Player-Data//16-S2-128/Inputs-S2-P11-4
Opening Player-Data//16-S2-128/Inputs-S2-P12-4
Opening Player-Data//16-S2-128/Inputs-S2-P13-4
Opening Player-Data//16-S2-128/Inputs-S2-P14-4
Opening Player-Data//16-S2-128/Inputs-S2-P15-4
Opening Player-Data//16-S2-128/Inputs-S2-P0-5
Opening Player-Data//16-S2-128/Inputs-S2-P1-5
Opening Player-Data//16-S2-128/Inputs-S2-P2-5
Opening Player-Data//16-S2-128/Inputs-S2-P3-5
Opening Player-Data//16-S2-128/Inputs-S2-P4-5
Opening Player-Data//16-S2-128/Inputs-S2-P5-5
Opening Player-Data//16-S2-128/Inputs-S2-P6-5
Opening Player-Data//16-S2-128/Inputs-S2-P7-5
Opening Player-Data//16-S2-128/Inputs-S2-P8-5
Opening Player-Data//16-S2-128/Inputs-S2-P9-5
Opening Player-Data//16-S2-128/Inputs-S2-P10-5
Opening Player-Data//16-S2-128/Inputs-S2-P11-5
Opening Player-Data//16-S2-128/Inputs-S2-P12-5
Opening Player-Data//16-S2-128/Inputs-S2-P13-5
Opening Player-Data//16-S2-128/Inputs-S2-P14-5
Opening Player-Data//16-S2-128/Inputs-S2-P15-5
Opening Player-Data//16-S2-128/Inputs-S2-P0-6
Opening Player-Data//16-S2-128/Inputs-S2-P1-6
Opening Player-Data//16-S2-128/Inputs-S2-P2-6
Opening Player-Data//16-S2-128/Inputs-S2-P3-6
Opening Player-Data//16-S2-128/Inputs-S2-P4-6
Opening Player-Data//16-S2-128/Inputs-S2-P5-6
Opening Player-Data//16-S2-128/Inputs-S2-P6-6
Opening Player-Data//16-S2-128/Inputs-S2-P7-6
Opening Player-Data//16-S2-128/Inputs-S2-P8-6
Opening Player-Data//16-S2-128/Inputs-S2-P9-6
Opening Player-Data//16-S2-128/Inputs-S2-P10-6
Opening Player-Data//16-S2-128/Inputs-S2-P11-6
Opening Player-Data//16-S2-128/Inputs-S2-P12-6
Opening Player-Data//16-S2-128/Inputs-S2-P13-6
Opening Player-Data//16-S2-128/Inputs-S2-P14-6
Opening Player-Data//16-S2-128/Inputs-S2-P15-6
Opening Player-Data//16-S2-128/Inputs-S2-P0-7
Opening Player-Data//16-S2-128/Inputs-S2-P1-7
Opening Player-Data//16-S2-128/Inputs-S2-P2-7
Opening Player-Data//16-S2-128/Inputs-S2-P3-7
Opening Player-Data//16-S2-128/Inputs-S2-P4-7
Opening Player-Data//16-S2-128/Inputs-S2-P5-7
Opening Player-Data//16-S2-128/Inputs-S2-P6-7
Opening Player-Data//16-S2-128/Inputs-S2-P7-7
Opening Player-Data//16-S2-128/Inputs-S2-P8-7
Opening Player-Data//16-S2-128/Inputs-S2-P9-7
Opening Player-Data//16-S2-128/Inputs-S2-P10-7
Opening Player-Data//16-S2-128/Inputs-S2-P11-7
Opening Player-Data//16-S2-128/Inputs-S2-P12-7
Opening Player-Data//16-S2-128/Inputs-S2-P13-7
Opening Player-Data//16-S2-128/Inputs-S2-P14-7
Opening Player-Data//16-S2-128/Inputs-S2-P15-7
Opening Player-Data//16-S2-128/Inputs-S2-P0-8
Opening Player-Data//16-S2-128/Inputs-S2-P1-8
Opening Player-Data//16-S2-128/Inputs-S2-P2-8
Opening Player-Data//16-S2-128/Inputs-S2-P3-8
Opening Player-Data//16-S2-128/Inputs-S2-P4-8
Opening Player-Data//16-S2-128/Inputs-S2-P5-8
Opening Player-Data//16-S2-128/Inputs-S2-P6-8
Opening Player-Data//16-S2-128/Inputs-S2-P7-8
Opening Player-Data//16-S2-128/Inputs-S2-P8-8
Opening Player-Data//16-S2-128/Inputs-S2-P9-8
Opening Player-Data//16-S2-128/Inputs-S2-P10-8
Opening Player-Data//16-S2-128/Inputs-S2-P11-8
Opening Player-Data//16-S2-128/Inputs-S2-P12-8
Opening Player-Data//16-S2-128/Inputs-S2-P13-8
Opening Player-Data//16-S2-128/Inputs-S2-P14-8
Opening Player-Data//16-S2-128/Inputs-S2-P15-8
Opening Player-Data//16-S2-128/Inputs-S2-P0-9
Opening Player-Data//16-S2-128/Inputs-S2-P1-9
Opening Player-Data//16-S2-128/Inputs-S2-P2-9
Opening Player-Data//16-S2-128/Inputs-S2-P3-9
Opening Player-Data//16-S2-128/Inputs-S2-P4-9
Opening Player-Data//16-S2-128/Inputs-S2-P5-9
Opening Player-Data//16-S2-128/Inputs-S2-P6-9
Opening Player-Data//16-S2-128/Inputs-S2-P7-9
Opening Player-Data//16-S2-128/Inputs-S2-P8-9
Opening Player-Data//16-S2-128/Inputs-S2-P9-9
Opening Player-Data//16-S2-128/Inputs-S2-P10-9
Opening Player-Data//16-S2-128/Inputs-S2-P11-9
Opening Player-Data//16-S2-128/Inputs-S2-P12-9
Opening Player-Data//16-S2-128/Inputs-S2-P13-9
Opening Player-Data//16-S2-128/Inputs-S2-P14-9
Opening Player-Data//16-S2-128/Inputs-S2-P15-9
Opening Player-Data//16-S2-128/Inputs-S2-P0-10
Opening Player-Data//16-S2-128/Inputs-S2-P1-10
Opening Player-Data//16-S2-128/Inputs-S2-P2-10
Opening Player-Data//16-S2-128/Inputs-S2-P3-10
Opening Player-Data//16-S2-128/Inputs-S2-P4-10
Opening Player-Data//16-S2-128/Inputs-S2-P5-10
Opening Player-Data//16-S2-128/Inputs-S2-P6-10
Opening Player-Data//16-S2-128/Inputs-S2-P7-10
Opening Player-Data//16-S2-128/Inputs-S2-P8-10
Opening Player-Data//16-S2-128/Inputs-S2-P9-10
Opening Player-Data//16-S2-128/Inputs-S2-P10-10
Opening Player-Data//16-S2-128/Inputs-S2-P11-10
Opening Player-Data//16-S2-128/Inputs-S2-P12-10
Opening Player-Data//16-S2-128/Inputs-S2-P13-10
Opening Player-Data//16-S2-128/Inputs-S2-P14-10
Opening Player-Data//16-S2-128/Inputs-S2-P15-10
Opening Player-Data//16-S2-128/Inputs-S2-P0-11
Opening Player-Data//16-S2-128/Inputs-S2-P1-11
Opening Player-Data//16-S2-128/Inputs-S2-P2-11
Opening Player-Data//16-S2-128/Inputs-S2-P3-11
Opening Player-Data//16-S2-128/Inputs-S2-P4-11
Opening Player-Data//16-S2-128/Inputs-S2-P5-11
Opening Player-Data//16-S2-128/Inputs-S2-P6-11
Opening Player-Data//16-S2-128/Inputs-S2-P7-11
Opening Player-Data//16-S2-128/Inputs-S2-P8-11
Opening Player-Data//16-S2-128/Inputs-S2-P9-11
Opening Player-Data//16-S2-128/Inputs-S2-P10-11
Opening Player-Data//16-S2-128/Inputs-S2-P11-11
Opening Player-Data//16-S2-128/Inputs-S2-P12-11
Opening Player-Data//16-S2-128/Inputs-S2-P13-11
Opening Player-Data//16-S2-128/Inputs-S2-P14-11
Opening Player-Data//16-S2-128/Inputs-S2-P15-11
Opening Player-Data//16-S2-128/Inputs-S2-P0-12
Opening Player-Data//16-S2-128/Inputs-S2-P1-12
Opening Player-Data//16-S2-128/Inputs-S2-P2-12
Opening Player-Data//16-S2-128/Inputs-S2-P3-12
Opening Player-Data//16-S2-128/Inputs-S2-P4-12
Opening Player-Data//16-S2-128/Inputs-S2-P5-12
Opening Player-Data//16-S2-128/Inputs-S2-P6-12
Opening Player-Data//16-S2-128/Inputs-S2-P7-12
Opening Player-Data//16-S2-128/Inputs-S2-P8-12
Opening Player-Data//16-S2-128/Inputs-S2-P9-12
Opening Player-Data//16-S2-128/Inputs-S2-P10-12
Opening Player-Data//16-S2-128/Inputs-S2-P11-12
Opening Player-Data//16-S2-128/Inputs-S2-P12-12
Opening Player-Data//16-S2-128/Inputs-S2-P13-12
Opening Player-Data//16-S2-128/Inputs-S2-P14-12
Opening Player-Data//16-S2-128/Inputs-S2-P15-12
Opening Player-Data//16-S2-128/Inputs-S2-P0-13
Opening Player-Data//16-S2-128/Inputs-S2-P1-13
Opening Player-Data//16-S2-128/Inputs-S2-P2-13
Opening Player-Data//16-S2-128/Inputs-S2-P3-13
Opening Player-Data//16-S2-128/Inputs-S2-P4-13
Opening Player-Data//16-S2-128/Inputs-S2-P5-13
Opening Player-Data//16-S2-128/Inputs-S2-P6-13
Opening Player-Data//16-S2-128/Inputs-S2-P7-13
Opening Player-Data//16-S2-128/Inputs-S2-P8-13
Opening Player-Data//16-S2-128/Inputs-S2-P9-13
Opening Player-Data//16-S2-128/Inputs-S2-P10-13
Opening Player-Data//16-S2-128/Inputs-S2-P11-13
Opening Player-Data//16-S2-128/Inputs-S2-P12-13
Opening Player-Data//16-S2-128/Inputs-S2-P13-13
Opening Player-Data//16-S2-128/Inputs-S2-P14-13
Opening Player-Data//16-S2-128/Inputs-S2-P15-13
Opening Player-Data//16-S2-128/Inputs-S2-P0-14
Opening Player-Data//16-S2-128/Inputs-S2-P1-14
Opening Player-Data//16-S2-128/Inputs-S2-P2-14
Opening Player-Data//16-S2-128/Inputs-S2-P3-14
Opening Player-Data//16-S2-128/Inputs-S2-P4-14
Opening Player-Data//16-S2-128/Inputs-S2-P5-14
Opening Player-Data//16-S2-128/Inputs-S2-P6-14
Opening Player-Data//16-S2-128/Inputs-S2-P7-14
Opening Player-Data//16-S2-128/Inputs-S2-P8-14
Opening Player-Data//16-S2-128/Inputs-S2-P9-14
Opening Player-Data//16-S2-128/Inputs-S2-P10-14
Opening Player-Data//16-S2-128/Inputs-S2-P11-14
Opening Player-Data//16-S2-128/Inputs-S2-P12-14
Opening Player-Data//16-S2-128/Inputs-S2-P13-14
Opening Player-Data//16-S2-128/Inputs-S2-P14-14
Opening Player-Data//16-S2-128/Inputs-S2-P15-14
Opening Player-Data//16-S2-128/Inputs-S2-P0-15
Opening Player-Data//16-S2-128/Inputs-S2-P1-15
Opening Player-Data//16-S2-128/Inputs-S2-P2-15
Opening Player-Data//16-S2-128/Inputs-S2-P3-15
Opening Player-Data//16-S2-128/Inputs-S2-P4-15
Opening Player-Data//16-S2-128/Inputs-S2-P5-15
Opening Player-Data//16-S2-128/Inputs-S2-P6-15
Opening Player-Data//16-S2-128/Inputs-S2-P7-15
Opening Player-Data//16-S2-128/Inputs-S2-P8-15
Opening Player-Data//16-S2-128/Inputs-S2-P9-15
Opening Player-Data//16-S2-128/Inputs-S2-P10-15
Opening Player-Data//16-S2-128/Inputs-S2-P11-15
Opening Player-Data//16-S2-128/Inputs-S2-P12-15
Opening Player-Data//16-S2-128/Inputs-S2-P13-15
Opening Player-Data//16-S2-128/Inputs-S2-P14-15
Opening Player-Data//16-S2-128/Inputs-S2-P15-15
Opening Player-Data//16-S2-128/Squares-S2-P0
Opening Player-Data//16-S2-128/Squares-S2-P1
Opening Player-Data//16-S2-128/Squares-S2-P2
Opening Player-Data//16-S2-128/Squares-S2-P3
Opening Player-Data//16-S2-128/Squares-S2-P4
Opening Player-Data//16-S2-128/Squares-S2-P5
Opening Player-Data//16-S2-128/Squares-S2-P6
Opening Player-Data//16-S2-128/Squares-S2-P7
Opening Player-Data//16-S2-128/Squares-S2-P8
Opening Player-Data//16-S2-128/Squares-S2-P9
Opening Player-Data//16-S2-128/Squares-S2-P10
Opening Player-Data//16-S2-128/Squares-S2-P11
Opening Player-Data//16-S2-128/Squares-S2-P12
Opening Player-Data//16-S2-128/Squares-S2-P13
Opening Player-Data//16-S2-128/Squares-S2-P14
Opening Player-Data//16-S2-128/Squares-S2-P15
Opening Player-Data//16-S2-128/daBits-S2-P0
Opening Player-Data//16-S2-128/daBits-S2-P1
Opening Player-Data//16-S2-128/daBits-S2-P2
Opening Player-Data//16-S2-128/daBits-S2-P3
Opening Player-Data//16-S2-128/daBits-S2-P4
Opening Player-Data//16-S2-128/daBits-S2-P5
Opening Player-Data//16-S2-128/daBits-S2-P6
Opening Player-Data//16-S2-128/daBits-S2-P7
Opening Player-Data//16-S2-128/daBits-S2-P8
Opening Player-Data//16-S2-128/daBits-S2-P9
Opening Player-Data//16-S2-128/daBits-S2-P10
Opening Player-Data//16-S2-128/daBits-S2-P11
Opening Player-Data//16-S2-128/daBits-S2-P12
Opening Player-Data//16-S2-128/daBits-S2-P13
Opening Player-Data//16-S2-128/daBits-S2-P14
Opening Player-Data//16-S2-128/daBits-S2-P15
Opening Player-Data//16-S2-128/Inverses-S2-P0
Opening Player-Data//16-S2-128/Inverses-S2-P1
Opening Player-Data//16-S2-128/Inverses-S2-P2
Opening Player-Data//16-S2-128/Inverses-S2-P3
Opening Player-Data//16-S2-128/Inverses-S2-P4
Opening Player-Data//16-S2-128/Inverses-S2-P5
Opening Player-Data//16-S2-128/Inverses-S2-P6
Opening Player-Data//16-S2-128/Inverses-S2-P7
Opening Player-Data//16-S2-128/Inverses-S2-P8
Opening Player-Data//16-S2-128/Inverses-S2-P9
Opening Player-Data//16-S2-128/Inverses-S2-P10
Opening Player-Data//16-S2-128/Inverses-S2-P11
Opening Player-Data//16-S2-128/Inverses-S2-P12
Opening Player-Data//16-S2-128/Inverses-S2-P13
Opening Player-Data//16-S2-128/Inverses-S2-P14
Opening Player-Data//16-S2-128/Inverses-S2-P15
Opening Player-Data//16-MS2-128/Triples-MS2-P0
Opening Player-Data//16-MS2-128/Triples-MS2-P1
Opening Player-Data//16-MS2-128/Triples-MS2-P2
Opening Player-Data//16-MS2-128/Triples-MS2-P3
Opening Player-Data//16-MS2-128/Triples-MS2-P4
Opening Player-Data//16-MS2-128/Triples-MS2-P5
Opening Player-Data//16-MS2-128/Triples-MS2-P6
Opening Player-Data//16-MS2-128/Triples-MS2-P7
Opening Player-Data//16-MS2-128/Triples-MS2-P8
Opening Player-Data//16-MS2-128/Triples-MS2-P9
Opening Player-Data//16-MS2-128/Triples-MS2-P10
Opening Player-Data//16-MS2-128/Triples-MS2-P11
Opening Player-Data//16-MS2-128/Triples-MS2-P12
Opening Player-Data//16-MS2-128/Triples-MS2-P13
Opening Player-Data//16-MS2-128/Triples-MS2-P14
Opening Player-Data//16-MS2-128/Triples-MS2-P15
Opening Player-Data//16-MS2-128/Bits-MS2-P0
Opening Player-Data//16-MS2-128/Bits-MS2-P1
Opening Player-Data//16-MS2-128/Bits-MS2-P2
Opening Player-Data//16-MS2-128/Bits-MS2-P3
Opening Player-Data//16-MS2-128/Bits-MS2-P4
Opening Player-Data//16-MS2-128/Bits-MS2-P5
Opening Player-Data//16-MS2-128/Bits-MS2-P6
Opening Player-Data//16-MS2-128/Bits-MS2-P7
Opening Player-Data//16-MS2-128/Bits-MS2-P8
Opening Player-Data//16-MS2-128/Bits-MS2-P9
Opening Player-Data//16-MS2-128/Bits-MS2-P10
Opening Player-Data//16-MS2-128/Bits-MS2-P11
Opening Player-Data//16-MS2-128/Bits-MS2-P12
Opening Player-Data//16-MS2-128/Bits-MS2-P13
Opening Player-Data//16-MS2-128/Bits-MS2-P14
Opening Player-Data//16-MS2-128/Bits-MS2-P15
Opening Player-Data//16-MS2-128/Inputs-MS2-P0-0
Opening Player-Data//16-MS2-128/Inputs-MS2-P1-0
Opening Player-Data//16-MS2-128/Inputs-MS2-P2-0
Opening Player-Data//16-MS2-128/Inputs-MS2-P3-0
Opening Player-Data//16-MS2-128/Inputs-MS2-P4-0
Opening Player-Data//16-MS2-128/Inputs-MS2-P5-0
Opening Player-Data//16-MS2-128/Inputs-MS2-P6-0
Opening Player-Data//16-MS2-128/Inputs-MS2-P7-0
Opening Player-Data//16-MS2-128/Inputs-MS2-P8-0
Opening Player-Data//16-MS2-128/Inputs-MS2-P9-0
Opening Player-Data//16-MS2-128/Inputs-MS2-P10-0
Opening Player-Data//16-MS2-128/Inputs-MS2-P11-0
Opening Player-Data//16-MS2-128/Inputs-MS2-P12-0
Opening Player-Data//16-MS2-128/Inputs-MS2-P13-0
Opening Player-Data//16-MS2-128/Inputs-MS2-P14-0
Opening Player-Data//16-MS2-128/Inputs-MS2-P15-0
Opening Player-Data//16-MS2-128/Inputs-MS2-P0-1
Opening Player-Data//16-MS2-128/Inputs-MS2-P1-1
Opening Player-Data//16-MS2-128/Inputs-MS2-P2-1
Opening Player-Data//16-MS2-128/Inputs-MS2-P3-1
Opening Player-Data//16-MS2-128/Inputs-MS2-P4-1
Opening Player-Data//16-MS2-128/Inputs-MS2-P5-1
Opening Player-Data//16-MS2-128/Inputs-MS2-P6-1
Opening Player-Data//16-MS2-128/Inputs-MS2-P7-1
Opening Player-Data//16-MS2-128/Inputs-MS2-P8-1
Opening Player-Data//16-MS2-128/Inputs-MS2-P9-1
Opening Player-Data//16-MS2-128/Inputs-MS2-P10-1
Opening Player-Data//16-MS2-128/Inputs-MS2-P11-1
Opening Player-Data//16-MS2-128/Inputs-MS2-P12-1
Opening Player-Data//16-MS2-128/Inputs-MS2-P13-1
Opening Player-Data//16-MS2-128/Inputs-MS2-P14-1
Opening Player-Data//16-MS2-128/Inputs-MS2-P15-1
Opening Player-Data//16-MS2-128/Inputs-MS2-P0-2
Opening Player-Data//16-MS2-128/Inputs-MS2-P1-2
Opening Player-Data//16-MS2-128/Inputs-MS2-P2-2
Opening Player-Data//16-MS2-128/Inputs-MS2-P3-2
Opening Player-Data//16-MS2-128/Inputs-MS2-P4-2
Opening Player-Data//16-MS2-128/Inputs-MS2-P5-2
Opening Player-Data//16-MS2-128/Inputs-MS2-P6-2
Opening Player-Data//16-MS2-128/Inputs-MS2-P7-2
Opening Player-Data//16-MS2-128/Inputs-MS2-P8-2
Opening Player-Data//16-MS2-128/Inputs-MS2-P9-2
Opening Player-Data//16-MS2-128/Inputs-MS2-P10-2
Opening Player-Data//16-MS2-128/Inputs-MS2-P11-2
Opening Player-Data//16-MS2-128/Inputs-MS2-P12-2
Opening Player-Data//16-MS2-128/Inputs-MS2-P13-2
Opening Player-Data//16-MS2-128/Inputs-MS2-P14-2
Opening Player-Data//16-MS2-128/Inputs-MS2-P15-2
Opening Player-Data//16-MS2-128/Inputs-MS2-P0-3
Opening Player-Data//16-MS2-128/Inputs-MS2-P1-3
Opening Player-Data//16-MS2-128/Inputs-MS2-P2-3
Opening Player-Data//16-MS2-128/Inputs-MS2-P3-3
Opening Player-Data//16-MS2-128/Inputs-MS2-P4-3
Opening Player-Data//16-MS2-128/Inputs-MS2-P5-3
Opening Player-Data//16-MS2-128/Inputs-MS2-P6-3
Opening Player-Data//16-MS2-128/Inputs-MS2-P7-3
Opening Player-Data//16-MS2-128/Inputs-MS2-P8-3
Opening Player-Data//16-MS2-128/Inputs-MS2-P9-3
Opening Player-Data//16-MS2-128/Inputs-MS2-P10-3
Opening Player-Data//16-MS2-128/Inputs-MS2-P11-3
Opening Player-Data//16-MS2-128/Inputs-MS2-P12-3
Opening Player-Data//16-MS2-128/Inputs-MS2-P13-3
Opening Player-Data//16-MS2-128/Inputs-MS2-P14-3
Opening Player-Data//16-MS2-128/Inputs-MS2-P15-3
Opening Player-Data//16-MS2-128/Inputs-MS2-P0-4
Opening Player-Data//16-MS2-128/Inputs-MS2-P1-4
Opening Player-Data//16-MS2-128/Inputs-MS2-P2-4
Opening Player-Data//16-MS2-128/Inputs-MS2-P3-4
Opening Player-Data//16-MS2-128/Inputs-MS2-P4-4
Opening Player-Data//16-MS2-128/Inputs-MS2-P5-4
Opening Player-Data//16-MS2-128/Inputs-MS2-P6-4
Opening Player-Data//16-MS2-128/Inputs-MS2-P7-4
Opening Player-Data//16-MS2-128/Inputs-MS2-P8-4
Opening Player-Data//16-MS2-128/Inputs-MS2-P9-4
Opening Player-Data//16-MS2-128/Inputs-MS2-P10-4
Opening Player-Data//16-MS2-128/Inputs-MS2-P11-4
Opening Player-Data//16-MS2-128/Inputs-MS2-P12-4
Opening Player-Data//16-MS2-128/Inputs-MS2-P13-4
Opening Player-Data//16-MS2-128/Inputs-MS2-P14-4
Opening Player-Data//16-MS2-128/Inputs-MS2-P15-4
Opening Player-Data//16-MS2-128/Inputs-MS2-P0-5
Opening Player-Data//16-MS2-128/Inputs-MS2-P1-5
Opening Player-Data//16-MS2-128/Inputs-MS2-P2-5
Opening Player-Data//16-MS2-128/Inputs-MS2-P3-5
Opening Player-Data//16-MS2-128/Inputs-MS2-P4-5
Opening Player-Data//16-MS2-128/Inputs-MS2-P5-5
Opening Player-Data//16-MS2-128/Inputs-MS2-P6-5
Opening Player-Data//16-MS2-128/Inputs-MS2-P7-5
Opening Player-Data//16-MS2-128/Inputs-MS2-P8-5
Opening Player-Data//16-MS2-128/Inputs-MS2-P9-5
Opening Player-Data//16-MS2-128/Inputs-MS2-P10-5
Opening Player-Data//16-MS2-128/Inputs-MS2-P11-5
Opening Player-Data//16-MS2-128/Inputs-MS2-P12-5
Opening Player-Data//16-MS2-128/Inputs-MS2-P13-5
Opening Player-Data//16-MS2-128/Inputs-MS2-P14-5
Opening Player-Data//16-MS2-128/Inputs-MS2-P15-5
Opening Player-Data//16-MS2-128/Inputs-MS2-P0-6
Opening Player-Data//16-MS2-128/Inputs-MS2-P1-6
Opening Player-Data//16-MS2-128/Inputs-MS2-P2-6
Opening Player-Data//16-MS2-128/Inputs-MS2-P3-6
Opening Player-Data//16-MS2-128/Inputs-MS2-P4-6
Opening Player-Data//16-MS2-128/Inputs-MS2-P5-6
Opening Player-Data//16-MS2-128/Inputs-MS2-P6-6
Opening Player-Data//16-MS2-128/Inputs-MS2-P7-6
Opening Player-Data//16-MS2-128/Inputs-MS2-P8-6
Opening Player-Data//16-MS2-128/Inputs-MS2-P9-6
Opening Player-Data//16-MS2-128/Inputs-MS2-P10-6
Opening Player-Data//16-MS2-128/Inputs-MS2-P11-6
Opening Player-Data//16-MS2-128/Inputs-MS2-P12-6
Opening Player-Data//16-MS2-128/Inputs-MS2-P13-6
Opening Player-Data//16-MS2-128/Inputs-MS2-P14-6
Opening Player-Data//16-MS2-128/Inputs-MS2-P15-6
Opening Player-Data//16-MS2-128/Inputs-MS2-P0-7
Opening Player-Data//16-MS2-128/Inputs-MS2-P1-7
Opening Player-Data//16-MS2-128/Inputs-MS2-P2-7
Opening Player-Data//16-MS2-128/Inputs-MS2-P3-7
Opening Player-Data//16-MS2-128/Inputs-MS2-P4-7
Opening Player-Data//16-MS2-128/Inputs-MS2-P5-7
Opening Player-Data//16-MS2-128/Inputs-MS2-P6-7
Opening Player-Data//16-MS2-128/Inputs-MS2-P7-7
Opening Player-Data//16-MS2-128/Inputs-MS2-P8-7
Opening Player-Data//16-MS2-128/Inputs-MS2-P9-7
Opening Player-Data//16-MS2-128/Inputs-MS2-P10-7
Opening Player-Data//16-MS2-128/Inputs-MS2-P11-7
Opening Player-Data//16-MS2-128/Inputs-MS2-P12-7
Opening Player-Data//16-MS2-128/Inputs-MS2-P13-7
Opening Player-Data//16-MS2-128/Inputs-MS2-P14-7
Opening Player-Data//16-MS2-128/Inputs-MS2-P15-7
Opening Player-Data//16-MS2-128/Inputs-MS2-P0-8
Opening Player-Data//16-MS2-128/Inputs-MS2-P1-8
Opening Player-Data//16-MS2-128/Inputs-MS2-P2-8
Opening Player-Data//16-MS2-128/Inputs-MS2-P3-8
Opening Player-Data//16-MS2-128/Inputs-MS2-P4-8
Opening Player-Data//16-MS2-128/Inputs-MS2-P5-8
Opening Player-Data//16-MS2-128/Inputs-MS2-P6-8
Opening Player-Data//16-MS2-128/Inputs-MS2-P7-8
Opening Player-Data//16-MS2-128/Inputs-MS2-P8-8
Opening Player-Data//16-MS2-128/Inputs-MS2-P9-8
Opening Player-Data//16-MS2-128/Inputs-MS2-P10-8
Opening Player-Data//16-MS2-128/Inputs-MS2-P11-8
Opening Player-Data//16-MS2-128/Inputs-MS2-P12-8
Opening Player-Data//16-MS2-128/Inputs-MS2-P13-8
Opening Player-Data//16-MS2-128/Inputs-MS2-P14-8
Opening Player-Data//16-MS2-128/Inputs-MS2-P15-8
Opening Player-Data//16-MS2-128/Inputs-MS2-P0-9
Opening Player-Data//16-MS2-128/Inputs-MS2-P1-9
Opening Player-Data//16-MS2-128/Inputs-MS2-P2-9
Opening Player-Data//16-MS2-128/Inputs-MS2-P3-9
Opening Player-Data//16-MS2-128/Inputs-MS2-P4-9
Opening Player-Data//16-MS2-128/Inputs-MS2-P5-9
Opening Player-Data//16-MS2-128/Inputs-MS2-P6-9
Opening Player-Data//16-MS2-128/Inputs-MS2-P7-9
Opening Player-Data//16-MS2-128/Inputs-MS2-P8-9
Opening Player-Data//16-MS2-128/Inputs-MS2-P9-9
Opening Player-Data//16-MS2-128/Inputs-MS2-P10-9
Opening Player-Data//16-MS2-128/Inputs-MS2-P11-9
Opening Player-Data//16-MS2-128/Inputs-MS2-P12-9
Opening Player-Data//16-MS2-128/Inputs-MS2-P13-9
Opening Player-Data//16-MS2-128/Inputs-MS2-P14-9
Opening Player-Data//16-MS2-128/Inputs-MS2-P15-9
Opening Player-Data//16-MS2-128/Inputs-MS2-P0-10
Opening Player-Data//16-MS2-128/Inputs-MS2-P1-10
Opening Player-Data//16-MS2-128/Inputs-MS2-P2-10
Opening Player-Data//16-MS2-128/Inputs-MS2-P3-10
Opening Player-Data//16-MS2-128/Inputs-MS2-P4-10
Opening Player-Data//16-MS2-128/Inputs-MS2-P5-10
Opening Player-Data//16-MS2-128/Inputs-MS2-P6-10
Opening Player-Data//16-MS2-128/Inputs-MS2-P7-10
Opening Player-Data//16-MS2-128/Inputs-MS2-P8-10
Opening Player-Data//16-MS2-128/Inputs-MS2-P9-10
Opening Player-Data//16-MS2-128/Inputs-MS2-P10-10
Opening Player-Data//16-MS2-128/Inputs-MS2-P11-10
Opening Player-Data//16-MS2-128/Inputs-MS2-P12-10
Opening Player-Data//16-MS2-128/Inputs-MS2-P13-10
Opening Player-Data//16-MS2-128/Inputs-MS2-P14-10
Opening Player-Data//16-MS2-128/Inputs-MS2-P15-10
Opening Player-Data//16-MS2-128/Inputs-MS2-P0-11
Opening Player-Data//16-MS2-128/Inputs-MS2-P1-11
Opening Player-Data//16-MS2-128/Inputs-MS2-P2-11
Opening Player-Data//16-MS2-128/Inputs-MS2-P3-11
Opening Player-Data//16-MS2-128/Inputs-MS2-P4-11
Opening Player-Data//16-MS2-128/Inputs-MS2-P5-11
Opening Player-Data//16-MS2-128/Inputs-MS2-P6-11
Opening Player-Data//16-MS2-128/Inputs-MS2-P7-11
Opening Player-Data//16-MS2-128/Inputs-MS2-P8-11
Opening Player-Data//16-MS2-128/Inputs-MS2-P9-11
Opening Player-Data//16-MS2-128/Inputs-MS2-P10-11
Opening Player-Data//16-MS2-128/Inputs-MS2-P11-11
Opening Player-Data//16-MS2-128/Inputs-MS2-P12-11
Opening Player-Data//16-MS2-128/Inputs-MS2-P13-11
Opening Player-Data//16-MS2-128/Inputs-MS2-P14-11
Opening Player-Data//16-MS2-128/Inputs-MS2-P15-11
Opening Player-Data//16-MS2-128/Inputs-MS2-P0-12
Opening Player-Data//16-MS2-128/Inputs-MS2-P1-12
Opening Player-Data//16-MS2-128/Inputs-MS2-P2-12
Opening Player-Data//16-MS2-128/Inputs-MS2-P3-12
Opening Player-Data//16-MS2-128/Inputs-MS2-P4-12
Opening Player-Data//16-MS2-128/Inputs-MS2-P5-12
Opening Player-Data//16-MS2-128/Inputs-MS2-P6-12
Opening Player-Data//16-MS2-128/Inputs-MS2-P7-12
Opening Player-Data//16-MS2-128/Inputs-MS2-P8-12
Opening Player-Data//16-MS2-128/Inputs-MS2-P9-12
Opening Player-Data//16-MS2-128/Inputs-MS2-P10-12
Opening Player-Data//16-MS2-128/Inputs-MS2-P11-12
Opening Player-Data//16-MS2-128/Inputs-MS2-P12-12
Opening Player-Data//16-MS2-128/Inputs-MS2-P13-12
Opening Player-Data//16-MS2-128/Inputs-MS2-P14-12
Opening Player-Data//16-MS2-128/Inputs-MS2-P15-12
Opening Player-Data//16-MS2-128/Inputs-MS2-P0-13
Opening Player-Data//16-MS2-128/Inputs-MS2-P1-13
Opening Player-Data//16-MS2-128/Inputs-MS2-P2-13
Opening Player-Data//16-MS2-128/Inputs-MS2-P3-13
Opening Player-Data//16-MS2-128/Inputs-MS2-P4-13
Opening Player-Data//16-MS2-128/Inputs-MS2-P5-13
Opening Player-Data//16-MS2-128/Inputs-MS2-P6-13
Opening Player-Data//16-MS2-128/Inputs-MS2-P7-13
Opening Player-Data//16-MS2-128/Inputs-MS2-P8-13
Opening Player-Data//16-MS2-128/Inputs-MS2-P9-13
Opening Player-Data//16-MS2-128/Inputs-MS2-P10-13
Opening Player-Data//16-MS2-128/Inputs-MS2-P11-13
Opening Player-Data//16-MS2-128/Inputs-MS2-P12-13
Opening Player-Data//16-MS2-128/Inputs-MS2-P13-13
Opening Player-Data//16-MS2-128/Inputs-MS2-P14-13
Opening Player-Data//16-MS2-128/Inputs-MS2-P15-13
Opening Player-Data//16-MS2-128/Inputs-MS2-P0-14
Opening Player-Data//16-MS2-128/Inputs-MS2-P1-14
Opening Player-Data//16-MS2-128/Inputs-MS2-P2-14
Opening Player-Data//16-MS2-128/Inputs-MS2-P3-14
Opening Player-Data//16-MS2-128/Inputs-MS2-P4-14
Opening Player-Data//16-MS2-128/Inputs-MS2-P5-14
Opening Player-Data//16-MS2-128/Inputs-MS2-P6-14
Opening Player-Data//16-MS2-128/Inputs-MS2-P7-14
Opening Player-Data//16-MS2-128/Inputs-MS2-P8-14
Opening Player-Data//16-MS2-128/Inputs-MS2-P9-14
Opening Player-Data//16-MS2-128/Inputs-MS2-P10-14
Opening Player-Data//16-MS2-128/Inputs-MS2-P11-14
Opening Player-Data//16-MS2-128/Inputs-MS2-P12-14
Opening Player-Data//16-MS2-128/Inputs-MS2-P13-14
Opening Player-Data//16-MS2-128/Inputs-MS2-P14-14
Opening Player-Data//16-MS2-128/Inputs-MS2-P15-14
Opening Player-Data//16-MS2-128/Inputs-MS2-P0-15
Opening Player-Data//16-MS2-128/Inputs-MS2-P1-15
Opening Player-Data//16-MS2-128/Inputs-MS2-P2-15
Opening Player-Data//16-MS2-128/Inputs-MS2-P3-15
Opening Player-Data//16-MS2-128/Inputs-MS2-P4-15
Opening Player-Data//16-MS2-128/Inputs-MS2-P5-15
Opening Player-Data//16-MS2-128/Inputs-MS2-P6-15
Opening Player-Data//16-MS2-128/Inputs-MS2-P7-15
Opening Player-Data//16-MS2-128/Inputs-MS2-P8-15
Opening Player-Data//16-MS2-128/Inputs-MS2-P9-15
Opening Player-Data//16-MS2-128/Inputs-MS2-P10-15
Opening Player-Data//16-MS2-128/Inputs-MS2-P11-15
Opening Player-Data//16-MS2-128/Inputs-MS2-P12-15
Opening Player-Data//16-MS2-128/Inputs-MS2-P13-15
Opening Player-Data//16-MS2-128/Inputs-MS2-P14-15
Opening Player-Data//16-MS2-128/Inputs-MS2-P15-15
Opening Player-Data//16-MS2-128/Squares-MS2-P0
Opening Player-Data//16-MS2-128/Squares-MS2-P1
Opening Player-Data//16-MS2-128/Squares-MS2-P2
Opening Player-Data//16-MS2-128/Squares-MS2-P3
Opening Player-Data//16-MS2-128/Squares-MS2-P4
Opening Player-Data//16-MS2-128/Squares-MS2-P5
Opening Player-Data//16-MS2-128/Squares-MS2-P6
Opening Player-Data//16-MS2-128/Squares-MS2-P7
Opening Player-Data//16-MS2-128/Squares-MS2-P8
Opening Player-Data//16-MS2-128/Squares-MS2-P9
Opening Player-Data//16-MS2-128/Squares-MS2-P10
Opening Player-Data//16-MS2-128/Squares-MS2-P11
Opening Player-Data//16-MS2-128/Squares-MS2-P12
Opening Player-Data//16-MS2-128/Squares-MS2-P13
Opening Player-Data//16-MS2-128/Squares-MS2-P14
Opening Player-Data//16-MS2-128/Squares-MS2-P15
Opening Player-Data//16-MS2-128/daBits-MS2-P0
Opening Player-Data//16-MS2-128/daBits-MS2-P1
Opening Player-Data//16-MS2-128/daBits-MS2-P2
Opening Player-Data//16-MS2-128/daBits-MS2-P3
Opening Player-Data//16-MS2-128/daBits-MS2-P4
Opening Player-Data//16-MS2-128/daBits-MS2-P5
Opening Player-Data//16-MS2-128/daBits-MS2-P6
Opening Player-Data//16-MS2-128/daBits-MS2-P7
Opening Player-Data//16-MS2-128/daBits-MS2-P8
Opening Player-Data//16-MS2-128/daBits-MS2-P9
Opening Player-Data//16-MS2-128/daBits-MS2-P10
Opening Player-Data//16-MS2-128/daBits-MS2-P11
Opening Player-Data//16-MS2-128/daBits-MS2-P12
Opening Player-Data//16-MS2-128/daBits-MS2-P13
Opening Player-Data//16-MS2-128/daBits-MS2-P14
Opening Player-Data//16-MS2-128/daBits-MS2-P15
Opening Player-Data//16-MS2-128/Inverses-MS2-P0
Opening Player-Data//16-MS2-128/Inverses-MS2-P1
Opening Player-Data//16-MS2-128/Inverses-MS2-P2
Opening Player-Data//16-MS2-128/Inverses-MS2-P3
Opening Player-Data//16-MS2-128/Inverses-MS2-P4
Opening Player-Data//16-MS2-128/Inverses-MS2-P5
Opening Player-Data//16-MS2-128/Inverses-MS2-P6
Opening Player-Data//16-MS2-128/Inverses-MS2-P7
Opening Player-Data//16-MS2-128/Inverses-MS2-P8
Opening Player-Data//16-MS2-128/Inverses-MS2-P9
Opening Player-Data//16-MS2-128/Inverses-MS2-P10
Opening Player-Data//16-MS2-128/Inverses-MS2-P11
Opening Player-Data//16-MS2-128/Inverses-MS2-P12
Opening Player-Data//16-MS2-128/Inverses-MS2-P13
Opening Player-Data//16-MS2-128/Inverses-MS2-P14
Opening Player-Data//16-MS2-128/Inverses-MS2-P15
No MAC key share for player 0, generating a fresh ones
Written new MAC key share to Player-Data//16-SYMS2-128//Player-MAC-Keys-MS2-P0
 Key 0: 067fb50d0e9c90a82845a63331138e69
Written new MAC key share to Player-Data//16-SYMS2-128//Player-MAC-Keys-MS2-P1
 Key 1: 45d8c18d68e99f02a5f6bb7c2476ed9a
Written new MAC key share to Player-Data//16-SYMS2-128//Player-MAC-Keys-MS2-P2
 Key 2: 2b4be78b3c4d214d38cddc9473ffc091
Written new MAC key share to Player-Data//16-SYMS2-128//Player-MAC-Keys-MS2-P3
 Key 3: aa341d8cfd7382c7e5f742b5184edc7e
Written new MAC key share to Player-Data//16-SYMS2-128//Player-MAC-Keys-MS2-P4
 Key 4: 23c106f280d2ad2d66d20a5ba56a2241
Written new MAC key share to Player-Data//16-SYMS2-128//Player-MAC-Keys-MS2-P5
 Key 5: 6391a6e7b400be8cbb21bd57c58d2973
Written new MAC key share to Player-Data//16-SYMS2-128//Player-MAC-Keys-MS2-P6
 Key 6: 33ced13119e79990baafc64074daf185
Written new MAC key share to Player-Data//16-SYMS2-128//Player-MAC-Keys-MS2-P7
 Key 7: a80e89509821f3d03a09b6d0161b53a7
Written new MAC key share to Player-Data//16-SYMS2-128//Player-MAC-Keys-MS2-P8
 Key 8: d70fb45c45fa14ff10a7bd8e3ff1bb7a
Written new MAC key share to Player-Data//16-SYMS2-128//Player-MAC-Keys-MS2-P9
 Key 9: 5a95cc82a302c659ec71eb74270ade23
Written new MAC key share to Player-Data//16-SYMS2-128//Player-MAC-Keys-MS2-P10
 Key 10: b85c659cdae4525cced4ec457f582f23
Written new MAC key share to Player-Data//16-SYMS2-128//Player-MAC-Keys-MS2-P11
 Key 11: 472ffc055191efabeb3fe8a405b78167
Written new MAC key share to Player-Data//16-SYMS2-128//Player-MAC-Keys-MS2-P12
 Key 12: 319c5502fbe134f09a596d9e96697923
Written new MAC key share to Player-Data//16-SYMS2-128//Player-MAC-Keys-MS2-P13
 Key 13: 673ff08ffe000dfb3b53bfb5cffe294d
Written new MAC key share to Player-Data//16-SYMS2-128//Player-MAC-Keys-MS2-P14
 Key 14: 5a374b0fe013b50e49bcf015d4ba8557
Written new MAC key share to Player-Data//16-SYMS2-128//Player-MAC-Keys-MS2-P15
 Key 15: b0c68de355a0f4b10100f7294fe3fcf2
--------------
Final Key: 673579369a2036953c5734d793cbc828
Opening Player-Data//16-SYMS2-128/Triples-SYMS2-P0
Opening Player-Data//16-SYMS2-128/Triples-SYMS2-P1
Opening Player-Data//16-SYMS2-128/Triples-SYMS2-P2
Opening Player-Data//16-SYMS2-128/Triples-SYMS2-P3
Opening Player-Data//16-SYMS2-128/Triples-SYMS2-P4
Opening Player-Data//16-SYMS2-128/Triples-SYMS2-P5
Opening Player-Data//16-SYMS2-128/Triples-SYMS2-P6
Opening Player-Data//16-SYMS2-128/Triples-SYMS2-P7
Opening Player-Data//16-SYMS2-128/Triples-SYMS2-P8
Opening Player-Data//16-SYMS2-128/Triples-SYMS2-P9
Opening Player-Data//16-SYMS2-128/Triples-SYMS2-P10
Opening Player-Data//16-SYMS2-128/Triples-SYMS2-P11
Opening Player-Data//16-SYMS2-128/Triples-SYMS2-P12
Opening Player-Data//16-SYMS2-128/Triples-SYMS2-P13
Opening Player-Data//16-SYMS2-128/Triples-SYMS2-P14
Opening Player-Data//16-SYMS2-128/Triples-SYMS2-P15
Opening Player-Data//16-SYMS2-128/Bits-SYMS2-P0
Opening Player-Data//16-SYMS2-128/Bits-SYMS2-P1
Opening Player-Data//16-SYMS2-128/Bits-SYMS2-P2
Opening Player-Data//16-SYMS2-128/Bits-SYMS2-P3
Opening Player-Data//16-SYMS2-128/Bits-SYMS2-P4
Opening Player-Data//16-SYMS2-128/Bits-SYMS2-P5
Opening Player-Data//16-SYMS2-128/Bits-SYMS2-P6
Opening Player-Data//16-SYMS2-128/Bits-SYMS2-P7
Opening Player-Data//16-SYMS2-128/Bits-SYMS2-P8
Opening Player-Data//16-SYMS2-128/Bits-SYMS2-P9
Opening Player-Data//16-SYMS2-128/Bits-SYMS2-P10
Opening Player-Data//16-SYMS2-128/Bits-SYMS2-P11
Opening Player-Data//16-SYMS2-128/Bits-SYMS2-P12
Opening Player-Data//16-SYMS2-128/Bits-SYMS2-P13
Opening Player-Data//16-SYMS2-128/Bits-SYMS2-P14
Opening Player-Data//16-SYMS2-128/Bits-SYMS2-P15
Opening Player-Data//16-SYMS2-128/Inputs-SYMS2-P0-0
Opening Player-Data//16-SYMS2-128/Inputs-SYMS2-P1-0
Opening Player-Data//16-SYMS2-128/Inputs-SYMS2-P2-0
Opening Player-Data//16-SYMS2-128/Inputs-SYMS2-P3-0
Opening Player-Data//16-SYMS2-128/Inputs-SYMS2-P4-0
Opening Player-Data//16-SYMS2-128/Inputs-SYMS2-P5-0
Opening Player-Data//16-SYMS2-128/Inputs-SYMS2-P6-0
Opening Player-Data//16-SYMS2-128/Inputs-SYMS2-P7-0
Opening Player-Data//16-SYMS2-128/Inputs-SYMS2-P8-0
Opening Player-Data//16-SYMS2-128/Inputs-SYMS2-P9-0
Opening Player-Data//16-SYMS2-128/Inputs-SYMS2-P10-0
Opening Player-Data//16-SYMS2-128/Inputs-SYMS2-P11-0
Opening Player-Data//16-SYMS2-128/Inputs-SYMS2-P12-0
Opening Player-Data//16-SYMS2-128/Inputs-SYMS2-P13-0
Opening Player-Data//16-SYMS2-128/Inputs-SYMS2-P14-0
Opening Player-Data//16-SYMS2-128/Inputs-SYMS2-P15-0
Opening Player-Data//16-SYMS2-128/Inputs-SYMS2-P0-1
Opening Player-Data//16-SYMS2-128/Inputs-SYMS2-P1-1
Opening Player-Data//16-SYMS2-128/Inputs-SYMS2-P2-1
Opening Player-Data//16-SYMS2-128/Inputs-SYMS2-P3-1
Opening Player-Data//16-SYMS2-128/Inputs-SYMS2-P4-1
Opening Player-Data//16-SYMS2-128/Inputs-SYMS2-P5-1
Opening Player-Data//16-SYMS2-128/Inputs-SYMS2-P6-1
Opening Player-Data//16-SYMS2-128/Inputs-SYMS2-P7-1
Opening Player-Data//16-SYMS2-128/Inputs-SYMS2-P8-1
Opening Player-Data//16-SYMS2-128/Inputs-SYMS2-P9-1
Opening Player-Data//16-SYMS2-128/Inputs-SYMS2-P10-1
Opening Player-Data//16-SYMS2-128/Inputs-SYMS2-P11-1
Opening Player-Data//16-SYMS2-128/Inputs-SYMS2-P12-1
Opening Player-Data//16-SYMS2-128/Inputs-SYMS2-P13-1
Opening Player-Data//16-SYMS2-128/Inputs-SYMS2-P14-1
Opening Player-Data//16-SYMS2-128/Inputs-SYMS2-P15-1
Opening Player-Data//16-SYMS2-128/Inputs-SYMS2-P0-2
Opening Player-Data//16-SYMS2-128/Inputs-SYMS2-P1-2
Opening Player-Data//16-SYMS2-128/Inputs-SYMS2-P2-2
Opening Player-Data//16-SYMS2-128/Inputs-SYMS2-P3-2
Opening Player-Data//16-SYMS2-128/Inputs-SYMS2-P4-2
Opening Player-Data//16-SYMS2-128/Inputs-SYMS2-P5-2
Opening Player-Data//16-SYMS2-128/Inputs-SYMS2-P6-2
Opening Player-Data//16-SYMS2-128/Inputs-SYMS2-P7-2
Opening Player-Data//16-SYMS2-128/Inputs-SYMS2-P8-2
Opening Player-Data//16-SYMS2-128/Inputs-SYMS2-P9-2
Opening Player-Data//16-SYMS2-128/Inputs-SYMS2-P10-2
Opening Player-Data//16-SYMS2-128/Inputs-SYMS2-P11-2
Opening Player-Data//16-SYMS2-128/Inputs-SYMS2-P12-2
Opening Player-Data//16-SYMS2-128/Inputs-SYMS2-P13-2
Opening Player-Data//16-SYMS2-128/Inputs-SYMS2-P14-2
Opening Player-Data//16-SYMS2-128/Inputs-SYMS2-P15-2
Opening Player-Data//16-SYMS2-128/Inputs-SYMS2-P0-3
Opening Player-Data//16-SYMS2-128/Inputs-SYMS2-P1-3
Opening Player-Data//16-SYMS2-128/Inputs-SYMS2-P2-3
Opening Player-Data//16-SYMS2-128/Inputs-SYMS2-P3-3
Opening Player-Data//16-SYMS2-128/Inputs-SYMS2-P4-3
Opening Player-Data//16-SYMS2-128/Inputs-SYMS2-P5-3
Opening Player-Data//16-SYMS2-128/Inputs-SYMS2-P6-3
Opening Player-Data//16-SYMS2-128/Inputs-SYMS2-P7-3
Opening Player-Data//16-SYMS2-128/Inputs-SYMS2-P8-3
Opening Player-Data//16-SYMS2-128/Inputs-SYMS2-P9-3
Opening Player-Data//16-SYMS2-128/Inputs-SYMS2-P10-3
Opening Player-Data//16-SYMS2-128/Inputs-SYMS2-P11-3
Opening Player-Data//16-SYMS2-128/Inputs-SYMS2-P12-3
Opening Player-Data//16-SYMS2-128/Inputs-SYMS2-P13-3
Opening Player-Data//16-SYMS2-128/Inputs-SYMS2-P14-3
Opening Player-Data//16-SYMS2-128/Inputs-SYMS2-P15-3
Opening Player-Data//16-SYMS2-128/Inputs-SYMS2-P0-4
Opening Player-Data//16-SYMS2-128/Inputs-SYMS2-P1-4
Opening Player-Data//16-SYMS2-128/Inputs-SYMS2-P2-4
Opening Player-Data//16-SYMS2-128/Inputs-SYMS2-P3-4
Opening Player-Data//16-SYMS2-128/Inputs-SYMS2-P4-4
Opening Player-Data//16-SYMS2-128/Inputs-SYMS2-P5-4
Opening Player-Data//16-SYMS2-128/Inputs-SYMS2-P6-4
Opening Player-Data//16-SYMS2-128/Inputs-SYMS2-P7-4
Opening Player-Data//16-SYMS2-128/Inputs-SYMS2-P8-4
Opening Player-Data//16-SYMS2-128/Inputs-SYMS2-P9-4
Opening Player-Data//16-SYMS2-128/Inputs-SYMS2-P10-4
Opening Player-Data//16-SYMS2-128/Inputs-SYMS2-P11-4
Opening Player-Data//16-SYMS2-128/Inputs-SYMS2-P12-4
Opening Player-Data//16-SYMS2-128/Inputs-SYMS2-P13-4
Opening Player-Data//16-SYMS2-128/Inputs-SYMS2-P14-4
Opening Player-Data//16-SYMS2-128/Inputs-SYMS2-P15-4
Opening Player-Data//16-SYMS2-128/Inputs-SYMS2-P0-5
Opening Player-Data//16-SYMS2-128/Inputs-SYMS2-P1-5
Opening Player-Data//16-SYMS2-128/Inputs-SYMS2-P2-5
Opening Player-Data//16-SYMS2-128/Inputs-SYMS2-P3-5
Opening Player-Data//16-SYMS2-128/Inputs-SYMS2-P4-5
Opening Player-Data//16-SYMS2-128/Inputs-SYMS2-P5-5
Opening Player-Data//16-SYMS2-128/Inputs-SYMS2-P6-5
Opening Player-Data//16-SYMS2-128/Inputs-SYMS2-P7-5
Opening Player-Data//16-SYMS2-128/Inputs-SYMS2-P8-5
Opening Player-Data//16-SYMS2-128/Inputs-SYMS2-P9-5
Opening Player-Data//16-SYMS2-128/Inputs-SYMS2-P10-5
Opening Player-Data//16-SYMS2-128/Inputs-SYMS2-P11-5
Opening Player-Data//16-SYMS2-128/Inputs-SYMS2-P12-5
Opening Player-Data//16-SYMS2-128/Inputs-SYMS2-P13-5
Opening Player-Data//16-SYMS2-128/Inputs-SYMS2-P14-5
Opening Player-Data//16-SYMS2-128/Inputs-SYMS2-P15-5
Opening Player-Data//16-SYMS2-128/Inputs-SYMS2-P0-6
Opening Player-Data//16-SYMS2-128/Inputs-SYMS2-P1-6
Opening Player-Data//16-SYMS2-128/Inputs-SYMS2-P2-6
Opening Player-Data//16-SYMS2-128/Inputs-SYMS2-P3-6
Opening Player-Data//16-SYMS2-128/Inputs-SYMS2-P4-6
Opening Player-Data//16-SYMS2-128/Inputs-SYMS2-P5-6
Opening Player-Data//16-SYMS2-128/Inputs-SYMS2-P6-6
Opening Player-Data//16-SYMS2-128/Inputs-SYMS2-P7-6
Opening Player-Data//16-SYMS2-128/Inputs-SYMS2-P8-6
Opening Player-Data//16-SYMS2-128/Inputs-SYMS2-P9-6
Opening Player-Data//16-SYMS2-128/Inputs-SYMS2-P10-6
Opening Player-Data//16-SYMS2-128/Inputs-SYMS2-P11-6
Opening Player-Data//16-SYMS2-128/Inputs-SYMS2-P12-6
Opening Player-Data//16-SYMS2-128/Inputs-SYMS2-P13-6
Opening Player-Data//16-SYMS2-128/Inputs-SYMS2-P14-6
Opening Player-Data//16-SYMS2-128/Inputs-SYMS2-P15-6
Opening Player-Data//16-SYMS2-128/Inputs-SYMS2-P0-7
Opening Player-Data//16-SYMS2-128/Inputs-SYMS2-P1-7
Opening Player-Data//16-SYMS2-128/Inputs-SYMS2-P2-7
Opening Player-Data//16-SYMS2-128/Inputs-SYMS2-P3-7
Opening Player-Data//16-SYMS2-128/Inputs-SYMS2-P4-7
Opening Player-Data//16-SYMS2-128/Inputs-SYMS2-P5-7
Opening Player-Data//16-SYMS2-128/Inputs-SYMS2-P6-7
Opening Player-Data//16-SYMS2-128/Inputs-SYMS2-P7-7
Opening Player-Data//16-SYMS2-128/Inputs-SYMS2-P8-7
Opening Player-Data//16-SYMS2-128/Inputs-SYMS2-P9-7
Opening Player-Data//16-SYMS2-128/Inputs-SYMS2-P10-7
Opening Player-Data//16-SYMS2-128/Inputs-SYMS2-P11-7
Opening Player-Data//16-SYMS2-128/Inputs-SYMS2-P12-7
Opening Player-Data//16-SYMS2-128/Inputs-SYMS2-P13-7
Opening Player-Data//16-SYMS2-128/Inputs-SYMS2-P14-7
Opening Player-Data//16-SYMS2-128/Inputs-SYMS2-P15-7
Opening Player-Data//16-SYMS2-128/Inputs-SYMS2-P0-8
Opening Player-Data//16-SYMS2-128/Inputs-SYMS2-P1-8
Opening Player-Data//16-SYMS2-128/Inputs-SYMS2-P2-8
Opening Player-Data//16-SYMS2-128/Inputs-SYMS2-P3-8
Opening Player-Data//16-SYMS2-128/Inputs-SYMS2-P4-8
Opening Player-Data//16-SYMS2-128/Inputs-SYMS2-P5-8
Opening Player-Data//16-SYMS2-128/Inputs-SYMS2-P6-8
Opening Player-Data//16-SYMS2-128/Inputs-SYMS2-P7-8
Opening Player-Data//16-SYMS2-128/Inputs-SYMS2-P8-8
Opening Player-Data//16-SYMS2-128/Inputs-SYMS2-P9-8
Opening Player-Data//16-SYMS2-128/Inputs-SYMS2-P10-8
Opening Player-Data//16-SYMS2-128/Inputs-SYMS2-P11-8
Opening Player-Data//16-SYMS2-128/Inputs-SYMS2-P12-8
Opening Player-Data//16-SYMS2-128/Inputs-SYMS2-P13-8
Opening Player-Data//16-SYMS2-128/Inputs-SYMS2-P14-8
Opening Player-Data//16-SYMS2-128/Inputs-SYMS2-P15-8
Opening Player-Data//16-SYMS2-128/Inputs-SYMS2-P0-9
Opening Player-Data//16-SYMS2-128/Inputs-SYMS2-P1-9
Opening Player-Data//16-SYMS2-128/Inputs-SYMS2-P2-9
Opening Player-Data//16-SYMS2-128/Inputs-SYMS2-P3-9
Opening Player-Data//16-SYMS2-128/Inputs-SYMS2-P4-9
Opening Player-Data//16-SYMS2-128/Inputs-SYMS2-P5-9
Opening Player-Data//16-SYMS2-128/Inputs-SYMS2-P6-9
Opening Player-Data//16-SYMS2-128/Inputs-SYMS2-P7-9
Opening Player-Data//16-SYMS2-128/Inputs-SYMS2-P8-9
Opening Player-Data//16-SYMS2-128/Inputs-SYMS2-P9-9
Opening Player-Data//16-SYMS2-128/Inputs-SYMS2-P10-9
Opening Player-Data//16-SYMS2-128/Inputs-SYMS2-P11-9
Opening Player-Data//16-SYMS2-128/Inputs-SYMS2-P12-9
Opening Player-Data//16-SYMS2-128/Inputs-SYMS2-P13-9
Opening Player-Data//16-SYMS2-128/Inputs-SYMS2-P14-9
Opening Player-Data//16-SYMS2-128/Inputs-SYMS2-P15-9
Opening Player-Data//16-SYMS2-128/Inputs-SYMS2-P0-10
Opening Player-Data//16-SYMS2-128/Inputs-SYMS2-P1-10
Opening Player-Data//16-SYMS2-128/Inputs-SYMS2-P2-10
Opening Player-Data//16-SYMS2-128/Inputs-SYMS2-P3-10
Opening Player-Data//16-SYMS2-128/Inputs-SYMS2-P4-10
Opening Player-Data//16-SYMS2-128/Inputs-SYMS2-P5-10
Opening Player-Data//16-SYMS2-128/Inputs-SYMS2-P6-10
Opening Player-Data//16-SYMS2-128/Inputs-SYMS2-P7-10
Opening Player-Data//16-SYMS2-128/Inputs-SYMS2-P8-10
Opening Player-Data//16-SYMS2-128/Inputs-SYMS2-P9-10
Opening Player-Data//16-SYMS2-128/Inputs-SYMS2-P10-10
Opening Player-Data//16-SYMS2-128/Inputs-SYMS2-P11-10
Opening Player-Data//16-SYMS2-128/Inputs-SYMS2-P12-10
Opening Player-Data//16-SYMS2-128/Inputs-SYMS2-P13-10
Opening Player-Data//16-SYMS2-128/Inputs-SYMS2-P14-10
Opening Player-Data//16-SYMS2-128/Inputs-SYMS2-P15-10
Opening Player-Data//16-SYMS2-128/Inputs-SYMS2-P0-11
Opening Player-Data//16-SYMS2-128/Inputs-SYMS2-P1-11
Opening Player-Data//16-SYMS2-128/Inputs-SYMS2-P2-11
Opening Player-Data//16-SYMS2-128/Inputs-SYMS2-P3-11
Opening Player-Data//16-SYMS2-128/Inputs-SYMS2-P4-11
Opening Player-Data//16-SYMS2-128/Inputs-SYMS2-P5-11
Opening Player-Data//16-SYMS2-128/Inputs-SYMS2-P6-11
Opening Player-Data//16-SYMS2-128/Inputs-SYMS2-P7-11
Opening Player-Data//16-SYMS2-128/Inputs-SYMS2-P8-11
Opening Player-Data//16-SYMS2-128/Inputs-SYMS2-P9-11
Opening Player-Data//16-SYMS2-128/Inputs-SYMS2-P10-11
Opening Player-Data//16-SYMS2-128/Inputs-SYMS2-P11-11
Opening Player-Data//16-SYMS2-128/Inputs-SYMS2-P12-11
Opening Player-Data//16-SYMS2-128/Inputs-SYMS2-P13-11
Opening Player-Data//16-SYMS2-128/Inputs-SYMS2-P14-11
Opening Player-Data//16-SYMS2-128/Inputs-SYMS2-P15-11
Opening Player-Data//16-SYMS2-128/Inputs-SYMS2-P0-12
Opening Player-Data//16-SYMS2-128/Inputs-SYMS2-P1-12
Opening Player-Data//16-SYMS2-128/Inputs-SYMS2-P2-12
Opening Player-Data//16-SYMS2-128/Inputs-SYMS2-P3-12
Opening Player-Data//16-SYMS2-128/Inputs-SYMS2-P4-12
Opening Player-Data//16-SYMS2-128/Inputs-SYMS2-P5-12
Opening Player-Data//16-SYMS2-128/Inputs-SYMS2-P6-12
Opening Player-Data//16-SYMS2-128/Inputs-SYMS2-P7-12
Opening Player-Data//16-SYMS2-128/Inputs-SYMS2-P8-12
Opening Player-Data//16-SYMS2-128/Inputs-SYMS2-P9-12
Opening Player-Data//16-SYMS2-128/Inputs-SYMS2-P10-12
Opening Player-Data//16-SYMS2-128/Inputs-SYMS2-P11-12
Opening Player-Data//16-SYMS2-128/Inputs-SYMS2-P12-12
Opening Player-Data//16-SYMS2-128/Inputs-SYMS2-P13-12
Opening Player-Data//16-SYMS2-128/Inputs-SYMS2-P14-12
Opening Player-Data//16-SYMS2-128/Inputs-SYMS2-P15-12
Opening Player-Data//16-SYMS2-128/Inputs-SYMS2-P0-13
Opening Player-Data//16-SYMS2-128/Inputs-SYMS2-P1-13
Opening Player-Data//16-SYMS2-128/Inputs-SYMS2-P2-13
Opening Player-Data//16-SYMS2-128/Inputs-SYMS2-P3-13
Opening Player-Data//16-SYMS2-128/Inputs-SYMS2-P4-13
Opening Player-Data//16-SYMS2-128/Inputs-SYMS2-P5-13
Opening Player-Data//16-SYMS2-128/Inputs-SYMS2-P6-13
Opening Player-Data//16-SYMS2-128/Inputs-SYMS2-P7-13
Opening Player-Data//16-SYMS2-128/Inputs-SYMS2-P8-13
Opening Player-Data//16-SYMS2-128/Inputs-SYMS2-P9-13
Opening Player-Data//16-SYMS2-128/Inputs-SYMS2-P10-13
Opening Player-Data//16-SYMS2-128/Inputs-SYMS2-P11-13
Opening Player-Data//16-SYMS2-128/Inputs-SYMS2-P12-13
Opening Player-Data//16-SYMS2-128/Inputs-SYMS2-P13-13
Opening Player-Data//16-SYMS2-128/Inputs-SYMS2-P14-13
Opening Player-Data//16-SYMS2-128/Inputs-SYMS2-P15-13
Opening Player-Data//16-SYMS2-128/Inputs-SYMS2-P0-14
Opening Player-Data//16-SYMS2-128/Inputs-SYMS2-P1-14
Opening Player-Data//16-SYMS2-128/Inputs-SYMS2-P2-14
Opening Player-Data//16-SYMS2-128/Inputs-SYMS2-P3-14
Opening Player-Data//16-SYMS2-128/Inputs-SYMS2-P4-14
Opening Player-Data//16-SYMS2-128/Inputs-SYMS2-P5-14
Opening Player-Data//16-SYMS2-128/Inputs-SYMS2-P6-14
Opening Player-Data//16-SYMS2-128/Inputs-SYMS2-P7-14
Opening Player-Data//16-SYMS2-128/Inputs-SYMS2-P8-14
Opening Player-Data//16-SYMS2-128/Inputs-SYMS2-P9-14
Opening Player-Data//16-SYMS2-128/Inputs-SYMS2-P10-14
Opening Player-Data//16-SYMS2-128/Inputs-SYMS2-P11-14
Opening Player-Data//16-SYMS2-128/Inputs-SYMS2-P12-14
Opening Player-Data//16-SYMS2-128/Inputs-SYMS2-P13-14
Opening Player-Data//16-SYMS2-128/Inputs-SYMS2-P14-14
Opening Player-Data//16-SYMS2-128/Inputs-SYMS2-P15-14
Opening Player-Data//16-SYMS2-128/Inputs-SYMS2-P0-15
Opening Player-Data//16-SYMS2-128/Inputs-SYMS2-P1-15
Opening Player-Data//16-SYMS2-128/Inputs-SYMS2-P2-15
Opening Player-Data//16-SYMS2-128/Inputs-SYMS2-P3-15
Opening Player-Data//16-SYMS2-128/Inputs-SYMS2-P4-15
Opening Player-Data//16-SYMS2-128/Inputs-SYMS2-P5-15
Opening Player-Data//16-SYMS2-128/Inputs-SYMS2-P6-15
Opening Player-Data//16-SYMS2-128/Inputs-SYMS2-P7-15
Opening Player-Data//16-SYMS2-128/Inputs-SYMS2-P8-15
Opening Player-Data//16-SYMS2-128/Inputs-SYMS2-P9-15
Opening Player-Data//16-SYMS2-128/Inputs-SYMS2-P10-15
Opening Player-Data//16-SYMS2-128/Inputs-SYMS2-P11-15
Opening Player-Data//16-SYMS2-128/Inputs-SYMS2-P12-15
Opening Player-Data//16-SYMS2-128/Inputs-SYMS2-P13-15
Opening Player-Data//16-SYMS2-128/Inputs-SYMS2-P14-15
Opening Player-Data//16-SYMS2-128/Inputs-SYMS2-P15-15
Opening Player-Data//16-SYMS2-128/Squares-SYMS2-P0
Opening Player-Data//16-SYMS2-128/Squares-SYMS2-P1
Opening Player-Data//16-SYMS2-128/Squares-SYMS2-P2
Opening Player-Data//16-SYMS2-128/Squares-SYMS2-P3
Opening Player-Data//16-SYMS2-128/Squares-SYMS2-P4
Opening Player-Data//16-SYMS2-128/Squares-SYMS2-P5
Opening Player-Data//16-SYMS2-128/Squares-SYMS2-P6
Opening Player-Data//16-SYMS2-128/Squares-SYMS2-P7
Opening Player-Data//16-SYMS2-128/Squares-SYMS2-P8
Opening Player-Data//16-SYMS2-128/Squares-SYMS2-P9
Opening Player-Data//16-SYMS2-128/Squares-SYMS2-P10
Opening Player-Data//16-SYMS2-128/Squares-SYMS2-P11
Opening Player-Data//16-SYMS2-128/Squares-SYMS2-P12
Opening Player-Data//16-SYMS2-128/Squares-SYMS2-P13
Opening Player-Data//16-SYMS2-128/Squares-SYMS2-P14
Opening Player-Data//16-SYMS2-128/Squares-SYMS2-P15
Opening Player-Data//16-SYMS2-128/daBits-SYMS2-P0
Opening Player-Data//16-SYMS2-128/daBits-SYMS2-P1
Opening Player-Data//16-SYMS2-128/daBits-SYMS2-P2
Opening Player-Data//16-SYMS2-128/daBits-SYMS2-P3
Opening Player-Data//16-SYMS2-128/daBits-SYMS2-P4
Opening Player-Data//16-SYMS2-128/daBits-SYMS2-P5
Opening Player-Data//16-SYMS2-128/daBits-SYMS2-P6
Opening Player-Data//16-SYMS2-128/daBits-SYMS2-P7
Opening Player-Data//16-SYMS2-128/daBits-SYMS2-P8
Opening Player-Data//16-SYMS2-128/daBits-SYMS2-P9
Opening Player-Data//16-SYMS2-128/daBits-SYMS2-P10
Opening Player-Data//16-SYMS2-128/daBits-SYMS2-P11
Opening Player-Data//16-SYMS2-128/daBits-SYMS2-P12
Opening Player-Data//16-SYMS2-128/daBits-SYMS2-P13
Opening Player-Data//16-SYMS2-128/daBits-SYMS2-P14
Opening Player-Data//16-SYMS2-128/daBits-SYMS2-P15
Opening Player-Data//16-SYMS2-128/Inverses-SYMS2-P0
Opening Player-Data//16-SYMS2-128/Inverses-SYMS2-P1
Opening Player-Data//16-SYMS2-128/Inverses-SYMS2-P2
Opening Player-Data//16-SYMS2-128/Inverses-SYMS2-P3
Opening Player-Data//16-SYMS2-128/Inverses-SYMS2-P4
Opening Player-Data//16-SYMS2-128/Inverses-SYMS2-P5
Opening Player-Data//16-SYMS2-128/Inverses-SYMS2-P6
Opening Player-Data//16-SYMS2-128/Inverses-SYMS2-P7
Opening Player-Data//16-SYMS2-128/Inverses-SYMS2-P8
Opening Player-Data//16-SYMS2-128/Inverses-SYMS2-P9
Opening Player-Data//16-SYMS2-128/Inverses-SYMS2-P10
Opening Player-Data//16-SYMS2-128/Inverses-SYMS2-P11
Opening Player-Data//16-SYMS2-128/Inverses-SYMS2-P12
Opening Player-Data//16-SYMS2-128/Inverses-SYMS2-P13
Opening Player-Data//16-SYMS2-128/Inverses-SYMS2-P14
Opening Player-Data//16-SYMS2-128/Inverses-SYMS2-P15
Opening Player-Data//16-D2-40/Triples-D2-P0
Opening Player-Data//16-D2-40/Triples-D2-P1
Opening Player-Data//16-D2-40/Triples-D2-P2
Opening Player-Data//16-D2-40/Triples-D2-P3
Opening Player-Data//16-D2-40/Triples-D2-P4
Opening Player-Data//16-D2-40/Triples-D2-P5
Opening Player-Data//16-D2-40/Triples-D2-P6
Opening Player-Data//16-D2-40/Triples-D2-P7
Opening Player-Data//16-D2-40/Triples-D2-P8
Opening Player-Data//16-D2-40/Triples-D2-P9
Opening Player-Data//16-D2-40/Triples-D2-P10
Opening Player-Data//16-D2-40/Triples-D2-P11
Opening Player-Data//16-D2-40/Triples-D2-P12
Opening Player-Data//16-D2-40/Triples-D2-P13
Opening Player-Data//16-D2-40/Triples-D2-P14
Opening Player-Data//16-D2-40/Triples-D2-P15
Opening Player-Data//16-D2-40/Bits-D2-P0
Opening Player-Data//16-D2-40/Bits-D2-P1
Opening Player-Data//16-D2-40/Bits-D2-P2
Opening Player-Data//16-D2-40/Bits-D2-P3
Opening Player-Data//16-D2-40/Bits-D2-P4
Opening Player-Data//16-D2-40/Bits-D2-P5
Opening Player-Data//16-D2-40/Bits-D2-P6
Opening Player-Data//16-D2-40/Bits-D2-P7
Opening Player-Data//16-D2-40/Bits-D2-P8
Opening Player-Data//16-D2-40/Bits-D2-P9
Opening Player-Data//16-D2-40/Bits-D2-P10
Opening Player-Data//16-D2-40/Bits-D2-P11
Opening Player-Data//16-D2-40/Bits-D2-P12
Opening Player-Data//16-D2-40/Bits-D2-P13
Opening Player-Data//16-D2-40/Bits-D2-P14
Opening Player-Data//16-D2-40/Bits-D2-P15
Opening Player-Data//16-D2-40/Inputs-D2-P0-0
Opening Player-Data//16-D2-40/Inputs-D2-P1-0
Opening Player-Data//16-D2-40/Inputs-D2-P2-0
Opening Player-Data//16-D2-40/Inputs-D2-P3-0
Opening Player-Data//16-D2-40/Inputs-D2-P4-0
Opening Player-Data//16-D2-40/Inputs-D2-P5-0
Opening Player-Data//16-D2-40/Inputs-D2-P6-0
Opening Player-Data//16-D2-40/Inputs-D2-P7-0
Opening Player-Data//16-D2-40/Inputs-D2-P8-0
Opening Player-Data//16-D2-40/Inputs-D2-P9-0
Opening Player-Data//16-D2-40/Inputs-D2-P10-0
Opening Player-Data//16-D2-40/Inputs-D2-P11-0
Opening Player-Data//16-D2-40/Inputs-D2-P12-0
Opening Player-Data//16-D2-40/Inputs-D2-P13-0
Opening Player-Data//16-D2-40/Inputs-D2-P14-0
Opening Player-Data//16-D2-40/Inputs-D2-P15-0
Opening Player-Data//16-D2-40/Inputs-D2-P0-1
Opening Player-Data//16-D2-40/Inputs-D2-P1-1
Opening Player-Data//16-D2-40/Inputs-D2-P2-1
Opening Player-Data//16-D2-40/Inputs-D2-P3-1
Opening Player-Data//16-D2-40/Inputs-D2-P4-1
Opening Player-Data//16-D2-40/Inputs-D2-P5-1
Opening Player-Data//16-D2-40/Inputs-D2-P6-1
Opening Player-Data//16-D2-40/Inputs-D2-P7-1
Opening Player-Data//16-D2-40/Inputs-D2-P8-1
Opening Player-Data//16-D2-40/Inputs-D2-P9-1
Opening Player-Data//16-D2-40/Inputs-D2-P10-1
Opening Player-Data//16-D2-40/Inputs-D2-P11-1
Opening Player-Data//16-D2-40/Inputs-D2-P12-1
Opening Player-Data//16-D2-40/Inputs-D2-P13-1
Opening Player-Data//16-D2-40/Inputs-D2-P14-1
Opening Player-Data//16-D2-40/Inputs-D2-P15-1
Opening Player-Data//16-D2-40/Inputs-D2-P0-2
Opening Player-Data//16-D2-40/Inputs-D2-P1-2
Opening Player-Data//16-D2-40/Inputs-D2-P2-2
Opening Player-Data//16-D2-40/Inputs-D2-P3-2
Opening Player-Data//16-D2-40/Inputs-D2-P4-2
Opening Player-Data//16-D2-40/Inputs-D2-P5-2
Opening Player-Data//16-D2-40/Inputs-D2-P6-2
Opening Player-Data//16-D2-40/Inputs-D2-P7-2
Opening Player-Data//16-D2-40/Inputs-D2-P8-2
Opening Player-Data//16-D2-40/Inputs-D2-P9-2
Opening Player-Data//16-D2-40/Inputs-D2-P10-2
Opening Player-Data//16-D2-40/Inputs-D2-P11-2
Opening Player-Data//16-D2-40/Inputs-D2-P12-2
Opening Player-Data//16-D2-40/Inputs-D2-P13-2
Opening Player-Data//16-D2-40/Inputs-D2-P14-2
Opening Player-Data//16-D2-40/Inputs-D2-P15-2
Opening Player-Data//16-D2-40/Inputs-D2-P0-3
Opening Player-Data//16-D2-40/Inputs-D2-P1-3
Opening Player-Data//16-D2-40/Inputs-D2-P2-3
Opening Player-Data//16-D2-40/Inputs-D2-P3-3
Opening Player-Data//16-D2-40/Inputs-D2-P4-3
Opening Player-Data//16-D2-40/Inputs-D2-P5-3
Opening Player-Data//16-D2-40/Inputs-D2-P6-3
Opening Player-Data//16-D2-40/Inputs-D2-P7-3
Opening Player-Data//16-D2-40/Inputs-D2-P8-3
Opening Player-Data//16-D2-40/Inputs-D2-P9-3
Opening Player-Data//16-D2-40/Inputs-D2-P10-3
Opening Player-Data//16-D2-40/Inputs-D2-P11-3
Opening Player-Data//16-D2-40/Inputs-D2-P12-3
Opening Player-Data//16-D2-40/Inputs-D2-P13-3
Opening Player-Data//16-D2-40/Inputs-D2-P14-3
Opening Player-Data//16-D2-40/Inputs-D2-P15-3
Opening Player-Data//16-D2-40/Inputs-D2-P0-4
Opening Player-Data//16-D2-40/Inputs-D2-P1-4
Opening Player-Data//16-D2-40/Inputs-D2-P2-4
Opening Player-Data//16-D2-40/Inputs-D2-P3-4
Opening Player-Data//16-D2-40/Inputs-D2-P4-4
Opening Player-Data//16-D2-40/Inputs-D2-P5-4
Opening Player-Data//16-D2-40/Inputs-D2-P6-4
Opening Player-Data//16-D2-40/Inputs-D2-P7-4
Opening Player-Data//16-D2-40/Inputs-D2-P8-4
Opening Player-Data//16-D2-40/Inputs-D2-P9-4
Opening Player-Data//16-D2-40/Inputs-D2-P10-4
Opening Player-Data//16-D2-40/Inputs-D2-P11-4
Opening Player-Data//16-D2-40/Inputs-D2-P12-4
Opening Player-Data//16-D2-40/Inputs-D2-P13-4
Opening Player-Data//16-D2-40/Inputs-D2-P14-4
Opening Player-Data//16-D2-40/Inputs-D2-P15-4
Opening Player-Data//16-D2-40/Inputs-D2-P0-5
Opening Player-Data//16-D2-40/Inputs-D2-P1-5
Opening Player-Data//16-D2-40/Inputs-D2-P2-5
Opening Player-Data//16-D2-40/Inputs-D2-P3-5
Opening Player-Data//16-D2-40/Inputs-D2-P4-5
Opening Player-Data//16-D2-40/Inputs-D2-P5-5
Opening Player-Data//16-D2-40/Inputs-D2-P6-5
Opening Player-Data//16-D2-40/Inputs-D2-P7-5
Opening Player-Data//16-D2-40/Inputs-D2-P8-5
Opening Player-Data//16-D2-40/Inputs-D2-P9-5
Opening Player-Data//16-D2-40/Inputs-D2-P10-5
Opening Player-Data//16-D2-40/Inputs-D2-P11-5
Opening Player-Data//16-D2-40/Inputs-D2-P12-5
Opening Player-Data//16-D2-40/Inputs-D2-P13-5
Opening Player-Data//16-D2-40/Inputs-D2-P14-5
Opening Player-Data//16-D2-40/Inputs-D2-P15-5
Opening Player-Data//16-D2-40/Inputs-D2-P0-6
Opening Player-Data//16-D2-40/Inputs-D2-P1-6
Opening Player-Data//16-D2-40/Inputs-D2-P2-6
Opening Player-Data//16-D2-40/Inputs-D2-P3-6
Opening Player-Data//16-D2-40/Inputs-D2-P4-6
Opening Player-Data//16-D2-40/Inputs-D2-P5-6
Opening Player-Data//16-D2-40/Inputs-D2-P6-6
Opening Player-Data//16-D2-40/Inputs-D2-P7-6
Opening Player-Data//16-D2-40/Inputs-D2-P8-6
Opening Player-Data//16-D2-40/Inputs-D2-P9-6
Opening Player-Data//16-D2-40/Inputs-D2-P10-6
Opening Player-Data//16-D2-40/Inputs-D2-P11-6
Opening Player-Data//16-D2-40/Inputs-D2-P12-6
Opening Player-Data//16-D2-40/Inputs-D2-P13-6
Opening Player-Data//16-D2-40/Inputs-D2-P14-6
Opening Player-Data//16-D2-40/Inputs-D2-P15-6
Opening Player-Data//16-D2-40/Inputs-D2-P0-7
Opening Player-Data//16-D2-40/Inputs-D2-P1-7
Opening Player-Data//16-D2-40/Inputs-D2-P2-7
Opening Player-Data//16-D2-40/Inputs-D2-P3-7
Opening Player-Data//16-D2-40/Inputs-D2-P4-7
Opening Player-Data//16-D2-40/Inputs-D2-P5-7
Opening Player-Data//16-D2-40/Inputs-D2-P6-7
Opening Player-Data//16-D2-40/Inputs-D2-P7-7
Opening Player-Data//16-D2-40/Inputs-D2-P8-7
Opening Player-Data//16-D2-40/Inputs-D2-P9-7
Opening Player-Data//16-D2-40/Inputs-D2-P10-7
Opening Player-Data//16-D2-40/Inputs-D2-P11-7
Opening Player-Data//16-D2-40/Inputs-D2-P12-7
Opening Player-Data//16-D2-40/Inputs-D2-P13-7
Opening Player-Data//16-D2-40/Inputs-D2-P14-7
Opening Player-Data//16-D2-40/Inputs-D2-P15-7
Opening Player-Data//16-D2-40/Inputs-D2-P0-8
Opening Player-Data//16-D2-40/Inputs-D2-P1-8
Opening Player-Data//16-D2-40/Inputs-D2-P2-8
Opening Player-Data//16-D2-40/Inputs-D2-P3-8
Opening Player-Data//16-D2-40/Inputs-D2-P4-8
Opening Player-Data//16-D2-40/Inputs-D2-P5-8
Opening Player-Data//16-D2-40/Inputs-D2-P6-8
Opening Player-Data//16-D2-40/Inputs-D2-P7-8
Opening Player-Data//16-D2-40/Inputs-D2-P8-8
Opening Player-Data//16-D2-40/Inputs-D2-P9-8
Opening Player-Data//16-D2-40/Inputs-D2-P10-8
Opening Player-Data//16-D2-40/Inputs-D2-P11-8
Opening Player-Data//16-D2-40/Inputs-D2-P12-8
Opening Player-Data//16-D2-40/Inputs-D2-P13-8
Opening Player-Data//16-D2-40/Inputs-D2-P14-8
Opening Player-Data//16-D2-40/Inputs-D2-P15-8
Opening Player-Data//16-D2-40/Inputs-D2-P0-9
Opening Player-Data//16-D2-40/Inputs-D2-P1-9
Opening Player-Data//16-D2-40/Inputs-D2-P2-9
Opening Player-Data//16-D2-40/Inputs-D2-P3-9
Opening Player-Data//16-D2-40/Inputs-D2-P4-9
Opening Player-Data//16-D2-40/Inputs-D2-P5-9
Opening Player-Data//16-D2-40/Inputs-D2-P6-9
Opening Player-Data//16-D2-40/Inputs-D2-P7-9
Opening Player-Data//16-D2-40/Inputs-D2-P8-9
Opening Player-Data//16-D2-40/Inputs-D2-P9-9
Opening Player-Data//16-D2-40/Inputs-D2-P10-9
Opening Player-Data//16-D2-40/Inputs-D2-P11-9
Opening Player-Data//16-D2-40/Inputs-D2-P12-9
Opening Player-Data//16-D2-40/Inputs-D2-P13-9
Opening Player-Data//16-D2-40/Inputs-D2-P14-9
Opening Player-Data//16-D2-40/Inputs-D2-P15-9
Opening Player-Data//16-D2-40/Inputs-D2-P0-10
Opening Player-Data//16-D2-40/Inputs-D2-P1-10
Opening Player-Data//16-D2-40/Inputs-D2-P2-10
Opening Player-Data//16-D2-40/Inputs-D2-P3-10
Opening Player-Data//16-D2-40/Inputs-D2-P4-10
Opening Player-Data//16-D2-40/Inputs-D2-P5-10
Opening Player-Data//16-D2-40/Inputs-D2-P6-10
Opening Player-Data//16-D2-40/Inputs-D2-P7-10
Opening Player-Data//16-D2-40/Inputs-D2-P8-10
Opening Player-Data//16-D2-40/Inputs-D2-P9-10
Opening Player-Data//16-D2-40/Inputs-D2-P10-10
Opening Player-Data//16-D2-40/Inputs-D2-P11-10
Opening Player-Data//16-D2-40/Inputs-D2-P12-10
Opening Player-Data//16-D2-40/Inputs-D2-P13-10
Opening Player-Data//16-D2-40/Inputs-D2-P14-10
Opening Player-Data//16-D2-40/Inputs-D2-P15-10
Opening Player-Data//16-D2-40/Inputs-D2-P0-11
Opening Player-Data//16-D2-40/Inputs-D2-P1-11
Opening Player-Data//16-D2-40/Inputs-D2-P2-11
Opening Player-Data//16-D2-40/Inputs-D2-P3-11
Opening Player-Data//16-D2-40/Inputs-D2-P4-11
Opening Player-Data//16-D2-40/Inputs-D2-P5-11
Opening Player-Data//16-D2-40/Inputs-D2-P6-11
Opening Player-Data//16-D2-40/Inputs-D2-P7-11
Opening Player-Data//16-D2-40/Inputs-D2-P8-11
Opening Player-Data//16-D2-40/Inputs-D2-P9-11
Opening Player-Data//16-D2-40/Inputs-D2-P10-11
Opening Player-Data//16-D2-40/Inputs-D2-P11-11
Opening Player-Data//16-D2-40/Inputs-D2-P12-11
Opening Player-Data//16-D2-40/Inputs-D2-P13-11
Opening Player-Data//16-D2-40/Inputs-D2-P14-11
Opening Player-Data//16-D2-40/Inputs-D2-P15-11
Opening Player-Data//16-D2-40/Inputs-D2-P0-12
Opening Player-Data//16-D2-40/Inputs-D2-P1-12
Opening Player-Data//16-D2-40/Inputs-D2-P2-12
Opening Player-Data//16-D2-40/Inputs-D2-P3-12
Opening Player-Data//16-D2-40/Inputs-D2-P4-12
Opening Player-Data//16-D2-40/Inputs-D2-P5-12
Opening Player-Data//16-D2-40/Inputs-D2-P6-12
Opening Player-Data//16-D2-40/Inputs-D2-P7-12
Opening Player-Data//16-D2-40/Inputs-D2-P8-12
Opening Player-Data//16-D2-40/Inputs-D2-P9-12
Opening Player-Data//16-D2-40/Inputs-D2-P10-12
Opening Player-Data//16-D2-40/Inputs-D2-P11-12
Opening Player-Data//16-D2-40/Inputs-D2-P12-12
Opening Player-Data//16-D2-40/Inputs-D2-P13-12
Opening Player-Data//16-D2-40/Inputs-D2-P14-12
Opening Player-Data//16-D2-40/Inputs-D2-P15-12
Opening Player-Data//16-D2-40/Inputs-D2-P0-13
Opening Player-Data//16-D2-40/Inputs-D2-P1-13
Opening Player-Data//16-D2-40/Inputs-D2-P2-13
Opening Player-Data//16-D2-40/Inputs-D2-P3-13
Opening Player-Data//16-D2-40/Inputs-D2-P4-13
Opening Player-Data//16-D2-40/Inputs-D2-P5-13
Opening Player-Data//16-D2-40/Inputs-D2-P6-13
Opening Player-Data//16-D2-40/Inputs-D2-P7-13
Opening Player-Data//16-D2-40/Inputs-D2-P8-13
Opening Player-Data//16-D2-40/Inputs-D2-P9-13
Opening Player-Data//16-D2-40/Inputs-D2-P10-13
Opening Player-Data//16-D2-40/Inputs-D2-P11-13
Opening Player-Data//16-D2-40/Inputs-D2-P12-13
Opening Player-Data//16-D2-40/Inputs-D2-P13-13
Opening Player-Data//16-D2-40/Inputs-D2-P14-13
Opening Player-Data//16-D2-40/Inputs-D2-P15-13
Opening Player-Data//16-D2-40/Inputs-D2-P0-14
Opening Player-Data//16-D2-40/Inputs-D2-P1-14
Opening Player-Data//16-D2-40/Inputs-D2-P2-14
Opening Player-Data//16-D2-40/Inputs-D2-P3-14
Opening Player-Data//16-D2-40/Inputs-D2-P4-14
Opening Player-Data//16-D2-40/Inputs-D2-P5-14
Opening Player-Data//16-D2-40/Inputs-D2-P6-14
Opening Player-Data//16-D2-40/Inputs-D2-P7-14
Opening Player-Data//16-D2-40/Inputs-D2-P8-14
Opening Player-Data//16-D2-40/Inputs-D2-P9-14
Opening Player-Data//16-D2-40/Inputs-D2-P10-14
Opening Player-Data//16-D2-40/Inputs-D2-P11-14
Opening Player-Data//16-D2-40/Inputs-D2-P12-14
Opening Player-Data//16-D2-40/Inputs-D2-P13-14
Opening Player-Data//16-D2-40/Inputs-D2-P14-14
Opening Player-Data//16-D2-40/Inputs-D2-P15-14
Opening Player-Data//16-D2-40/Inputs-D2-P0-15
Opening Player-Data//16-D2-40/Inputs-D2-P1-15
Opening Player-Data//16-D2-40/Inputs-D2-P2-15
Opening Player-Data//16-D2-40/Inputs-D2-P3-15
Opening Player-Data//16-D2-40/Inputs-D2-P4-15
Opening Player-Data//16-D2-40/Inputs-D2-P5-15
Opening Player-Data//16-D2-40/Inputs-D2-P6-15
Opening Player-Data//16-D2-40/Inputs-D2-P7-15
Opening Player-Data//16-D2-40/Inputs-D2-P8-15
Opening Player-Data//16-D2-40/Inputs-D2-P9-15
Opening Player-Data//16-D2-40/Inputs-D2-P10-15
Opening Player-Data//16-D2-40/Inputs-D2-P11-15
Opening Player-Data//16-D2-40/Inputs-D2-P12-15
Opening Player-Data//16-D2-40/Inputs-D2-P13-15
Opening Player-Data//16-D2-40/Inputs-D2-P14-15
Opening Player-Data//16-D2-40/Inputs-D2-P15-15
Opening Player-Data//16-D2-40/Squares-D2-P0
Opening Player-Data//16-D2-40/Squares-D2-P1
Opening Player-Data//16-D2-40/Squares-D2-P2
Opening Player-Data//16-D2-40/Squares-D2-P3
Opening Player-Data//16-D2-40/Squares-D2-P4
Opening Player-Data//16-D2-40/Squares-D2-P5
Opening Player-Data//16-D2-40/Squares-D2-P6
Opening Player-Data//16-D2-40/Squares-D2-P7
Opening Player-Data//16-D2-40/Squares-D2-P8
Opening Player-Data//16-D2-40/Squares-D2-P9
Opening Player-Data//16-D2-40/Squares-D2-P10
Opening Player-Data//16-D2-40/Squares-D2-P11
Opening Player-Data//16-D2-40/Squares-D2-P12
Opening Player-Data//16-D2-40/Squares-D2-P13
Opening Player-Data//16-D2-40/Squares-D2-P14
Opening Player-Data//16-D2-40/Squares-D2-P15
Opening Player-Data//16-D2-40/daBits-D2-P0
Opening Player-Data//16-D2-40/daBits-D2-P1
Opening Player-Data//16-D2-40/daBits-D2-P2
Opening Player-Data//16-D2-40/daBits-D2-P3
Opening Player-Data//16-D2-40/daBits-D2-P4
Opening Player-Data//16-D2-40/daBits-D2-P5
Opening Player-Data//16-D2-40/daBits-D2-P6
Opening Player-Data//16-D2-40/daBits-D2-P7
Opening Player-Data//16-D2-40/daBits-D2-P8
Opening Player-Data//16-D2-40/daBits-D2-P9
Opening Player-Data//16-D2-40/daBits-D2-P10
Opening Player-Data//16-D2-40/daBits-D2-P11
Opening Player-Data//16-D2-40/daBits-D2-P12
Opening Player-Data//16-D2-40/daBits-D2-P13
Opening Player-Data//16-D2-40/daBits-D2-P14
Opening Player-Data//16-D2-40/daBits-D2-P15
Opening Player-Data//16-D2-40/Inverses-D2-P0
Opening Player-Data//16-D2-40/Inverses-D2-P1
Opening Player-Data//16-D2-40/Inverses-D2-P2
Opening Player-Data//16-D2-40/Inverses-D2-P3
Opening Player-Data//16-D2-40/Inverses-D2-P4
Opening Player-Data//16-D2-40/Inverses-D2-P5
Opening Player-Data//16-D2-40/Inverses-D2-P6
Opening Player-Data//16-D2-40/Inverses-D2-P7
Opening Player-Data//16-D2-40/Inverses-D2-P8
Opening Player-Data//16-D2-40/Inverses-D2-P9
Opening Player-Data//16-D2-40/Inverses-D2-P10
Opening Player-Data//16-D2-40/Inverses-D2-P11
Opening Player-Data//16-D2-40/Inverses-D2-P12
Opening Player-Data//16-D2-40/Inverses-D2-P13
Opening Player-Data//16-D2-40/Inverses-D2-P14
Opening Player-Data//16-D2-40/Inverses-D2-P15
Opening Player-Data//16-DD2-40/Triples-DD2-P0
Opening Player-Data//16-DD2-40/Triples-DD2-P1
Opening Player-Data//16-DD2-40/Triples-DD2-P2
Opening Player-Data//16-DD2-40/Triples-DD2-P3
Opening Player-Data//16-DD2-40/Triples-DD2-P4
Opening Player-Data//16-DD2-40/Triples-DD2-P5
Opening Player-Data//16-DD2-40/Triples-DD2-P6
Opening Player-Data//16-DD2-40/Triples-DD2-P7
Opening Player-Data//16-DD2-40/Triples-DD2-P8
Opening Player-Data//16-DD2-40/Triples-DD2-P9
Opening Player-Data//16-DD2-40/Triples-DD2-P10
Opening Player-Data//16-DD2-40/Triples-DD2-P11
Opening Player-Data//16-DD2-40/Triples-DD2-P12
Opening Player-Data//16-DD2-40/Triples-DD2-P13
Opening Player-Data//16-DD2-40/Triples-DD2-P14
Opening Player-Data//16-DD2-40/Triples-DD2-P15
Opening Player-Data//16-DD2-40/Bits-DD2-P0
Opening Player-Data//16-DD2-40/Bits-DD2-P1
Opening Player-Data//16-DD2-40/Bits-DD2-P2
Opening Player-Data//16-DD2-40/Bits-DD2-P3
Opening Player-Data//16-DD2-40/Bits-DD2-P4
Opening Player-Data//16-DD2-40/Bits-DD2-P5
Opening Player-Data//16-DD2-40/Bits-DD2-P6
Opening Player-Data//16-DD2-40/Bits-DD2-P7
Opening Player-Data//16-DD2-40/Bits-DD2-P8
Opening Player-Data//16-DD2-40/Bits-DD2-P9
Opening Player-Data//16-DD2-40/Bits-DD2-P10
Opening Player-Data//16-DD2-40/Bits-DD2-P11
Opening Player-Data//16-DD2-40/Bits-DD2-P12
Opening Player-Data//16-DD2-40/Bits-DD2-P13
Opening Player-Data//16-DD2-40/Bits-DD2-P14
Opening Player-Data//16-DD2-40/Bits-DD2-P15
Opening Player-Data//16-DD2-40/Inputs-DD2-P0-0
Opening Player-Data//16-DD2-40/Inputs-DD2-P1-0
Opening Player-Data//16-DD2-40/Inputs-DD2-P2-0
Opening Player-Data//16-DD2-40/Inputs-DD2-P3-0
Opening Player-Data//16-DD2-40/Inputs-DD2-P4-0
Opening Player-Data//16-DD2-40/Inputs-DD2-P5-0
Opening Player-Data//16-DD2-40/Inputs-DD2-P6-0
Opening Player-Data//16-DD2-40/Inputs-DD2-P7-0
Opening Player-Data//16-DD2-40/Inputs-DD2-P8-0
Opening Player-Data//16-DD2-40/Inputs-DD2-P9-0
Opening Player-Data//16-DD2-40/Inputs-DD2-P10-0
Opening Player-Data//16-DD2-40/Inputs-DD2-P11-0
Opening Player-Data//16-DD2-40/Inputs-DD2-P12-0
Opening Player-Data//16-DD2-40/Inputs-DD2-P13-0
Opening Player-Data//16-DD2-40/Inputs-DD2-P14-0
Opening Player-Data//16-DD2-40/Inputs-DD2-P15-0
Opening Player-Data//16-DD2-40/Inputs-DD2-P0-1
Opening Player-Data//16-DD2-40/Inputs-DD2-P1-1
Opening Player-Data//16-DD2-40/Inputs-DD2-P2-1
Opening Player-Data//16-DD2-40/Inputs-DD2-P3-1
Opening Player-Data//16-DD2-40/Inputs-DD2-P4-1
Opening Player-Data//16-DD2-40/Inputs-DD2-P5-1
Opening Player-Data//16-DD2-40/Inputs-DD2-P6-1
Opening Player-Data//16-DD2-40/Inputs-DD2-P7-1
Opening Player-Data//16-DD2-40/Inputs-DD2-P8-1
Opening Player-Data//16-DD2-40/Inputs-DD2-P9-1
Opening Player-Data//16-DD2-40/Inputs-DD2-P10-1
Opening Player-Data//16-DD2-40/Inputs-DD2-P11-1
Opening Player-Data//16-DD2-40/Inputs-DD2-P12-1
Opening Player-Data//16-DD2-40/Inputs-DD2-P13-1
Opening Player-Data//16-DD2-40/Inputs-DD2-P14-1
Opening Player-Data//16-DD2-40/Inputs-DD2-P15-1
Opening Player-Data//16-DD2-40/Inputs-DD2-P0-2
Opening Player-Data//16-DD2-40/Inputs-DD2-P1-2
Opening Player-Data//16-DD2-40/Inputs-DD2-P2-2
Opening Player-Data//16-DD2-40/Inputs-DD2-P3-2
Opening Player-Data//16-DD2-40/Inputs-DD2-P4-2
Opening Player-Data//16-DD2-40/Inputs-DD2-P5-2
Opening Player-Data//16-DD2-40/Inputs-DD2-P6-2
Opening Player-Data//16-DD2-40/Inputs-DD2-P7-2
Opening Player-Data//16-DD2-40/Inputs-DD2-P8-2
Opening Player-Data//16-DD2-40/Inputs-DD2-P9-2
Opening Player-Data//16-DD2-40/Inputs-DD2-P10-2
Opening Player-Data//16-DD2-40/Inputs-DD2-P11-2
Opening Player-Data//16-DD2-40/Inputs-DD2-P12-2
Opening Player-Data//16-DD2-40/Inputs-DD2-P13-2
Opening Player-Data//16-DD2-40/Inputs-DD2-P14-2
Opening Player-Data//16-DD2-40/Inputs-DD2-P15-2
Opening Player-Data//16-DD2-40/Inputs-DD2-P0-3
Opening Player-Data//16-DD2-40/Inputs-DD2-P1-3
Opening Player-Data//16-DD2-40/Inputs-DD2-P2-3
Opening Player-Data//16-DD2-40/Inputs-DD2-P3-3
Opening Player-Data//16-DD2-40/Inputs-DD2-P4-3
Opening Player-Data//16-DD2-40/Inputs-DD2-P5-3
Opening Player-Data//16-DD2-40/Inputs-DD2-P6-3
Opening Player-Data//16-DD2-40/Inputs-DD2-P7-3
Opening Player-Data//16-DD2-40/Inputs-DD2-P8-3
Opening Player-Data//16-DD2-40/Inputs-DD2-P9-3
Opening Player-Data//16-DD2-40/Inputs-DD2-P10-3
Opening Player-Data//16-DD2-40/Inputs-DD2-P11-3
Opening Player-Data//16-DD2-40/Inputs-DD2-P12-3
Opening Player-Data//16-DD2-40/Inputs-DD2-P13-3
Opening Player-Data//16-DD2-40/Inputs-DD2-P14-3
Opening Player-Data//16-DD2-40/Inputs-DD2-P15-3
Opening Player-Data//16-DD2-40/Inputs-DD2-P0-4
Opening Player-Data//16-DD2-40/Inputs-DD2-P1-4
Opening Player-Data//16-DD2-40/Inputs-DD2-P2-4
Opening Player-Data//16-DD2-40/Inputs-DD2-P3-4
Opening Player-Data//16-DD2-40/Inputs-DD2-P4-4
Opening Player-Data//16-DD2-40/Inputs-DD2-P5-4
Opening Player-Data//16-DD2-40/Inputs-DD2-P6-4
Opening Player-Data//16-DD2-40/Inputs-DD2-P7-4
Opening Player-Data//16-DD2-40/Inputs-DD2-P8-4
Opening Player-Data//16-DD2-40/Inputs-DD2-P9-4
Opening Player-Data//16-DD2-40/Inputs-DD2-P10-4
Opening Player-Data//16-DD2-40/Inputs-DD2-P11-4
Opening Player-Data//16-DD2-40/Inputs-DD2-P12-4
Opening Player-Data//16-DD2-40/Inputs-DD2-P13-4
Opening Player-Data//16-DD2-40/Inputs-DD2-P14-4
Opening Player-Data//16-DD2-40/Inputs-DD2-P15-4
Opening Player-Data//16-DD2-40/Inputs-DD2-P0-5
Opening Player-Data//16-DD2-40/Inputs-DD2-P1-5
Opening Player-Data//16-DD2-40/Inputs-DD2-P2-5
Opening Player-Data//16-DD2-40/Inputs-DD2-P3-5
Opening Player-Data//16-DD2-40/Inputs-DD2-P4-5
Opening Player-Data//16-DD2-40/Inputs-DD2-P5-5
Opening Player-Data//16-DD2-40/Inputs-DD2-P6-5
Opening Player-Data//16-DD2-40/Inputs-DD2-P7-5
Opening Player-Data//16-DD2-40/Inputs-DD2-P8-5
Opening Player-Data//16-DD2-40/Inputs-DD2-P9-5
Opening Player-Data//16-DD2-40/Inputs-DD2-P10-5
Opening Player-Data//16-DD2-40/Inputs-DD2-P11-5
Opening Player-Data//16-DD2-40/Inputs-DD2-P12-5
Opening Player-Data//16-DD2-40/Inputs-DD2-P13-5
Opening Player-Data//16-DD2-40/Inputs-DD2-P14-5
Opening Player-Data//16-DD2-40/Inputs-DD2-P15-5
Opening Player-Data//16-DD2-40/Inputs-DD2-P0-6
Opening Player-Data//16-DD2-40/Inputs-DD2-P1-6
Opening Player-Data//16-DD2-40/Inputs-DD2-P2-6
Opening Player-Data//16-DD2-40/Inputs-DD2-P3-6
Opening Player-Data//16-DD2-40/Inputs-DD2-P4-6
Opening Player-Data//16-DD2-40/Inputs-DD2-P5-6
Opening Player-Data//16-DD2-40/Inputs-DD2-P6-6
Opening Player-Data//16-DD2-40/Inputs-DD2-P7-6
Opening Player-Data//16-DD2-40/Inputs-DD2-P8-6
Opening Player-Data//16-DD2-40/Inputs-DD2-P9-6
Opening Player-Data//16-DD2-40/Inputs-DD2-P10-6
Opening Player-Data//16-DD2-40/Inputs-DD2-P11-6
Opening Player-Data//16-DD2-40/Inputs-DD2-P12-6
Opening Player-Data//16-DD2-40/Inputs-DD2-P13-6
Opening Player-Data//16-DD2-40/Inputs-DD2-P14-6
Opening Player-Data//16-DD2-40/Inputs-DD2-P15-6
Opening Player-Data//16-DD2-40/Inputs-DD2-P0-7
Opening Player-Data//16-DD2-40/Inputs-DD2-P1-7
Opening Player-Data//16-DD2-40/Inputs-DD2-P2-7
Opening Player-Data//16-DD2-40/Inputs-DD2-P3-7
Opening Player-Data//16-DD2-40/Inputs-DD2-P4-7
Opening Player-Data//16-DD2-40/Inputs-DD2-P5-7
Opening Player-Data//16-DD2-40/Inputs-DD2-P6-7
Opening Player-Data//16-DD2-40/Inputs-DD2-P7-7
Opening Player-Data//16-DD2-40/Inputs-DD2-P8-7
Opening Player-Data//16-DD2-40/Inputs-DD2-P9-7
Opening Player-Data//16-DD2-40/Inputs-DD2-P10-7
Opening Player-Data//16-DD2-40/Inputs-DD2-P11-7
Opening Player-Data//16-DD2-40/Inputs-DD2-P12-7
Opening Player-Data//16-DD2-40/Inputs-DD2-P13-7
Opening Player-Data//16-DD2-40/Inputs-DD2-P14-7
Opening Player-Data//16-DD2-40/Inputs-DD2-P15-7
Opening Player-Data//16-DD2-40/Inputs-DD2-P0-8
Opening Player-Data//16-DD2-40/Inputs-DD2-P1-8
Opening Player-Data//16-DD2-40/Inputs-DD2-P2-8
Opening Player-Data//16-DD2-40/Inputs-DD2-P3-8
Opening Player-Data//16-DD2-40/Inputs-DD2-P4-8
Opening Player-Data//16-DD2-40/Inputs-DD2-P5-8
Opening Player-Data//16-DD2-40/Inputs-DD2-P6-8
Opening Player-Data//16-DD2-40/Inputs-DD2-P7-8
Opening Player-Data//16-DD2-40/Inputs-DD2-P8-8
Opening Player-Data//16-DD2-40/Inputs-DD2-P9-8
Opening Player-Data//16-DD2-40/Inputs-DD2-P10-8
Opening Player-Data//16-DD2-40/Inputs-DD2-P11-8
Opening Player-Data//16-DD2-40/Inputs-DD2-P12-8
Opening Player-Data//16-DD2-40/Inputs-DD2-P13-8
Opening Player-Data//16-DD2-40/Inputs-DD2-P14-8
Opening Player-Data//16-DD2-40/Inputs-DD2-P15-8
Opening Player-Data//16-DD2-40/Inputs-DD2-P0-9
Opening Player-Data//16-DD2-40/Inputs-DD2-P1-9
Opening Player-Data//16-DD2-40/Inputs-DD2-P2-9
Opening Player-Data//16-DD2-40/Inputs-DD2-P3-9
Opening Player-Data//16-DD2-40/Inputs-DD2-P4-9
Opening Player-Data//16-DD2-40/Inputs-DD2-P5-9
Opening Player-Data//16-DD2-40/Inputs-DD2-P6-9
Opening Player-Data//16-DD2-40/Inputs-DD2-P7-9
Opening Player-Data//16-DD2-40/Inputs-DD2-P8-9
Opening Player-Data//16-DD2-40/Inputs-DD2-P9-9
Opening Player-Data//16-DD2-40/Inputs-DD2-P10-9
Opening Player-Data//16-DD2-40/Inputs-DD2-P11-9
Opening Player-Data//16-DD2-40/Inputs-DD2-P12-9
Opening Player-Data//16-DD2-40/Inputs-DD2-P13-9
Opening Player-Data//16-DD2-40/Inputs-DD2-P14-9
Opening Player-Data//16-DD2-40/Inputs-DD2-P15-9
Opening Player-Data//16-DD2-40/Inputs-DD2-P0-10
Opening Player-Data//16-DD2-40/Inputs-DD2-P1-10
Opening Player-Data//16-DD2-40/Inputs-DD2-P2-10
Opening Player-Data//16-DD2-40/Inputs-DD2-P3-10
Opening Player-Data//16-DD2-40/Inputs-DD2-P4-10
Opening Player-Data//16-DD2-40/Inputs-DD2-P5-10
Opening Player-Data//16-DD2-40/Inputs-DD2-P6-10
Opening Player-Data//16-DD2-40/Inputs-DD2-P7-10
Opening Player-Data//16-DD2-40/Inputs-DD2-P8-10
Opening Player-Data//16-DD2-40/Inputs-DD2-P9-10
Opening Player-Data//16-DD2-40/Inputs-DD2-P10-10
Opening Player-Data//16-DD2-40/Inputs-DD2-P11-10
Opening Player-Data//16-DD2-40/Inputs-DD2-P12-10
Opening Player-Data//16-DD2-40/Inputs-DD2-P13-10
Opening Player-Data//16-DD2-40/Inputs-DD2-P14-10
Opening Player-Data//16-DD2-40/Inputs-DD2-P15-10
Opening Player-Data//16-DD2-40/Inputs-DD2-P0-11
Opening Player-Data//16-DD2-40/Inputs-DD2-P1-11
Opening Player-Data//16-DD2-40/Inputs-DD2-P2-11
Opening Player-Data//16-DD2-40/Inputs-DD2-P3-11
Opening Player-Data//16-DD2-40/Inputs-DD2-P4-11
Opening Player-Data//16-DD2-40/Inputs-DD2-P5-11
Opening Player-Data//16-DD2-40/Inputs-DD2-P6-11
Opening Player-Data//16-DD2-40/Inputs-DD2-P7-11
Opening Player-Data//16-DD2-40/Inputs-DD2-P8-11
Opening Player-Data//16-DD2-40/Inputs-DD2-P9-11
Opening Player-Data//16-DD2-40/Inputs-DD2-P10-11
Opening Player-Data//16-DD2-40/Inputs-DD2-P11-11
Opening Player-Data//16-DD2-40/Inputs-DD2-P12-11
Opening Player-Data//16-DD2-40/Inputs-DD2-P13-11
Opening Player-Data//16-DD2-40/Inputs-DD2-P14-11
Opening Player-Data//16-DD2-40/Inputs-DD2-P15-11
Opening Player-Data//16-DD2-40/Inputs-DD2-P0-12
Opening Player-Data//16-DD2-40/Inputs-DD2-P1-12
Opening Player-Data//16-DD2-40/Inputs-DD2-P2-12
Opening Player-Data//16-DD2-40/Inputs-DD2-P3-12
Opening Player-Data//16-DD2-40/Inputs-DD2-P4-12
Opening Player-Data//16-DD2-40/Inputs-DD2-P5-12
Opening Player-Data//16-DD2-40/Inputs-DD2-P6-12
Opening Player-Data//16-DD2-40/Inputs-DD2-P7-12
Opening Player-Data//16-DD2-40/Inputs-DD2-P8-12
Opening Player-Data//16-DD2-40/Inputs-DD2-P9-12
Opening Player-Data//16-DD2-40/Inputs-DD2-P10-12
Opening Player-Data//16-DD2-40/Inputs-DD2-P11-12
Opening Player-Data//16-DD2-40/Inputs-DD2-P12-12
Opening Player-Data//16-DD2-40/Inputs-DD2-P13-12
Opening Player-Data//16-DD2-40/Inputs-DD2-P14-12
Opening Player-Data//16-DD2-40/Inputs-DD2-P15-12
Opening Player-Data//16-DD2-40/Inputs-DD2-P0-13
Opening Player-Data//16-DD2-40/Inputs-DD2-P1-13
Opening Player-Data//16-DD2-40/Inputs-DD2-P2-13
Opening Player-Data//16-DD2-40/Inputs-DD2-P3-13
Opening Player-Data//16-DD2-40/Inputs-DD2-P4-13
Opening Player-Data//16-DD2-40/Inputs-DD2-P5-13
Opening Player-Data//16-DD2-40/Inputs-DD2-P6-13
Opening Player-Data//16-DD2-40/Inputs-DD2-P7-13
Opening Player-Data//16-DD2-40/Inputs-DD2-P8-13
Opening Player-Data//16-DD2-40/Inputs-DD2-P9-13
Opening Player-Data//16-DD2-40/Inputs-DD2-P10-13
Opening Player-Data//16-DD2-40/Inputs-DD2-P11-13
Opening Player-Data//16-DD2-40/Inputs-DD2-P12-13
Opening Player-Data//16-DD2-40/Inputs-DD2-P13-13
Opening Player-Data//16-DD2-40/Inputs-DD2-P14-13
Opening Player-Data//16-DD2-40/Inputs-DD2-P15-13
Opening Player-Data//16-DD2-40/Inputs-DD2-P0-14
Opening Player-Data//16-DD2-40/Inputs-DD2-P1-14
Opening Player-Data//16-DD2-40/Inputs-DD2-P2-14
Opening Player-Data//16-DD2-40/Inputs-DD2-P3-14
Opening Player-Data//16-DD2-40/Inputs-DD2-P4-14
Opening Player-Data//16-DD2-40/Inputs-DD2-P5-14
Opening Player-Data//16-DD2-40/Inputs-DD2-P6-14
Opening Player-Data//16-DD2-40/Inputs-DD2-P7-14
Opening Player-Data//16-DD2-40/Inputs-DD2-P8-14
Opening Player-Data//16-DD2-40/Inputs-DD2-P9-14
Opening Player-Data//16-DD2-40/Inputs-DD2-P10-14
Opening Player-Data//16-DD2-40/Inputs-DD2-P11-14
Opening Player-Data//16-DD2-40/Inputs-DD2-P12-14
Opening Player-Data//16-DD2-40/Inputs-DD2-P13-14
Opening Player-Data//16-DD2-40/Inputs-DD2-P14-14
Opening Player-Data//16-DD2-40/Inputs-DD2-P15-14
Opening Player-Data//16-DD2-40/Inputs-DD2-P0-15
Opening Player-Data//16-DD2-40/Inputs-DD2-P1-15
Opening Player-Data//16-DD2-40/Inputs-DD2-P2-15
Opening Player-Data//16-DD2-40/Inputs-DD2-P3-15
Opening Player-Data//16-DD2-40/Inputs-DD2-P4-15
Opening Player-Data//16-DD2-40/Inputs-DD2-P5-15
Opening Player-Data//16-DD2-40/Inputs-DD2-P6-15
Opening Player-Data//16-DD2-40/Inputs-DD2-P7-15
Opening Player-Data//16-DD2-40/Inputs-DD2-P8-15
Opening Player-Data//16-DD2-40/Inputs-DD2-P9-15
Opening Player-Data//16-DD2-40/Inputs-DD2-P10-15
Opening Player-Data//16-DD2-40/Inputs-DD2-P11-15
Opening Player-Data//16-DD2-40/Inputs-DD2-P12-15
Opening Player-Data//16-DD2-40/Inputs-DD2-P13-15
Opening Player-Data//16-DD2-40/Inputs-DD2-P14-15
Opening Player-Data//16-DD2-40/Inputs-DD2-P15-15
Opening Player-Data//16-DD2-40/Squares-DD2-P0
Opening Player-Data//16-DD2-40/Squares-DD2-P1
Opening Player-Data//16-DD2-40/Squares-DD2-P2
Opening Player-Data//16-DD2-40/Squares-DD2-P3
Opening Player-Data//16-DD2-40/Squares-DD2-P4
Opening Player-Data//16-DD2-40/Squares-DD2-P5
Opening Player-Data//16-DD2-40/Squares-DD2-P6
Opening Player-Data//16-DD2-40/Squares-DD2-P7
Opening Player-Data//16-DD2-40/Squares-DD2-P8
Opening Player-Data//16-DD2-40/Squares-DD2-P9
Opening Player-Data//16-DD2-40/Squares-DD2-P10
Opening Player-Data//16-DD2-40/Squares-DD2-P11
Opening Player-Data//16-DD2-40/Squares-DD2-P12
Opening Player-Data//16-DD2-40/Squares-DD2-P13
Opening Player-Data//16-DD2-40/Squares-DD2-P14
Opening Player-Data//16-DD2-40/Squares-DD2-P15
Opening Player-Data//16-DD2-40/daBits-DD2-P0
Opening Player-Data//16-DD2-40/daBits-DD2-P1
Opening Player-Data//16-DD2-40/daBits-DD2-P2
Opening Player-Data//16-DD2-40/daBits-DD2-P3
Opening Player-Data//16-DD2-40/daBits-DD2-P4
Opening Player-Data//16-DD2-40/daBits-DD2-P5
Opening Player-Data//16-DD2-40/daBits-DD2-P6
Opening Player-Data//16-DD2-40/daBits-DD2-P7
Opening Player-Data//16-DD2-40/daBits-DD2-P8
Opening Player-Data//16-DD2-40/daBits-DD2-P9
Opening Player-Data//16-DD2-40/daBits-DD2-P10
Opening Player-Data//16-DD2-40/daBits-DD2-P11
Opening Player-Data//16-DD2-40/daBits-DD2-P12
Opening Player-Data//16-DD2-40/daBits-DD2-P13
Opening Player-Data//16-DD2-40/daBits-DD2-P14
Opening Player-Data//16-DD2-40/daBits-DD2-P15
Opening Player-Data//16-DD2-40/Inverses-DD2-P0
Opening Player-Data//16-DD2-40/Inverses-DD2-P1
Opening Player-Data//16-DD2-40/Inverses-DD2-P2
Opening Player-Data//16-DD2-40/Inverses-DD2-P3
Opening Player-Data//16-DD2-40/Inverses-DD2-P4
Opening Player-Data//16-DD2-40/Inverses-DD2-P5
Opening Player-Data//16-DD2-40/Inverses-DD2-P6
Opening Player-Data//16-DD2-40/Inverses-DD2-P7
Opening Player-Data//16-DD2-40/Inverses-DD2-P8
Opening Player-Data//16-DD2-40/Inverses-DD2-P9
Opening Player-Data//16-DD2-40/Inverses-DD2-P10
Opening Player-Data//16-DD2-40/Inverses-DD2-P11
Opening Player-Data//16-DD2-40/Inverses-DD2-P12
Opening Player-Data//16-DD2-40/Inverses-DD2-P13
Opening Player-Data//16-DD2-40/Inverses-DD2-P14
Opening Player-Data//16-DD2-40/Inverses-DD2-P15
Opening Player-Data//16-S2-40/Triples-S2-P0
Opening Player-Data//16-S2-40/Triples-S2-P1
Opening Player-Data//16-S2-40/Triples-S2-P2
Opening Player-Data//16-S2-40/Triples-S2-P3
Opening Player-Data//16-S2-40/Triples-S2-P4
Opening Player-Data//16-S2-40/Triples-S2-P5
Opening Player-Data//16-S2-40/Triples-S2-P6
Opening Player-Data//16-S2-40/Triples-S2-P7
Opening Player-Data//16-S2-40/Triples-S2-P8
Opening Player-Data//16-S2-40/Triples-S2-P9
Opening Player-Data//16-S2-40/Triples-S2-P10
Opening Player-Data//16-S2-40/Triples-S2-P11
Opening Player-Data//16-S2-40/Triples-S2-P12
Opening Player-Data//16-S2-40/Triples-S2-P13
Opening Player-Data//16-S2-40/Triples-S2-P14
Opening Player-Data//16-S2-40/Triples-S2-P15
Opening Player-Data//16-S2-40/Bits-S2-P0
Opening Player-Data//16-S2-40/Bits-S2-P1
Opening Player-Data//16-S2-40/Bits-S2-P2
Opening Player-Data//16-S2-40/Bits-S2-P3
Opening Player-Data//16-S2-40/Bits-S2-P4
Opening Player-Data//16-S2-40/Bits-S2-P5
Opening Player-Data//16-S2-40/Bits-S2-P6
Opening Player-Data//16-S2-40/Bits-S2-P7
Opening Player-Data//16-S2-40/Bits-S2-P8
Opening Player-Data//16-S2-40/Bits-S2-P9
Opening Player-Data//16-S2-40/Bits-S2-P10
Opening Player-Data//16-S2-40/Bits-S2-P11
Opening Player-Data//16-S2-40/Bits-S2-P12
Opening Player-Data//16-S2-40/Bits-S2-P13
Opening Player-Data//16-S2-40/Bits-S2-P14
Opening Player-Data//16-S2-40/Bits-S2-P15
Opening Player-Data//16-S2-40/Inputs-S2-P0-0
Opening Player-Data//16-S2-40/Inputs-S2-P1-0
Opening Player-Data//16-S2-40/Inputs-S2-P2-0
Opening Player-Data//16-S2-40/Inputs-S2-P3-0
Opening Player-Data//16-S2-40/Inputs-S2-P4-0
Opening Player-Data//16-S2-40/Inputs-S2-P5-0
Opening Player-Data//16-S2-40/Inputs-S2-P6-0
Opening Player-Data//16-S2-40/Inputs-S2-P7-0
Opening Player-Data//16-S2-40/Inputs-S2-P8-0
Opening Player-Data//16-S2-40/Inputs-S2-P9-0
Opening Player-Data//16-S2-40/Inputs-S2-P10-0
Opening Player-Data//16-S2-40/Inputs-S2-P11-0
Opening Player-Data//16-S2-40/Inputs-S2-P12-0
Opening Player-Data//16-S2-40/Inputs-S2-P13-0
Opening Player-Data//16-S2-40/Inputs-S2-P14-0
Opening Player-Data//16-S2-40/Inputs-S2-P15-0
Opening Player-Data//16-S2-40/Inputs-S2-P0-1
Opening Player-Data//16-S2-40/Inputs-S2-P1-1
Opening Player-Data//16-S2-40/Inputs-S2-P2-1
Opening Player-Data//16-S2-40/Inputs-S2-P3-1
Opening Player-Data//16-S2-40/Inputs-S2-P4-1
Opening Player-Data//16-S2-40/Inputs-S2-P5-1
Opening Player-Data//16-S2-40/Inputs-S2-P6-1
Opening Player-Data//16-S2-40/Inputs-S2-P7-1
Opening Player-Data//16-S2-40/Inputs-S2-P8-1
Opening Player-Data//16-S2-40/Inputs-S2-P9-1
Opening Player-Data//16-S2-40/Inputs-S2-P10-1
Opening Player-Data//16-S2-40/Inputs-S2-P11-1
Opening Player-Data//16-S2-40/Inputs-S2-P12-1
Opening Player-Data//16-S2-40/Inputs-S2-P13-1
Opening Player-Data//16-S2-40/Inputs-S2-P14-1
Opening Player-Data//16-S2-40/Inputs-S2-P15-1
Opening Player-Data//16-S2-40/Inputs-S2-P0-2
Opening Player-Data//16-S2-40/Inputs-S2-P1-2
Opening Player-Data//16-S2-40/Inputs-S2-P2-2
Opening Player-Data//16-S2-40/Inputs-S2-P3-2
Opening Player-Data//16-S2-40/Inputs-S2-P4-2
Opening Player-Data//16-S2-40/Inputs-S2-P5-2
Opening Player-Data//16-S2-40/Inputs-S2-P6-2
Opening Player-Data//16-S2-40/Inputs-S2-P7-2
Opening Player-Data//16-S2-40/Inputs-S2-P8-2
Opening Player-Data//16-S2-40/Inputs-S2-P9-2
Opening Player-Data//16-S2-40/Inputs-S2-P10-2
Opening Player-Data//16-S2-40/Inputs-S2-P11-2
Opening Player-Data//16-S2-40/Inputs-S2-P12-2
Opening Player-Data//16-S2-40/Inputs-S2-P13-2
Opening Player-Data//16-S2-40/Inputs-S2-P14-2
Opening Player-Data//16-S2-40/Inputs-S2-P15-2
Opening Player-Data//16-S2-40/Inputs-S2-P0-3
Opening Player-Data//16-S2-40/Inputs-S2-P1-3
Opening Player-Data//16-S2-40/Inputs-S2-P2-3
Opening Player-Data//16-S2-40/Inputs-S2-P3-3
Opening Player-Data//16-S2-40/Inputs-S2-P4-3
Opening Player-Data//16-S2-40/Inputs-S2-P5-3
Opening Player-Data//16-S2-40/Inputs-S2-P6-3
Opening Player-Data//16-S2-40/Inputs-S2-P7-3
Opening Player-Data//16-S2-40/Inputs-S2-P8-3
Opening Player-Data//16-S2-40/Inputs-S2-P9-3
Opening Player-Data//16-S2-40/Inputs-S2-P10-3
Opening Player-Data//16-S2-40/Inputs-S2-P11-3
Opening Player-Data//16-S2-40/Inputs-S2-P12-3
Opening Player-Data//16-S2-40/Inputs-S2-P13-3
Opening Player-Data//16-S2-40/Inputs-S2-P14-3
Opening Player-Data//16-S2-40/Inputs-S2-P15-3
Opening Player-Data//16-S2-40/Inputs-S2-P0-4
Opening Player-Data//16-S2-40/Inputs-S2-P1-4
Opening Player-Data//16-S2-40/Inputs-S2-P2-4
Opening Player-Data//16-S2-40/Inputs-S2-P3-4
Opening Player-Data//16-S2-40/Inputs-S2-P4-4
Opening Player-Data//16-S2-40/Inputs-S2-P5-4
Opening Player-Data//16-S2-40/Inputs-S2-P6-4
Opening Player-Data//16-S2-40/Inputs-S2-P7-4
Opening Player-Data//16-S2-40/Inputs-S2-P8-4
Opening Player-Data//16-S2-40/Inputs-S2-P9-4
Opening Player-Data//16-S2-40/Inputs-S2-P10-4
Opening Player-Data//16-S2-40/Inputs-S2-P11-4
Opening Player-Data//16-S2-40/Inputs-S2-P12-4
Opening Player-Data//16-S2-40/Inputs-S2-P13-4
Opening Player-Data//16-S2-40/Inputs-S2-P14-4
Opening Player-Data//16-S2-40/Inputs-S2-P15-4
Opening Player-Data//16-S2-40/Inputs-S2-P0-5
Opening Player-Data//16-S2-40/Inputs-S2-P1-5
Opening Player-Data//16-S2-40/Inputs-S2-P2-5
Opening Player-Data//16-S2-40/Inputs-S2-P3-5
Opening Player-Data//16-S2-40/Inputs-S2-P4-5
Opening Player-Data//16-S2-40/Inputs-S2-P5-5
Opening Player-Data//16-S2-40/Inputs-S2-P6-5
Opening Player-Data//16-S2-40/Inputs-S2-P7-5
Opening Player-Data//16-S2-40/Inputs-S2-P8-5
Opening Player-Data//16-S2-40/Inputs-S2-P9-5
Opening Player-Data//16-S2-40/Inputs-S2-P10-5
Opening Player-Data//16-S2-40/Inputs-S2-P11-5
Opening Player-Data//16-S2-40/Inputs-S2-P12-5
Opening Player-Data//16-S2-40/Inputs-S2-P13-5
Opening Player-Data//16-S2-40/Inputs-S2-P14-5
Opening Player-Data//16-S2-40/Inputs-S2-P15-5
Opening Player-Data//16-S2-40/Inputs-S2-P0-6
Opening Player-Data//16-S2-40/Inputs-S2-P1-6
Opening Player-Data//16-S2-40/Inputs-S2-P2-6
Opening Player-Data//16-S2-40/Inputs-S2-P3-6
Opening Player-Data//16-S2-40/Inputs-S2-P4-6
Opening Player-Data//16-S2-40/Inputs-S2-P5-6
Opening Player-Data//16-S2-40/Inputs-S2-P6-6
Opening Player-Data//16-S2-40/Inputs-S2-P7-6
Opening Player-Data//16-S2-40/Inputs-S2-P8-6
Opening Player-Data//16-S2-40/Inputs-S2-P9-6
Opening Player-Data//16-S2-40/Inputs-S2-P10-6
Opening Player-Data//16-S2-40/Inputs-S2-P11-6
Opening Player-Data//16-S2-40/Inputs-S2-P12-6
Opening Player-Data//16-S2-40/Inputs-S2-P13-6
Opening Player-Data//16-S2-40/Inputs-S2-P14-6
Opening Player-Data//16-S2-40/Inputs-S2-P15-6
Opening Player-Data//16-S2-40/Inputs-S2-P0-7
Opening Player-Data//16-S2-40/Inputs-S2-P1-7
Opening Player-Data//16-S2-40/Inputs-S2-P2-7
Opening Player-Data//16-S2-40/Inputs-S2-P3-7
Opening Player-Data//16-S2-40/Inputs-S2-P4-7
Opening Player-Data//16-S2-40/Inputs-S2-P5-7
Opening Player-Data//16-S2-40/Inputs-S2-P6-7
Opening Player-Data//16-S2-40/Inputs-S2-P7-7
Opening Player-Data//16-S2-40/Inputs-S2-P8-7
Opening Player-Data//16-S2-40/Inputs-S2-P9-7
Opening Player-Data//16-S2-40/Inputs-S2-P10-7
Opening Player-Data//16-S2-40/Inputs-S2-P11-7
Opening Player-Data//16-S2-40/Inputs-S2-P12-7
Opening Player-Data//16-S2-40/Inputs-S2-P13-7
Opening Player-Data//16-S2-40/Inputs-S2-P14-7
Opening Player-Data//16-S2-40/Inputs-S2-P15-7
Opening Player-Data//16-S2-40/Inputs-S2-P0-8
Opening Player-Data//16-S2-40/Inputs-S2-P1-8
Opening Player-Data//16-S2-40/Inputs-S2-P2-8
Opening Player-Data//16-S2-40/Inputs-S2-P3-8
Opening Player-Data//16-S2-40/Inputs-S2-P4-8
Opening Player-Data//16-S2-40/Inputs-S2-P5-8
Opening Player-Data//16-S2-40/Inputs-S2-P6-8
Opening Player-Data//16-S2-40/Inputs-S2-P7-8
Opening Player-Data//16-S2-40/Inputs-S2-P8-8
Opening Player-Data//16-S2-40/Inputs-S2-P9-8
Opening Player-Data//16-S2-40/Inputs-S2-P10-8
Opening Player-Data//16-S2-40/Inputs-S2-P11-8
Opening Player-Data//16-S2-40/Inputs-S2-P12-8
Opening Player-Data//16-S2-40/Inputs-S2-P13-8
Opening Player-Data//16-S2-40/Inputs-S2-P14-8
Opening Player-Data//16-S2-40/Inputs-S2-P15-8
Opening Player-Data//16-S2-40/Inputs-S2-P0-9
Opening Player-Data//16-S2-40/Inputs-S2-P1-9
Opening Player-Data//16-S2-40/Inputs-S2-P2-9
Opening Player-Data//16-S2-40/Inputs-S2-P3-9
Opening Player-Data//16-S2-40/Inputs-S2-P4-9
Opening Player-Data//16-S2-40/Inputs-S2-P5-9
Opening Player-Data//16-S2-40/Inputs-S2-P6-9
Opening Player-Data//16-S2-40/Inputs-S2-P7-9
Opening Player-Data//16-S2-40/Inputs-S2-P8-9
Opening Player-Data//16-S2-40/Inputs-S2-P9-9
Opening Player-Data//16-S2-40/Inputs-S2-P10-9
Opening Player-Data//16-S2-40/Inputs-S2-P11-9
Opening Player-Data//16-S2-40/Inputs-S2-P12-9
Opening Player-Data//16-S2-40/Inputs-S2-P13-9
Opening Player-Data//16-S2-40/Inputs-S2-P14-9
Opening Player-Data//16-S2-40/Inputs-S2-P15-9
Opening Player-Data//16-S2-40/Inputs-S2-P0-10
Opening Player-Data//16-S2-40/Inputs-S2-P1-10
Opening Player-Data//16-S2-40/Inputs-S2-P2-10
Opening Player-Data//16-S2-40/Inputs-S2-P3-10
Opening Player-Data//16-S2-40/Inputs-S2-P4-10
Opening Player-Data//16-S2-40/Inputs-S2-P5-10
Opening Player-Data//16-S2-40/Inputs-S2-P6-10
Opening Player-Data//16-S2-40/Inputs-S2-P7-10
Opening Player-Data//16-S2-40/Inputs-S2-P8-10
Opening Player-Data//16-S2-40/Inputs-S2-P9-10
Opening Player-Data//16-S2-40/Inputs-S2-P10-10
Opening Player-Data//16-S2-40/Inputs-S2-P11-10
Opening Player-Data//16-S2-40/Inputs-S2-P12-10
Opening Player-Data//16-S2-40/Inputs-S2-P13-10
Opening Player-Data//16-S2-40/Inputs-S2-P14-10
Opening Player-Data//16-S2-40/Inputs-S2-P15-10
Opening Player-Data//16-S2-40/Inputs-S2-P0-11
Opening Player-Data//16-S2-40/Inputs-S2-P1-11
Opening Player-Data//16-S2-40/Inputs-S2-P2-11
Opening Player-Data//16-S2-40/Inputs-S2-P3-11
Opening Player-Data//16-S2-40/Inputs-S2-P4-11
Opening Player-Data//16-S2-40/Inputs-S2-P5-11
Opening Player-Data//16-S2-40/Inputs-S2-P6-11
Opening Player-Data//16-S2-40/Inputs-S2-P7-11
Opening Player-Data//16-S2-40/Inputs-S2-P8-11
Opening Player-Data//16-S2-40/Inputs-S2-P9-11
Opening Player-Data//16-S2-40/Inputs-S2-P10-11
Opening Player-Data//16-S2-40/Inputs-S2-P11-11
Opening Player-Data//16-S2-40/Inputs-S2-P12-11
Opening Player-Data//16-S2-40/Inputs-S2-P13-11
Opening Player-Data//16-S2-40/Inputs-S2-P14-11
Opening Player-Data//16-S2-40/Inputs-S2-P15-11
Opening Player-Data//16-S2-40/Inputs-S2-P0-12
Opening Player-Data//16-S2-40/Inputs-S2-P1-12
Opening Player-Data//16-S2-40/Inputs-S2-P2-12
Opening Player-Data//16-S2-40/Inputs-S2-P3-12
Opening Player-Data//16-S2-40/Inputs-S2-P4-12
Opening Player-Data//16-S2-40/Inputs-S2-P5-12
Opening Player-Data//16-S2-40/Inputs-S2-P6-12
Opening Player-Data//16-S2-40/Inputs-S2-P7-12
Opening Player-Data//16-S2-40/Inputs-S2-P8-12
Opening Player-Data//16-S2-40/Inputs-S2-P9-12
Opening Player-Data//16-S2-40/Inputs-S2-P10-12
Opening Player-Data//16-S2-40/Inputs-S2-P11-12
Opening Player-Data//16-S2-40/Inputs-S2-P12-12
Opening Player-Data//16-S2-40/Inputs-S2-P13-12
Opening Player-Data//16-S2-40/Inputs-S2-P14-12
Opening Player-Data//16-S2-40/Inputs-S2-P15-12
Opening Player-Data//16-S2-40/Inputs-S2-P0-13
Opening Player-Data//16-S2-40/Inputs-S2-P1-13
Opening Player-Data//16-S2-40/Inputs-S2-P2-13
Opening Player-Data//16-S2-40/Inputs-S2-P3-13
Opening Player-Data//16-S2-40/Inputs-S2-P4-13
Opening Player-Data//16-S2-40/Inputs-S2-P5-13
Opening Player-Data//16-S2-40/Inputs-S2-P6-13
Opening Player-Data//16-S2-40/Inputs-S2-P7-13
Opening Player-Data//16-S2-40/Inputs-S2-P8-13
Opening Player-Data//16-S2-40/Inputs-S2-P9-13
Opening Player-Data//16-S2-40/Inputs-S2-P10-13
Opening Player-Data//16-S2-40/Inputs-S2-P11-13
Opening Player-Data//16-S2-40/Inputs-S2-P12-13
Opening Player-Data//16-S2-40/Inputs-S2-P13-13
Opening Player-Data//16-S2-40/Inputs-S2-P14-13
Opening Player-Data//16-S2-40/Inputs-S2-P15-13
Opening Player-Data//16-S2-40/Inputs-S2-P0-14
Opening Player-Data//16-S2-40/Inputs-S2-P1-14
Opening Player-Data//16-S2-40/Inputs-S2-P2-14
Opening Player-Data//16-S2-40/Inputs-S2-P3-14
Opening Player-Data//16-S2-40/Inputs-S2-P4-14
Opening Player-Data//16-S2-40/Inputs-S2-P5-14
Opening Player-Data//16-S2-40/Inputs-S2-P6-14
Opening Player-Data//16-S2-40/Inputs-S2-P7-14
Opening Player-Data//16-S2-40/Inputs-S2-P8-14
Opening Player-Data//16-S2-40/Inputs-S2-P9-14
Opening Player-Data//16-S2-40/Inputs-S2-P10-14
Opening Player-Data//16-S2-40/Inputs-S2-P11-14
Opening Player-Data//16-S2-40/Inputs-S2-P12-14
Opening Player-Data//16-S2-40/Inputs-S2-P13-14
Opening Player-Data//16-S2-40/Inputs-S2-P14-14
Opening Player-Data//16-S2-40/Inputs-S2-P15-14
Opening Player-Data//16-S2-40/Inputs-S2-P0-15
Opening Player-Data//16-S2-40/Inputs-S2-P1-15
Opening Player-Data//16-S2-40/Inputs-S2-P2-15
Opening Player-Data//16-S2-40/Inputs-S2-P3-15
Opening Player-Data//16-S2-40/Inputs-S2-P4-15
Opening Player-Data//16-S2-40/Inputs-S2-P5-15
Opening Player-Data//16-S2-40/Inputs-S2-P6-15
Opening Player-Data//16-S2-40/Inputs-S2-P7-15
Opening Player-Data//16-S2-40/Inputs-S2-P8-15
Opening Player-Data//16-S2-40/Inputs-S2-P9-15
Opening Player-Data//16-S2-40/Inputs-S2-P10-15
Opening Player-Data//16-S2-40/Inputs-S2-P11-15
Opening Player-Data//16-S2-40/Inputs-S2-P12-15
Opening Player-Data//16-S2-40/Inputs-S2-P13-15
Opening Player-Data//16-S2-40/Inputs-S2-P14-15
Opening Player-Data//16-S2-40/Inputs-S2-P15-15
Opening Player-Data//16-S2-40/Squares-S2-P0
Opening Player-Data//16-S2-40/Squares-S2-P1
Opening Player-Data//16-S2-40/Squares-S2-P2
Opening Player-Data//16-S2-40/Squares-S2-P3
Opening Player-Data//16-S2-40/Squares-S2-P4
Opening Player-Data//16-S2-40/Squares-S2-P5
Opening Player-Data//16-S2-40/Squares-S2-P6
Opening Player-Data//16-S2-40/Squares-S2-P7
Opening Player-Data//16-S2-40/Squares-S2-P8
Opening Player-Data//16-S2-40/Squares-S2-P9
Opening Player-Data//16-S2-40/Squares-S2-P10
Opening Player-Data//16-S2-40/Squares-S2-P11
Opening Player-Data//16-S2-40/Squares-S2-P12
Opening Player-Data//16-S2-40/Squares-S2-P13
Opening Player-Data//16-S2-40/Squares-S2-P14
Opening Player-Data//16-S2-40/Squares-S2-P15
Opening Player-Data//16-S2-40/daBits-S2-P0
Opening Player-Data//16-S2-40/daBits-S2-P1
Opening Player-Data//16-S2-40/daBits-S2-P2
Opening Player-Data//16-S2-40/daBits-S2-P3
Opening Player-Data//16-S2-40/daBits-S2-P4
Opening Player-Data//16-S2-40/daBits-S2-P5
Opening Player-Data//16-S2-40/daBits-S2-P6
Opening Player-Data//16-S2-40/daBits-S2-P7
Opening Player-Data//16-S2-40/daBits-S2-P8
Opening Player-Data//16-S2-40/daBits-S2-P9
Opening Player-Data//16-S2-40/daBits-S2-P10
Opening Player-Data//16-S2-40/daBits-S2-P11
Opening Player-Data//16-S2-40/daBits-S2-P12
Opening Player-Data//16-S2-40/daBits-S2-P13
Opening Player-Data//16-S2-40/daBits-S2-P14
Opening Player-Data//16-S2-40/daBits-S2-P15
Opening Player-Data//16-S2-40/Inverses-S2-P0
Opening Player-Data//16-S2-40/Inverses-S2-P1
Opening Player-Data//16-S2-40/Inverses-S2-P2
Opening Player-Data//16-S2-40/Inverses-S2-P3
Opening Player-Data//16-S2-40/Inverses-S2-P4
Opening Player-Data//16-S2-40/Inverses-S2-P5
Opening Player-Data//16-S2-40/Inverses-S2-P6
Opening Player-Data//16-S2-40/Inverses-S2-P7
Opening Player-Data//16-S2-40/Inverses-S2-P8
Opening Player-Data//16-S2-40/Inverses-S2-P9
Opening Player-Data//16-S2-40/Inverses-S2-P10
Opening Player-Data//16-S2-40/Inverses-S2-P11
Opening Player-Data//16-S2-40/Inverses-S2-P12
Opening Player-Data//16-S2-40/Inverses-S2-P13
Opening Player-Data//16-S2-40/Inverses-S2-P14
Opening Player-Data//16-S2-40/Inverses-S2-P15
Opening Player-Data//16-MS2-40/Triples-MS2-P0
Opening Player-Data//16-MS2-40/Triples-MS2-P1
Opening Player-Data//16-MS2-40/Triples-MS2-P2
Opening Player-Data//16-MS2-40/Triples-MS2-P3
Opening Player-Data//16-MS2-40/Triples-MS2-P4
Opening Player-Data//16-MS2-40/Triples-MS2-P5
Opening Player-Data//16-MS2-40/Triples-MS2-P6
Opening Player-Data//16-MS2-40/Triples-MS2-P7
Opening Player-Data//16-MS2-40/Triples-MS2-P8
Opening Player-Data//16-MS2-40/Triples-MS2-P9
Opening Player-Data//16-MS2-40/Triples-MS2-P10
Opening Player-Data//16-MS2-40/Triples-MS2-P11
Opening Player-Data//16-MS2-40/Triples-MS2-P12
Opening Player-Data//16-MS2-40/Triples-MS2-P13
Opening Player-Data//16-MS2-40/Triples-MS2-P14
Opening Player-Data//16-MS2-40/Triples-MS2-P15
Opening Player-Data//16-MS2-40/Bits-MS2-P0
Opening Player-Data//16-MS2-40/Bits-MS2-P1
Opening Player-Data//16-MS2-40/Bits-MS2-P2
Opening Player-Data//16-MS2-40/Bits-MS2-P3
Opening Player-Data//16-MS2-40/Bits-MS2-P4
Opening Player-Data//16-MS2-40/Bits-MS2-P5
Opening Player-Data//16-MS2-40/Bits-MS2-P6
Opening Player-Data//16-MS2-40/Bits-MS2-P7
Opening Player-Data//16-MS2-40/Bits-MS2-P8
Opening Player-Data//16-MS2-40/Bits-MS2-P9
Opening Player-Data//16-MS2-40/Bits-MS2-P10
Opening Player-Data//16-MS2-40/Bits-MS2-P11
Opening Player-Data//16-MS2-40/Bits-MS2-P12
Opening Player-Data//16-MS2-40/Bits-MS2-P13
Opening Player-Data//16-MS2-40/Bits-MS2-P14
Opening Player-Data//16-MS2-40/Bits-MS2-P15
Opening Player-Data//16-MS2-40/Inputs-MS2-P0-0
Opening Player-Data//16-MS2-40/Inputs-MS2-P1-0
Opening Player-Data//16-MS2-40/Inputs-MS2-P2-0
Opening Player-Data//16-MS2-40/Inputs-MS2-P3-0
Opening Player-Data//16-MS2-40/Inputs-MS2-P4-0
Opening Player-Data//16-MS2-40/Inputs-MS2-P5-0
Opening Player-Data//16-MS2-40/Inputs-MS2-P6-0
Opening Player-Data//16-MS2-40/Inputs-MS2-P7-0
Opening Player-Data//16-MS2-40/Inputs-MS2-P8-0
Opening Player-Data//16-MS2-40/Inputs-MS2-P9-0
Opening Player-Data//16-MS2-40/Inputs-MS2-P10-0
Opening Player-Data//16-MS2-40/Inputs-MS2-P11-0
Opening Player-Data//16-MS2-40/Inputs-MS2-P12-0
Opening Player-Data//16-MS2-40/Inputs-MS2-P13-0
Opening Player-Data//16-MS2-40/Inputs-MS2-P14-0
Opening Player-Data//16-MS2-40/Inputs-MS2-P15-0
Opening Player-Data//16-MS2-40/Inputs-MS2-P0-1
Opening Player-Data//16-MS2-40/Inputs-MS2-P1-1
Opening Player-Data//16-MS2-40/Inputs-MS2-P2-1
Opening Player-Data//16-MS2-40/Inputs-MS2-P3-1
Opening Player-Data//16-MS2-40/Inputs-MS2-P4-1
Opening Player-Data//16-MS2-40/Inputs-MS2-P5-1
Opening Player-Data//16-MS2-40/Inputs-MS2-P6-1
Opening Player-Data//16-MS2-40/Inputs-MS2-P7-1
Opening Player-Data//16-MS2-40/Inputs-MS2-P8-1
Opening Player-Data//16-MS2-40/Inputs-MS2-P9-1
Opening Player-Data//16-MS2-40/Inputs-MS2-P10-1
Opening Player-Data//16-MS2-40/Inputs-MS2-P11-1
Opening Player-Data//16-MS2-40/Inputs-MS2-P12-1
Opening Player-Data//16-MS2-40/Inputs-MS2-P13-1
Opening Player-Data//16-MS2-40/Inputs-MS2-P14-1
Opening Player-Data//16-MS2-40/Inputs-MS2-P15-1
Opening Player-Data//16-MS2-40/Inputs-MS2-P0-2
Opening Player-Data//16-MS2-40/Inputs-MS2-P1-2
Opening Player-Data//16-MS2-40/Inputs-MS2-P2-2
Opening Player-Data//16-MS2-40/Inputs-MS2-P3-2
Opening Player-Data//16-MS2-40/Inputs-MS2-P4-2
Opening Player-Data//16-MS2-40/Inputs-MS2-P5-2
Opening Player-Data//16-MS2-40/Inputs-MS2-P6-2
Opening Player-Data//16-MS2-40/Inputs-MS2-P7-2
Opening Player-Data//16-MS2-40/Inputs-MS2-P8-2
Opening Player-Data//16-MS2-40/Inputs-MS2-P9-2
Opening Player-Data//16-MS2-40/Inputs-MS2-P10-2
Opening Player-Data//16-MS2-40/Inputs-MS2-P11-2
Opening Player-Data//16-MS2-40/Inputs-MS2-P12-2
Opening Player-Data//16-MS2-40/Inputs-MS2-P13-2
Opening Player-Data//16-MS2-40/Inputs-MS2-P14-2
Opening Player-Data//16-MS2-40/Inputs-MS2-P15-2
Opening Player-Data//16-MS2-40/Inputs-MS2-P0-3
Opening Player-Data//16-MS2-40/Inputs-MS2-P1-3
Opening Player-Data//16-MS2-40/Inputs-MS2-P2-3
Opening Player-Data//16-MS2-40/Inputs-MS2-P3-3
Opening Player-Data//16-MS2-40/Inputs-MS2-P4-3
Opening Player-Data//16-MS2-40/Inputs-MS2-P5-3
Opening Player-Data//16-MS2-40/Inputs-MS2-P6-3
Opening Player-Data//16-MS2-40/Inputs-MS2-P7-3
Opening Player-Data//16-MS2-40/Inputs-MS2-P8-3
Opening Player-Data//16-MS2-40/Inputs-MS2-P9-3
Opening Player-Data//16-MS2-40/Inputs-MS2-P10-3
Opening Player-Data//16-MS2-40/Inputs-MS2-P11-3
Opening Player-Data//16-MS2-40/Inputs-MS2-P12-3
Opening Player-Data//16-MS2-40/Inputs-MS2-P13-3
Opening Player-Data//16-MS2-40/Inputs-MS2-P14-3
Opening Player-Data//16-MS2-40/Inputs-MS2-P15-3
Opening Player-Data//16-MS2-40/Inputs-MS2-P0-4
Opening Player-Data//16-MS2-40/Inputs-MS2-P1-4
Opening Player-Data//16-MS2-40/Inputs-MS2-P2-4
Opening Player-Data//16-MS2-40/Inputs-MS2-P3-4
Opening Player-Data//16-MS2-40/Inputs-MS2-P4-4
Opening Player-Data//16-MS2-40/Inputs-MS2-P5-4
Opening Player-Data//16-MS2-40/Inputs-MS2-P6-4
Opening Player-Data//16-MS2-40/Inputs-MS2-P7-4
Opening Player-Data//16-MS2-40/Inputs-MS2-P8-4
Opening Player-Data//16-MS2-40/Inputs-MS2-P9-4
Opening Player-Data//16-MS2-40/Inputs-MS2-P10-4
Opening Player-Data//16-MS2-40/Inputs-MS2-P11-4
Opening Player-Data//16-MS2-40/Inputs-MS2-P12-4
Opening Player-Data//16-MS2-40/Inputs-MS2-P13-4
Opening Player-Data//16-MS2-40/Inputs-MS2-P14-4
Opening Player-Data//16-MS2-40/Inputs-MS2-P15-4
Opening Player-Data//16-MS2-40/Inputs-MS2-P0-5
Opening Player-Data//16-MS2-40/Inputs-MS2-P1-5
Opening Player-Data//16-MS2-40/Inputs-MS2-P2-5
Opening Player-Data//16-MS2-40/Inputs-MS2-P3-5
Opening Player-Data//16-MS2-40/Inputs-MS2-P4-5
Opening Player-Data//16-MS2-40/Inputs-MS2-P5-5
Opening Player-Data//16-MS2-40/Inputs-MS2-P6-5
Opening Player-Data//16-MS2-40/Inputs-MS2-P7-5
Opening Player-Data//16-MS2-40/Inputs-MS2-P8-5
Opening Player-Data//16-MS2-40/Inputs-MS2-P9-5
Opening Player-Data//16-MS2-40/Inputs-MS2-P10-5
Opening Player-Data//16-MS2-40/Inputs-MS2-P11-5
Opening Player-Data//16-MS2-40/Inputs-MS2-P12-5
Opening Player-Data//16-MS2-40/Inputs-MS2-P13-5
Opening Player-Data//16-MS2-40/Inputs-MS2-P14-5
Opening Player-Data//16-MS2-40/Inputs-MS2-P15-5
Opening Player-Data//16-MS2-40/Inputs-MS2-P0-6
Opening Player-Data//16-MS2-40/Inputs-MS2-P1-6
Opening Player-Data//16-MS2-40/Inputs-MS2-P2-6
Opening Player-Data//16-MS2-40/Inputs-MS2-P3-6
Opening Player-Data//16-MS2-40/Inputs-MS2-P4-6
Opening Player-Data//16-MS2-40/Inputs-MS2-P5-6
Opening Player-Data//16-MS2-40/Inputs-MS2-P6-6
Opening Player-Data//16-MS2-40/Inputs-MS2-P7-6
Opening Player-Data//16-MS2-40/Inputs-MS2-P8-6
Opening Player-Data//16-MS2-40/Inputs-MS2-P9-6
Opening Player-Data//16-MS2-40/Inputs-MS2-P10-6
Opening Player-Data//16-MS2-40/Inputs-MS2-P11-6
Opening Player-Data//16-MS2-40/Inputs-MS2-P12-6
Opening Player-Data//16-MS2-40/Inputs-MS2-P13-6
Opening Player-Data//16-MS2-40/Inputs-MS2-P14-6
Opening Player-Data//16-MS2-40/Inputs-MS2-P15-6
Opening Player-Data//16-MS2-40/Inputs-MS2-P0-7
Opening Player-Data//16-MS2-40/Inputs-MS2-P1-7
Opening Player-Data//16-MS2-40/Inputs-MS2-P2-7
Opening Player-Data//16-MS2-40/Inputs-MS2-P3-7
Opening Player-Data//16-MS2-40/Inputs-MS2-P4-7
Opening Player-Data//16-MS2-40/Inputs-MS2-P5-7
Opening Player-Data//16-MS2-40/Inputs-MS2-P6-7
Opening Player-Data//16-MS2-40/Inputs-MS2-P7-7
Opening Player-Data//16-MS2-40/Inputs-MS2-P8-7
Opening Player-Data//16-MS2-40/Inputs-MS2-P9-7
Opening Player-Data//16-MS2-40/Inputs-MS2-P10-7
Opening Player-Data//16-MS2-40/Inputs-MS2-P11-7
Opening Player-Data//16-MS2-40/Inputs-MS2-P12-7
Opening Player-Data//16-MS2-40/Inputs-MS2-P13-7
Opening Player-Data//16-MS2-40/Inputs-MS2-P14-7
Opening Player-Data//16-MS2-40/Inputs-MS2-P15-7
Opening Player-Data//16-MS2-40/Inputs-MS2-P0-8
Opening Player-Data//16-MS2-40/Inputs-MS2-P1-8
Opening Player-Data//16-MS2-40/Inputs-MS2-P2-8
Opening Player-Data//16-MS2-40/Inputs-MS2-P3-8
Opening Player-Data//16-MS2-40/Inputs-MS2-P4-8
Opening Player-Data//16-MS2-40/Inputs-MS2-P5-8
Opening Player-Data//16-MS2-40/Inputs-MS2-P6-8
Opening Player-Data//16-MS2-40/Inputs-MS2-P7-8
Opening Player-Data//16-MS2-40/Inputs-MS2-P8-8
Opening Player-Data//16-MS2-40/Inputs-MS2-P9-8
Opening Player-Data//16-MS2-40/Inputs-MS2-P10-8
Opening Player-Data//16-MS2-40/Inputs-MS2-P11-8
Opening Player-Data//16-MS2-40/Inputs-MS2-P12-8
Opening Player-Data//16-MS2-40/Inputs-MS2-P13-8
Opening Player-Data//16-MS2-40/Inputs-MS2-P14-8
Opening Player-Data//16-MS2-40/Inputs-MS2-P15-8
Opening Player-Data//16-MS2-40/Inputs-MS2-P0-9
Opening Player-Data//16-MS2-40/Inputs-MS2-P1-9
Opening Player-Data//16-MS2-40/Inputs-MS2-P2-9
Opening Player-Data//16-MS2-40/Inputs-MS2-P3-9
Opening Player-Data//16-MS2-40/Inputs-MS2-P4-9
Opening Player-Data//16-MS2-40/Inputs-MS2-P5-9
Opening Player-Data//16-MS2-40/Inputs-MS2-P6-9
Opening Player-Data//16-MS2-40/Inputs-MS2-P7-9
Opening Player-Data//16-MS2-40/Inputs-MS2-P8-9
Opening Player-Data//16-MS2-40/Inputs-MS2-P9-9
Opening Player-Data//16-MS2-40/Inputs-MS2-P10-9
Opening Player-Data//16-MS2-40/Inputs-MS2-P11-9
Opening Player-Data//16-MS2-40/Inputs-MS2-P12-9
Opening Player-Data//16-MS2-40/Inputs-MS2-P13-9
Opening Player-Data//16-MS2-40/Inputs-MS2-P14-9
Opening Player-Data//16-MS2-40/Inputs-MS2-P15-9
Opening Player-Data//16-MS2-40/Inputs-MS2-P0-10
Opening Player-Data//16-MS2-40/Inputs-MS2-P1-10
Opening Player-Data//16-MS2-40/Inputs-MS2-P2-10
Opening Player-Data//16-MS2-40/Inputs-MS2-P3-10
Opening Player-Data//16-MS2-40/Inputs-MS2-P4-10
Opening Player-Data//16-MS2-40/Inputs-MS2-P5-10
Opening Player-Data//16-MS2-40/Inputs-MS2-P6-10
Opening Player-Data//16-MS2-40/Inputs-MS2-P7-10
Opening Player-Data//16-MS2-40/Inputs-MS2-P8-10
Opening Player-Data//16-MS2-40/Inputs-MS2-P9-10
Opening Player-Data//16-MS2-40/Inputs-MS2-P10-10
Opening Player-Data//16-MS2-40/Inputs-MS2-P11-10
Opening Player-Data//16-MS2-40/Inputs-MS2-P12-10
Opening Player-Data//16-MS2-40/Inputs-MS2-P13-10
Opening Player-Data//16-MS2-40/Inputs-MS2-P14-10
Opening Player-Data//16-MS2-40/Inputs-MS2-P15-10
Opening Player-Data//16-MS2-40/Inputs-MS2-P0-11
Opening Player-Data//16-MS2-40/Inputs-MS2-P1-11
Opening Player-Data//16-MS2-40/Inputs-MS2-P2-11
Opening Player-Data//16-MS2-40/Inputs-MS2-P3-11
Opening Player-Data//16-MS2-40/Inputs-MS2-P4-11
Opening Player-Data//16-MS2-40/Inputs-MS2-P5-11
Opening Player-Data//16-MS2-40/Inputs-MS2-P6-11
Opening Player-Data//16-MS2-40/Inputs-MS2-P7-11
Opening Player-Data//16-MS2-40/Inputs-MS2-P8-11
Opening Player-Data//16-MS2-40/Inputs-MS2-P9-11
Opening Player-Data//16-MS2-40/Inputs-MS2-P10-11
Opening Player-Data//16-MS2-40/Inputs-MS2-P11-11
Opening Player-Data//16-MS2-40/Inputs-MS2-P12-11
Opening Player-Data//16-MS2-40/Inputs-MS2-P13-11
Opening Player-Data//16-MS2-40/Inputs-MS2-P14-11
Opening Player-Data//16-MS2-40/Inputs-MS2-P15-11
Opening Player-Data//16-MS2-40/Inputs-MS2-P0-12
Opening Player-Data//16-MS2-40/Inputs-MS2-P1-12
Opening Player-Data//16-MS2-40/Inputs-MS2-P2-12
Opening Player-Data//16-MS2-40/Inputs-MS2-P3-12
Opening Player-Data//16-MS2-40/Inputs-MS2-P4-12
Opening Player-Data//16-MS2-40/Inputs-MS2-P5-12
Opening Player-Data//16-MS2-40/Inputs-MS2-P6-12
Opening Player-Data//16-MS2-40/Inputs-MS2-P7-12
Opening Player-Data//16-MS2-40/Inputs-MS2-P8-12
Opening Player-Data//16-MS2-40/Inputs-MS2-P9-12
Opening Player-Data//16-MS2-40/Inputs-MS2-P10-12
Opening Player-Data//16-MS2-40/Inputs-MS2-P11-12
Opening Player-Data//16-MS2-40/Inputs-MS2-P12-12
Opening Player-Data//16-MS2-40/Inputs-MS2-P13-12
Opening Player-Data//16-MS2-40/Inputs-MS2-P14-12
Opening Player-Data//16-MS2-40/Inputs-MS2-P15-12
Opening Player-Data//16-MS2-40/Inputs-MS2-P0-13
Opening Player-Data//16-MS2-40/Inputs-MS2-P1-13
Opening Player-Data//16-MS2-40/Inputs-MS2-P2-13
Opening Player-Data//16-MS2-40/Inputs-MS2-P3-13
Opening Player-Data//16-MS2-40/Inputs-MS2-P4-13
Opening Player-Data//16-MS2-40/Inputs-MS2-P5-13
Opening Player-Data//16-MS2-40/Inputs-MS2-P6-13
Opening Player-Data//16-MS2-40/Inputs-MS2-P7-13
Opening Player-Data//16-MS2-40/Inputs-MS2-P8-13
Opening Player-Data//16-MS2-40/Inputs-MS2-P9-13
Opening Player-Data//16-MS2-40/Inputs-MS2-P10-13
Opening Player-Data//16-MS2-40/Inputs-MS2-P11-13
Opening Player-Data//16-MS2-40/Inputs-MS2-P12-13
Opening Player-Data//16-MS2-40/Inputs-MS2-P13-13
Opening Player-Data//16-MS2-40/Inputs-MS2-P14-13
Opening Player-Data//16-MS2-40/Inputs-MS2-P15-13
Opening Player-Data//16-MS2-40/Inputs-MS2-P0-14
Opening Player-Data//16-MS2-40/Inputs-MS2-P1-14
Opening Player-Data//16-MS2-40/Inputs-MS2-P2-14
Opening Player-Data//16-MS2-40/Inputs-MS2-P3-14
Opening Player-Data//16-MS2-40/Inputs-MS2-P4-14
Opening Player-Data//16-MS2-40/Inputs-MS2-P5-14
Opening Player-Data//16-MS2-40/Inputs-MS2-P6-14
Opening Player-Data//16-MS2-40/Inputs-MS2-P7-14
Opening Player-Data//16-MS2-40/Inputs-MS2-P8-14
Opening Player-Data//16-MS2-40/Inputs-MS2-P9-14
Opening Player-Data//16-MS2-40/Inputs-MS2-P10-14
Opening Player-Data//16-MS2-40/Inputs-MS2-P11-14
Opening Player-Data//16-MS2-40/Inputs-MS2-P12-14
Opening Player-Data//16-MS2-40/Inputs-MS2-P13-14
Opening Player-Data//16-MS2-40/Inputs-MS2-P14-14
Opening Player-Data//16-MS2-40/Inputs-MS2-P15-14
Opening Player-Data//16-MS2-40/Inputs-MS2-P0-15
Opening Player-Data//16-MS2-40/Inputs-MS2-P1-15
Opening Player-Data//16-MS2-40/Inputs-MS2-P2-15
Opening Player-Data//16-MS2-40/Inputs-MS2-P3-15
Opening Player-Data//16-MS2-40/Inputs-MS2-P4-15
Opening Player-Data//16-MS2-40/Inputs-MS2-P5-15
Opening Player-Data//16-MS2-40/Inputs-MS2-P6-15
Opening Player-Data//16-MS2-40/Inputs-MS2-P7-15
Opening Player-Data//16-MS2-40/Inputs-MS2-P8-15
Opening Player-Data//16-MS2-40/Inputs-MS2-P9-15
Opening Player-Data//16-MS2-40/Inputs-MS2-P10-15
Opening Player-Data//16-MS2-40/Inputs-MS2-P11-15
Opening Player-Data//16-MS2-40/Inputs-MS2-P12-15
Opening Player-Data//16-MS2-40/Inputs-MS2-P13-15
Opening Player-Data//16-MS2-40/Inputs-MS2-P14-15
Opening Player-Data//16-MS2-40/Inputs-MS2-P15-15
Opening Player-Data//16-MS2-40/Squares-MS2-P0
Opening Player-Data//16-MS2-40/Squares-MS2-P1
Opening Player-Data//16-MS2-40/Squares-MS2-P2
Opening Player-Data//16-MS2-40/Squares-MS2-P3
Opening Player-Data//16-MS2-40/Squares-MS2-P4
Opening Player-Data//16-MS2-40/Squares-MS2-P5
Opening Player-Data//16-MS2-40/Squares-MS2-P6
Opening Player-Data//16-MS2-40/Squares-MS2-P7
Opening Player-Data//16-MS2-40/Squares-MS2-P8
Opening Player-Data//16-MS2-40/Squares-MS2-P9
Opening Player-Data//16-MS2-40/Squares-MS2-P10
Opening Player-Data//16-MS2-40/Squares-MS2-P11
Opening Player-Data//16-MS2-40/Squares-MS2-P12
Opening Player-Data//16-MS2-40/Squares-MS2-P13
Opening Player-Data//16-MS2-40/Squares-MS2-P14
Opening Player-Data//16-MS2-40/Squares-MS2-P15
Opening Player-Data//16-MS2-40/daBits-MS2-P0
Opening Player-Data//16-MS2-40/daBits-MS2-P1
Opening Player-Data//16-MS2-40/daBits-MS2-P2
Opening Player-Data//16-MS2-40/daBits-MS2-P3
Opening Player-Data//16-MS2-40/daBits-MS2-P4
Opening Player-Data//16-MS2-40/daBits-MS2-P5
Opening Player-Data//16-MS2-40/daBits-MS2-P6
Opening Player-Data//16-MS2-40/daBits-MS2-P7
Opening Player-Data//16-MS2-40/daBits-MS2-P8
Opening Player-Data//16-MS2-40/daBits-MS2-P9
Opening Player-Data//16-MS2-40/daBits-MS2-P10
Opening Player-Data//16-MS2-40/daBits-MS2-P11
Opening Player-Data//16-MS2-40/daBits-MS2-P12
Opening Player-Data//16-MS2-40/daBits-MS2-P13
Opening Player-Data//16-MS2-40/daBits-MS2-P14
Opening Player-Data//16-MS2-40/daBits-MS2-P15
Opening Player-Data//16-MS2-40/Inverses-MS2-P0
Opening Player-Data//16-MS2-40/Inverses-MS2-P1
Opening Player-Data//16-MS2-40/Inverses-MS2-P2
Opening Player-Data//16-MS2-40/Inverses-MS2-P3
Opening Player-Data//16-MS2-40/Inverses-MS2-P4
Opening Player-Data//16-MS2-40/Inverses-MS2-P5
Opening Player-Data//16-MS2-40/Inverses-MS2-P6
Opening Player-Data//16-MS2-40/Inverses-MS2-P7
Opening Player-Data//16-MS2-40/Inverses-MS2-P8
Opening Player-Data//16-MS2-40/Inverses-MS2-P9
Opening Player-Data//16-MS2-40/Inverses-MS2-P10
Opening Player-Data//16-MS2-40/Inverses-MS2-P11
Opening Player-Data//16-MS2-40/Inverses-MS2-P12
Opening Player-Data//16-MS2-40/Inverses-MS2-P13
Opening Player-Data//16-MS2-40/Inverses-MS2-P14
Opening Player-Data//16-MS2-40/Inverses-MS2-P15
No MAC key share for player 0, generating a fresh ones
Written new MAC key share to Player-Data//16-SYMS2-40//Player-MAC-Keys-MS2-P0
 Key 0: e65a693010
Written new MAC key share to Player-Data//16-SYMS2-40//Player-MAC-Keys-MS2-P1
 Key 1: 954a88e5df
Written new MAC key share to Player-Data//16-SYMS2-40//Player-MAC-Keys-MS2-P2
 Key 2: 3556c6ec1a
Written new MAC key share to Player-Data//16-SYMS2-40//Player-MAC-Keys-MS2-P3
 Key 3: e0ab3b2dd8
Written new MAC key share to Player-Data//16-SYMS2-40//Player-MAC-Keys-MS2-P4
 Key 4: 95d1fd7af5
Written new MAC key share to Player-Data//16-SYMS2-40//Player-MAC-Keys-MS2-P5
 Key 5: 15dbaeb6dc
Written new MAC key share to Player-Data//16-SYMS2-40//Player-MAC-Keys-MS2-P6
 Key 6: 40ef4efeec
Written new MAC key share to Player-Data//16-SYMS2-40//Player-MAC-Keys-MS2-P7
 Key 7: ba0be0ee5f
Written new MAC key share to Player-Data//16-SYMS2-40//Player-MAC-Keys-MS2-P8
 Key 8: 79e5550d24
Written new MAC key share to Player-Data//16-SYMS2-40//Player-MAC-Keys-MS2-P9
 Key 9: 648d2bb94b
Written new MAC key share to Player-Data//16-SYMS2-40//Player-MAC-Keys-MS2-P10
 Key 10: d93e3e397a
Written new MAC key share to Player-Data//16-SYMS2-40//Player-MAC-Keys-MS2-P11
 Key 11: 544052a9d7
Written new MAC key share to Player-Data//16-SYMS2-40//Player-MAC-Keys-MS2-P12
 Key 12: 1a87ff8718
Written new MAC key share to Player-Data//16-SYMS2-40//Player-MAC-Keys-MS2-P13
 Key 13: 9e5c1dc893
Written new MAC key share to Player-Data//16-SYMS2-40//Player-MAC-Keys-MS2-P14
 Key 14: 86b3a850c1
Written new MAC key share to Player-Data//16-SYMS2-40//Player-MAC-Keys-MS2-P15
 Key 15: 4e032ede62
--------------
Final Key: 4e7db9f31f
Opening Player-Data//16-SYMS2-40/Triples-SYMS2-P0
Opening Player-Data//16-SYMS2-40/Triples-SYMS2-P1
Opening Player-Data//16-SYMS2-40/Triples-SYMS2-P2
Opening Player-Data//16-SYMS2-40/Triples-SYMS2-P3
Opening Player-Data//16-SYMS2-40/Triples-SYMS2-P4
Opening Player-Data//16-SYMS2-40/Triples-SYMS2-P5
Opening Player-Data//16-SYMS2-40/Triples-SYMS2-P6
Opening Player-Data//16-SYMS2-40/Triples-SYMS2-P7
Opening Player-Data//16-SYMS2-40/Triples-SYMS2-P8
Opening Player-Data//16-SYMS2-40/Triples-SYMS2-P9
Opening Player-Data//16-SYMS2-40/Triples-SYMS2-P10
Opening Player-Data//16-SYMS2-40/Triples-SYMS2-P11
Opening Player-Data//16-SYMS2-40/Triples-SYMS2-P12
Opening Player-Data//16-SYMS2-40/Triples-SYMS2-P13
Opening Player-Data//16-SYMS2-40/Triples-SYMS2-P14
Opening Player-Data//16-SYMS2-40/Triples-SYMS2-P15
Opening Player-Data//16-SYMS2-40/Bits-SYMS2-P0
Opening Player-Data//16-SYMS2-40/Bits-SYMS2-P1
Opening Player-Data//16-SYMS2-40/Bits-SYMS2-P2
Opening Player-Data//16-SYMS2-40/Bits-SYMS2-P3
Opening Player-Data//16-SYMS2-40/Bits-SYMS2-P4
Opening Player-Data//16-SYMS2-40/Bits-SYMS2-P5
Opening Player-Data//16-SYMS2-40/Bits-SYMS2-P6
Opening Player-Data//16-SYMS2-40/Bits-SYMS2-P7
Opening Player-Data//16-SYMS2-40/Bits-SYMS2-P8
Opening Player-Data//16-SYMS2-40/Bits-SYMS2-P9
Opening Player-Data//16-SYMS2-40/Bits-SYMS2-P10
Opening Player-Data//16-SYMS2-40/Bits-SYMS2-P11
Opening Player-Data//16-SYMS2-40/Bits-SYMS2-P12
Opening Player-Data//16-SYMS2-40/Bits-SYMS2-P13
Opening Player-Data//16-SYMS2-40/Bits-SYMS2-P14
Opening Player-Data//16-SYMS2-40/Bits-SYMS2-P15
Opening Player-Data//16-SYMS2-40/Inputs-SYMS2-P0-0
Opening Player-Data//16-SYMS2-40/Inputs-SYMS2-P1-0
Opening Player-Data//16-SYMS2-40/Inputs-SYMS2-P2-0
Opening Player-Data//16-SYMS2-40/Inputs-SYMS2-P3-0
Opening Player-Data//16-SYMS2-40/Inputs-SYMS2-P4-0
Opening Player-Data//16-SYMS2-40/Inputs-SYMS2-P5-0
Opening Player-Data//16-SYMS2-40/Inputs-SYMS2-P6-0
Opening Player-Data//16-SYMS2-40/Inputs-SYMS2-P7-0
Opening Player-Data//16-SYMS2-40/Inputs-SYMS2-P8-0
Opening Player-Data//16-SYMS2-40/Inputs-SYMS2-P9-0
Opening Player-Data//16-SYMS2-40/Inputs-SYMS2-P10-0
Opening Player-Data//16-SYMS2-40/Inputs-SYMS2-P11-0
Opening Player-Data//16-SYMS2-40/Inputs-SYMS2-P12-0
Opening Player-Data//16-SYMS2-40/Inputs-SYMS2-P13-0
Opening Player-Data//16-SYMS2-40/Inputs-SYMS2-P14-0
Opening Player-Data//16-SYMS2-40/Inputs-SYMS2-P15-0
Opening Player-Data//16-SYMS2-40/Inputs-SYMS2-P0-1
Opening Player-Data//16-SYMS2-40/Inputs-SYMS2-P1-1
Opening Player-Data//16-SYMS2-40/Inputs-SYMS2-P2-1
Opening Player-Data//16-SYMS2-40/Inputs-SYMS2-P3-1
Opening Player-Data//16-SYMS2-40/Inputs-SYMS2-P4-1
Opening Player-Data//16-SYMS2-40/Inputs-SYMS2-P5-1
Opening Player-Data//16-SYMS2-40/Inputs-SYMS2-P6-1
Opening Player-Data//16-SYMS2-40/Inputs-SYMS2-P7-1
Opening Player-Data//16-SYMS2-40/Inputs-SYMS2-P8-1
Opening Player-Data//16-SYMS2-40/Inputs-SYMS2-P9-1
Opening Player-Data//16-SYMS2-40/Inputs-SYMS2-P10-1
Opening Player-Data//16-SYMS2-40/Inputs-SYMS2-P11-1
Opening Player-Data//16-SYMS2-40/Inputs-SYMS2-P12-1
Opening Player-Data//16-SYMS2-40/Inputs-SYMS2-P13-1
Opening Player-Data//16-SYMS2-40/Inputs-SYMS2-P14-1
Opening Player-Data//16-SYMS2-40/Inputs-SYMS2-P15-1
Opening Player-Data//16-SYMS2-40/Inputs-SYMS2-P0-2
Opening Player-Data//16-SYMS2-40/Inputs-SYMS2-P1-2
Opening Player-Data//16-SYMS2-40/Inputs-SYMS2-P2-2
Opening Player-Data//16-SYMS2-40/Inputs-SYMS2-P3-2
Opening Player-Data//16-SYMS2-40/Inputs-SYMS2-P4-2
Opening Player-Data//16-SYMS2-40/Inputs-SYMS2-P5-2
Opening Player-Data//16-SYMS2-40/Inputs-SYMS2-P6-2
Opening Player-Data//16-SYMS2-40/Inputs-SYMS2-P7-2
Opening Player-Data//16-SYMS2-40/Inputs-SYMS2-P8-2
Opening Player-Data//16-SYMS2-40/Inputs-SYMS2-P9-2
Opening Player-Data//16-SYMS2-40/Inputs-SYMS2-P10-2
Opening Player-Data//16-SYMS2-40/Inputs-SYMS2-P11-2
Opening Player-Data//16-SYMS2-40/Inputs-SYMS2-P12-2
Opening Player-Data//16-SYMS2-40/Inputs-SYMS2-P13-2
Opening Player-Data//16-SYMS2-40/Inputs-SYMS2-P14-2
Opening Player-Data//16-SYMS2-40/Inputs-SYMS2-P15-2
Opening Player-Data//16-SYMS2-40/Inputs-SYMS2-P0-3
Opening Player-Data//16-SYMS2-40/Inputs-SYMS2-P1-3
Opening Player-Data//16-SYMS2-40/Inputs-SYMS2-P2-3
Opening Player-Data//16-SYMS2-40/Inputs-SYMS2-P3-3
Opening Player-Data//16-SYMS2-40/Inputs-SYMS2-P4-3
Opening Player-Data//16-SYMS2-40/Inputs-SYMS2-P5-3
Opening Player-Data//16-SYMS2-40/Inputs-SYMS2-P6-3
Opening Player-Data//16-SYMS2-40/Inputs-SYMS2-P7-3
Opening Player-Data//16-SYMS2-40/Inputs-SYMS2-P8-3
Opening Player-Data//16-SYMS2-40/Inputs-SYMS2-P9-3
Opening Player-Data//16-SYMS2-40/Inputs-SYMS2-P10-3
Opening Player-Data//16-SYMS2-40/Inputs-SYMS2-P11-3
Opening Player-Data//16-SYMS2-40/Inputs-SYMS2-P12-3
Opening Player-Data//16-SYMS2-40/Inputs-SYMS2-P13-3
Opening Player-Data//16-SYMS2-40/Inputs-SYMS2-P14-3
Opening Player-Data//16-SYMS2-40/Inputs-SYMS2-P15-3
Opening Player-Data//16-SYMS2-40/Inputs-SYMS2-P0-4
Opening Player-Data//16-SYMS2-40/Inputs-SYMS2-P1-4
Opening Player-Data//16-SYMS2-40/Inputs-SYMS2-P2-4
Opening Player-Data//16-SYMS2-40/Inputs-SYMS2-P3-4
Opening Player-Data//16-SYMS2-40/Inputs-SYMS2-P4-4
Opening Player-Data//16-SYMS2-40/Inputs-SYMS2-P5-4
Opening Player-Data//16-SYMS2-40/Inputs-SYMS2-P6-4
Opening Player-Data//16-SYMS2-40/Inputs-SYMS2-P7-4
Opening Player-Data//16-SYMS2-40/Inputs-SYMS2-P8-4
Opening Player-Data//16-SYMS2-40/Inputs-SYMS2-P9-4
Opening Player-Data//16-SYMS2-40/Inputs-SYMS2-P10-4
Opening Player-Data//16-SYMS2-40/Inputs-SYMS2-P11-4
Opening Player-Data//16-SYMS2-40/Inputs-SYMS2-P12-4
Opening Player-Data//16-SYMS2-40/Inputs-SYMS2-P13-4
Opening Player-Data//16-SYMS2-40/Inputs-SYMS2-P14-4
Opening Player-Data//16-SYMS2-40/Inputs-SYMS2-P15-4
Opening Player-Data//16-SYMS2-40/Inputs-SYMS2-P0-5
Opening Player-Data//16-SYMS2-40/Inputs-SYMS2-P1-5
Opening Player-Data//16-SYMS2-40/Inputs-SYMS2-P2-5
Opening Player-Data//16-SYMS2-40/Inputs-SYMS2-P3-5
Opening Player-Data//16-SYMS2-40/Inputs-SYMS2-P4-5
Opening Player-Data//16-SYMS2-40/Inputs-SYMS2-P5-5
Opening Player-Data//16-SYMS2-40/Inputs-SYMS2-P6-5
Opening Player-Data//16-SYMS2-40/Inputs-SYMS2-P7-5
Opening Player-Data//16-SYMS2-40/Inputs-SYMS2-P8-5
Opening Player-Data//16-SYMS2-40/Inputs-SYMS2-P9-5
Opening Player-Data//16-SYMS2-40/Inputs-SYMS2-P10-5
Opening Player-Data//16-SYMS2-40/Inputs-SYMS2-P11-5
Opening Player-Data//16-SYMS2-40/Inputs-SYMS2-P12-5
Opening Player-Data//16-SYMS2-40/Inputs-SYMS2-P13-5
Opening Player-Data//16-SYMS2-40/Inputs-SYMS2-P14-5
Opening Player-Data//16-SYMS2-40/Inputs-SYMS2-P15-5
Opening Player-Data//16-SYMS2-40/Inputs-SYMS2-P0-6
Opening Player-Data//16-SYMS2-40/Inputs-SYMS2-P1-6
Opening Player-Data//16-SYMS2-40/Inputs-SYMS2-P2-6
Opening Player-Data//16-SYMS2-40/Inputs-SYMS2-P3-6
Opening Player-Data//16-SYMS2-40/Inputs-SYMS2-P4-6
Opening Player-Data//16-SYMS2-40/Inputs-SYMS2-P5-6
Opening Player-Data//16-SYMS2-40/Inputs-SYMS2-P6-6
Opening Player-Data//16-SYMS2-40/Inputs-SYMS2-P7-6
Opening Player-Data//16-SYMS2-40/Inputs-SYMS2-P8-6
Opening Player-Data//16-SYMS2-40/Inputs-SYMS2-P9-6
Opening Player-Data//16-SYMS2-40/Inputs-SYMS2-P10-6
Opening Player-Data//16-SYMS2-40/Inputs-SYMS2-P11-6
Opening Player-Data//16-SYMS2-40/Inputs-SYMS2-P12-6
Opening Player-Data//16-SYMS2-40/Inputs-SYMS2-P13-6
Opening Player-Data//16-SYMS2-40/Inputs-SYMS2-P14-6
Opening Player-Data//16-SYMS2-40/Inputs-SYMS2-P15-6
Opening Player-Data//16-SYMS2-40/Inputs-SYMS2-P0-7
Opening Player-Data//16-SYMS2-40/Inputs-SYMS2-P1-7
Opening Player-Data//16-SYMS2-40/Inputs-SYMS2-P2-7
Opening Player-Data//16-SYMS2-40/Inputs-SYMS2-P3-7
Opening Player-Data//16-SYMS2-40/Inputs-SYMS2-P4-7
Opening Player-Data//16-SYMS2-40/Inputs-SYMS2-P5-7
Opening Player-Data//16-SYMS2-40/Inputs-SYMS2-P6-7
Opening Player-Data//16-SYMS2-40/Inputs-SYMS2-P7-7
Opening Player-Data//16-SYMS2-40/Inputs-SYMS2-P8-7
Opening Player-Data//16-SYMS2-40/Inputs-SYMS2-P9-7
Opening Player-Data//16-SYMS2-40/Inputs-SYMS2-P10-7
Opening Player-Data//16-SYMS2-40/Inputs-SYMS2-P11-7
Opening Player-Data//16-SYMS2-40/Inputs-SYMS2-P12-7
Opening Player-Data//16-SYMS2-40/Inputs-SYMS2-P13-7
Opening Player-Data//16-SYMS2-40/Inputs-SYMS2-P14-7
Opening Player-Data//16-SYMS2-40/Inputs-SYMS2-P15-7
Opening Player-Data//16-SYMS2-40/Inputs-SYMS2-P0-8
Opening Player-Data//16-SYMS2-40/Inputs-SYMS2-P1-8
Opening Player-Data//16-SYMS2-40/Inputs-SYMS2-P2-8
Opening Player-Data//16-SYMS2-40/Inputs-SYMS2-P3-8
Opening Player-Data//16-SYMS2-40/Inputs-SYMS2-P4-8
Opening Player-Data//16-SYMS2-40/Inputs-SYMS2-P5-8
Opening Player-Data//16-SYMS2-40/Inputs-SYMS2-P6-8
Opening Player-Data//16-SYMS2-40/Inputs-SYMS2-P7-8
Opening Player-Data//16-SYMS2-40/Inputs-SYMS2-P8-8
Opening Player-Data//16-SYMS2-40/Inputs-SYMS2-P9-8
Opening Player-Data//16-SYMS2-40/Inputs-SYMS2-P10-8
Opening Player-Data//16-SYMS2-40/Inputs-SYMS2-P11-8
Opening Player-Data//16-SYMS2-40/Inputs-SYMS2-P12-8
Opening Player-Data//16-SYMS2-40/Inputs-SYMS2-P13-8
Opening Player-Data//16-SYMS2-40/Inputs-SYMS2-P14-8
Opening Player-Data//16-SYMS2-40/Inputs-SYMS2-P15-8
Opening Player-Data//16-SYMS2-40/Inputs-SYMS2-P0-9
Opening Player-Data//16-SYMS2-40/Inputs-SYMS2-P1-9
Opening Player-Data//16-SYMS2-40/Inputs-SYMS2-P2-9
Opening Player-Data//16-SYMS2-40/Inputs-SYMS2-P3-9
Opening Player-Data//16-SYMS2-40/Inputs-SYMS2-P4-9
Opening Player-Data//16-SYMS2-40/Inputs-SYMS2-P5-9
Opening Player-Data//16-SYMS2-40/Inputs-SYMS2-P6-9
Opening Player-Data//16-SYMS2-40/Inputs-SYMS2-P7-9
Opening Player-Data//16-SYMS2-40/Inputs-SYMS2-P8-9
Opening Player-Data//16-SYMS2-40/Inputs-SYMS2-P9-9
Opening Player-Data//16-SYMS2-40/Inputs-SYMS2-P10-9
Opening Player-Data//16-SYMS2-40/Inputs-SYMS2-P11-9
Opening Player-Data//16-SYMS2-40/Inputs-SYMS2-P12-9
Opening Player-Data//16-SYMS2-40/Inputs-SYMS2-P13-9
Opening Player-Data//16-SYMS2-40/Inputs-SYMS2-P14-9
Opening Player-Data//16-SYMS2-40/Inputs-SYMS2-P15-9
Opening Player-Data//16-SYMS2-40/Inputs-SYMS2-P0-10
Opening Player-Data//16-SYMS2-40/Inputs-SYMS2-P1-10
Opening Player-Data//16-SYMS2-40/Inputs-SYMS2-P2-10
Opening Player-Data//16-SYMS2-40/Inputs-SYMS2-P3-10
Opening Player-Data//16-SYMS2-40/Inputs-SYMS2-P4-10
Opening Player-Data//16-SYMS2-40/Inputs-SYMS2-P5-10
Opening Player-Data//16-SYMS2-40/Inputs-SYMS2-P6-10
Opening Player-Data//16-SYMS2-40/Inputs-SYMS2-P7-10
Opening Player-Data//16-SYMS2-40/Inputs-SYMS2-P8-10
Opening Player-Data//16-SYMS2-40/Inputs-SYMS2-P9-10
Opening Player-Data//16-SYMS2-40/Inputs-SYMS2-P10-10
Opening Player-Data//16-SYMS2-40/Inputs-SYMS2-P11-10
Opening Player-Data//16-SYMS2-40/Inputs-SYMS2-P12-10
Opening Player-Data//16-SYMS2-40/Inputs-SYMS2-P13-10
Opening Player-Data//16-SYMS2-40/Inputs-SYMS2-P14-10
Opening Player-Data//16-SYMS2-40/Inputs-SYMS2-P15-10
Opening Player-Data//16-SYMS2-40/Inputs-SYMS2-P0-11
Opening Player-Data//16-SYMS2-40/Inputs-SYMS2-P1-11
Opening Player-Data//16-SYMS2-40/Inputs-SYMS2-P2-11
Opening Player-Data//16-SYMS2-40/Inputs-SYMS2-P3-11
Opening Player-Data//16-SYMS2-40/Inputs-SYMS2-P4-11
Opening Player-Data//16-SYMS2-40/Inputs-SYMS2-P5-11
Opening Player-Data//16-SYMS2-40/Inputs-SYMS2-P6-11
Opening Player-Data//16-SYMS2-40/Inputs-SYMS2-P7-11
Opening Player-Data//16-SYMS2-40/Inputs-SYMS2-P8-11
Opening Player-Data//16-SYMS2-40/Inputs-SYMS2-P9-11
Opening Player-Data//16-SYMS2-40/Inputs-SYMS2-P10-11
Opening Player-Data//16-SYMS2-40/Inputs-SYMS2-P11-11
Opening Player-Data//16-SYMS2-40/Inputs-SYMS2-P12-11
Opening Player-Data//16-SYMS2-40/Inputs-SYMS2-P13-11
Opening Player-Data//16-SYMS2-40/Inputs-SYMS2-P14-11
Opening Player-Data//16-SYMS2-40/Inputs-SYMS2-P15-11
Opening Player-Data//16-SYMS2-40/Inputs-SYMS2-P0-12
Opening Player-Data//16-SYMS2-40/Inputs-SYMS2-P1-12
Opening Player-Data//16-SYMS2-40/Inputs-SYMS2-P2-12
Opening Player-Data//16-SYMS2-40/Inputs-SYMS2-P3-12
Opening Player-Data//16-SYMS2-40/Inputs-SYMS2-P4-12
Opening Player-Data//16-SYMS2-40/Inputs-SYMS2-P5-12
Opening Player-Data//16-SYMS2-40/Inputs-SYMS2-P6-12
Opening Player-Data//16-SYMS2-40/Inputs-SYMS2-P7-12
Opening Player-Data//16-SYMS2-40/Inputs-SYMS2-P8-12
Opening Player-Data//16-SYMS2-40/Inputs-SYMS2-P9-12
Opening Player-Data//16-SYMS2-40/Inputs-SYMS2-P10-12
Opening Player-Data//16-SYMS2-40/Inputs-SYMS2-P11-12
Opening Player-Data//16-SYMS2-40/Inputs-SYMS2-P12-12
Opening Player-Data//16-SYMS2-40/Inputs-SYMS2-P13-12
Opening Player-Data//16-SYMS2-40/Inputs-SYMS2-P14-12
Opening Player-Data//16-SYMS2-40/Inputs-SYMS2-P15-12
Opening Player-Data//16-SYMS2-40/Inputs-SYMS2-P0-13
Opening Player-Data//16-SYMS2-40/Inputs-SYMS2-P1-13
Opening Player-Data//16-SYMS2-40/Inputs-SYMS2-P2-13
Opening Player-Data//16-SYMS2-40/Inputs-SYMS2-P3-13
Opening Player-Data//16-SYMS2-40/Inputs-SYMS2-P4-13
Opening Player-Data//16-SYMS2-40/Inputs-SYMS2-P5-13
Opening Player-Data//16-SYMS2-40/Inputs-SYMS2-P6-13
Opening Player-Data//16-SYMS2-40/Inputs-SYMS2-P7-13
Opening Player-Data//16-SYMS2-40/Inputs-SYMS2-P8-13
Opening Player-Data//16-SYMS2-40/Inputs-SYMS2-P9-13
Opening Player-Data//16-SYMS2-40/Inputs-SYMS2-P10-13
Opening Player-Data//16-SYMS2-40/Inputs-SYMS2-P11-13
Opening Player-Data//16-SYMS2-40/Inputs-SYMS2-P12-13
Opening Player-Data//16-SYMS2-40/Inputs-SYMS2-P13-13
Opening Player-Data//16-SYMS2-40/Inputs-SYMS2-P14-13
Opening Player-Data//16-SYMS2-40/Inputs-SYMS2-P15-13
Opening Player-Data//16-SYMS2-40/Inputs-SYMS2-P0-14
Opening Player-Data//16-SYMS2-40/Inputs-SYMS2-P1-14
Opening Player-Data//16-SYMS2-40/Inputs-SYMS2-P2-14
Opening Player-Data//16-SYMS2-40/Inputs-SYMS2-P3-14
Opening Player-Data//16-SYMS2-40/Inputs-SYMS2-P4-14
Opening Player-Data//16-SYMS2-40/Inputs-SYMS2-P5-14
Opening Player-Data//16-SYMS2-40/Inputs-SYMS2-P6-14
Opening Player-Data//16-SYMS2-40/Inputs-SYMS2-P7-14
Opening Player-Data//16-SYMS2-40/Inputs-SYMS2-P8-14
Opening Player-Data//16-SYMS2-40/Inputs-SYMS2-P9-14
Opening Player-Data//16-SYMS2-40/Inputs-SYMS2-P10-14
Opening Player-Data//16-SYMS2-40/Inputs-SYMS2-P11-14
Opening Player-Data//16-SYMS2-40/Inputs-SYMS2-P12-14
Opening Player-Data//16-SYMS2-40/Inputs-SYMS2-P13-14
Opening Player-Data//16-SYMS2-40/Inputs-SYMS2-P14-14
Opening Player-Data//16-SYMS2-40/Inputs-SYMS2-P15-14
Opening Player-Data//16-SYMS2-40/Inputs-SYMS2-P0-15
Opening Player-Data//16-SYMS2-40/Inputs-SYMS2-P1-15
Opening Player-Data//16-SYMS2-40/Inputs-SYMS2-P2-15
Opening Player-Data//16-SYMS2-40/Inputs-SYMS2-P3-15
Opening Player-Data//16-SYMS2-40/Inputs-SYMS2-P4-15
Opening Player-Data//16-SYMS2-40/Inputs-SYMS2-P5-15
Opening Player-Data//16-SYMS2-40/Inputs-SYMS2-P6-15
Opening Player-Data//16-SYMS2-40/Inputs-SYMS2-P7-15
Opening Player-Data//16-SYMS2-40/Inputs-SYMS2-P8-15
Opening Player-Data//16-SYMS2-40/Inputs-SYMS2-P9-15
Opening Player-Data//16-SYMS2-40/Inputs-SYMS2-P10-15
Opening Player-Data//16-SYMS2-40/Inputs-SYMS2-P11-15
Opening Player-Data//16-SYMS2-40/Inputs-SYMS2-P12-15
Opening Player-Data//16-SYMS2-40/Inputs-SYMS2-P13-15
Opening Player-Data//16-SYMS2-40/Inputs-SYMS2-P14-15
Opening Player-Data//16-SYMS2-40/Inputs-SYMS2-P15-15
Opening Player-Data//16-SYMS2-40/Squares-SYMS2-P0
Opening Player-Data//16-SYMS2-40/Squares-SYMS2-P1
Opening Player-Data//16-SYMS2-40/Squares-SYMS2-P2
Opening Player-Data//16-SYMS2-40/Squares-SYMS2-P3
Opening Player-Data//16-SYMS2-40/Squares-SYMS2-P4
Opening Player-Data//16-SYMS2-40/Squares-SYMS2-P5
Opening Player-Data//16-SYMS2-40/Squares-SYMS2-P6
Opening Player-Data//16-SYMS2-40/Squares-SYMS2-P7
Opening Player-Data//16-SYMS2-40/Squares-SYMS2-P8
Opening Player-Data//16-SYMS2-40/Squares-SYMS2-P9
Opening Player-Data//16-SYMS2-40/Squares-SYMS2-P10
Opening Player-Data//16-SYMS2-40/Squares-SYMS2-P11
Opening Player-Data//16-SYMS2-40/Squares-SYMS2-P12
Opening Player-Data//16-SYMS2-40/Squares-SYMS2-P13
Opening Player-Data//16-SYMS2-40/Squares-SYMS2-P14
Opening Player-Data//16-SYMS2-40/Squares-SYMS2-P15
Opening Player-Data//16-SYMS2-40/daBits-SYMS2-P0
Opening Player-Data//16-SYMS2-40/daBits-SYMS2-P1
Opening Player-Data//16-SYMS2-40/daBits-SYMS2-P2
Opening Player-Data//16-SYMS2-40/daBits-SYMS2-P3
Opening Player-Data//16-SYMS2-40/daBits-SYMS2-P4
Opening Player-Data//16-SYMS2-40/daBits-SYMS2-P5
Opening Player-Data//16-SYMS2-40/daBits-SYMS2-P6
Opening Player-Data//16-SYMS2-40/daBits-SYMS2-P7
Opening Player-Data//16-SYMS2-40/daBits-SYMS2-P8
Opening Player-Data//16-SYMS2-40/daBits-SYMS2-P9
Opening Player-Data//16-SYMS2-40/daBits-SYMS2-P10
Opening Player-Data//16-SYMS2-40/daBits-SYMS2-P11
Opening Player-Data//16-SYMS2-40/daBits-SYMS2-P12
Opening Player-Data//16-SYMS2-40/daBits-SYMS2-P13
Opening Player-Data//16-SYMS2-40/daBits-SYMS2-P14
Opening Player-Data//16-SYMS2-40/daBits-SYMS2-P15
Opening Player-Data//16-SYMS2-40/Inverses-SYMS2-P0
Opening Player-Data//16-SYMS2-40/Inverses-SYMS2-P1
Opening Player-Data//16-SYMS2-40/Inverses-SYMS2-P2
Opening Player-Data//16-SYMS2-40/Inverses-SYMS2-P3
Opening Player-Data//16-SYMS2-40/Inverses-SYMS2-P4
Opening Player-Data//16-SYMS2-40/Inverses-SYMS2-P5
Opening Player-Data//16-SYMS2-40/Inverses-SYMS2-P6
Opening Player-Data//16-SYMS2-40/Inverses-SYMS2-P7
Opening Player-Data//16-SYMS2-40/Inverses-SYMS2-P8
Opening Player-Data//16-SYMS2-40/Inverses-SYMS2-P9
Opening Player-Data//16-SYMS2-40/Inverses-SYMS2-P10
Opening Player-Data//16-SYMS2-40/Inverses-SYMS2-P11
Opening Player-Data//16-SYMS2-40/Inverses-SYMS2-P12
Opening Player-Data//16-SYMS2-40/Inverses-SYMS2-P13
Opening Player-Data//16-SYMS2-40/Inverses-SYMS2-P14
Opening Player-Data//16-SYMS2-40/Inverses-SYMS2-P15
Opening Player-Data//16-DR-64/Triples-DR-P0
Opening Player-Data//16-DR-64/Triples-DR-P1
Opening Player-Data//16-DR-64/Triples-DR-P2
Opening Player-Data//16-DR-64/Triples-DR-P3
Opening Player-Data//16-DR-64/Triples-DR-P4
Opening Player-Data//16-DR-64/Triples-DR-P5
Opening Player-Data//16-DR-64/Triples-DR-P6
Opening Player-Data//16-DR-64/Triples-DR-P7
Opening Player-Data//16-DR-64/Triples-DR-P8
Opening Player-Data//16-DR-64/Triples-DR-P9
Opening Player-Data//16-DR-64/Triples-DR-P10
Opening Player-Data//16-DR-64/Triples-DR-P11
Opening Player-Data//16-DR-64/Triples-DR-P12
Opening Player-Data//16-DR-64/Triples-DR-P13
Opening Player-Data//16-DR-64/Triples-DR-P14
Opening Player-Data//16-DR-64/Triples-DR-P15
Opening Player-Data//16-DR-64/Bits-DR-P0
Opening Player-Data//16-DR-64/Bits-DR-P1
Opening Player-Data//16-DR-64/Bits-DR-P2
Opening Player-Data//16-DR-64/Bits-DR-P3
Opening Player-Data//16-DR-64/Bits-DR-P4
Opening Player-Data//16-DR-64/Bits-DR-P5
Opening Player-Data//16-DR-64/Bits-DR-P6
Opening Player-Data//16-DR-64/Bits-DR-P7
Opening Player-Data//16-DR-64/Bits-DR-P8
Opening Player-Data//16-DR-64/Bits-DR-P9
Opening Player-Data//16-DR-64/Bits-DR-P10
Opening Player-Data//16-DR-64/Bits-DR-P11
Opening Player-Data//16-DR-64/Bits-DR-P12
Opening Player-Data//16-DR-64/Bits-DR-P13
Opening Player-Data//16-DR-64/Bits-DR-P14
Opening Player-Data//16-DR-64/Bits-DR-P15
Opening Player-Data//16-DR-64/Inputs-DR-P0-0
Opening Player-Data//16-DR-64/Inputs-DR-P1-0
Opening Player-Data//16-DR-64/Inputs-DR-P2-0
Opening Player-Data//16-DR-64/Inputs-DR-P3-0
Opening Player-Data//16-DR-64/Inputs-DR-P4-0
Opening Player-Data//16-DR-64/Inputs-DR-P5-0
Opening Player-Data//16-DR-64/Inputs-DR-P6-0
Opening Player-Data//16-DR-64/Inputs-DR-P7-0
Opening Player-Data//16-DR-64/Inputs-DR-P8-0
Opening Player-Data//16-DR-64/Inputs-DR-P9-0
Opening Player-Data//16-DR-64/Inputs-DR-P10-0
Opening Player-Data//16-DR-64/Inputs-DR-P11-0
Opening Player-Data//16-DR-64/Inputs-DR-P12-0
Opening Player-Data//16-DR-64/Inputs-DR-P13-0
Opening Player-Data//16-DR-64/Inputs-DR-P14-0
Opening Player-Data//16-DR-64/Inputs-DR-P15-0
Opening Player-Data//16-DR-64/Inputs-DR-P0-1
Opening Player-Data//16-DR-64/Inputs-DR-P1-1
Opening Player-Data//16-DR-64/Inputs-DR-P2-1
Opening Player-Data//16-DR-64/Inputs-DR-P3-1
Opening Player-Data//16-DR-64/Inputs-DR-P4-1
Opening Player-Data//16-DR-64/Inputs-DR-P5-1
Opening Player-Data//16-DR-64/Inputs-DR-P6-1
Opening Player-Data//16-DR-64/Inputs-DR-P7-1
Opening Player-Data//16-DR-64/Inputs-DR-P8-1
Opening Player-Data//16-DR-64/Inputs-DR-P9-1
Opening Player-Data//16-DR-64/Inputs-DR-P10-1
Opening Player-Data//16-DR-64/Inputs-DR-P11-1
Opening Player-Data//16-DR-64/Inputs-DR-P12-1
Opening Player-Data//16-DR-64/Inputs-DR-P13-1
Opening Player-Data//16-DR-64/Inputs-DR-P14-1
Opening Player-Data//16-DR-64/Inputs-DR-P15-1
Opening Player-Data//16-DR-64/Inputs-DR-P0-2
Opening Player-Data//16-DR-64/Inputs-DR-P1-2
Opening Player-Data//16-DR-64/Inputs-DR-P2-2
Opening Player-Data//16-DR-64/Inputs-DR-P3-2
Opening Player-Data//16-DR-64/Inputs-DR-P4-2
Opening Player-Data//16-DR-64/Inputs-DR-P5-2
Opening Player-Data//16-DR-64/Inputs-DR-P6-2
Opening Player-Data//16-DR-64/Inputs-DR-P7-2
Opening Player-Data//16-DR-64/Inputs-DR-P8-2
Opening Player-Data//16-DR-64/Inputs-DR-P9-2
Opening Player-Data//16-DR-64/Inputs-DR-P10-2
Opening Player-Data//16-DR-64/Inputs-DR-P11-2
Opening Player-Data//16-DR-64/Inputs-DR-P12-2
Opening Player-Data//16-DR-64/Inputs-DR-P13-2
Opening Player-Data//16-DR-64/Inputs-DR-P14-2
Opening Player-Data//16-DR-64/Inputs-DR-P15-2
Opening Player-Data//16-DR-64/Inputs-DR-P0-3
Opening Player-Data//16-DR-64/Inputs-DR-P1-3
Opening Player-Data//16-DR-64/Inputs-DR-P2-3
Opening Player-Data//16-DR-64/Inputs-DR-P3-3
Opening Player-Data//16-DR-64/Inputs-DR-P4-3
Opening Player-Data//16-DR-64/Inputs-DR-P5-3
Opening Player-Data//16-DR-64/Inputs-DR-P6-3
Opening Player-Data//16-DR-64/Inputs-DR-P7-3
Opening Player-Data//16-DR-64/Inputs-DR-P8-3
Opening Player-Data//16-DR-64/Inputs-DR-P9-3
Opening Player-Data//16-DR-64/Inputs-DR-P10-3
Opening Player-Data//16-DR-64/Inputs-DR-P11-3
Opening Player-Data//16-DR-64/Inputs-DR-P12-3
Opening Player-Data//16-DR-64/Inputs-DR-P13-3
Opening Player-Data//16-DR-64/Inputs-DR-P14-3
Opening Player-Data//16-DR-64/Inputs-DR-P15-3
Opening Player-Data//16-DR-64/Inputs-DR-P0-4
Opening Player-Data//16-DR-64/Inputs-DR-P1-4
Opening Player-Data//16-DR-64/Inputs-DR-P2-4
Opening Player-Data//16-DR-64/Inputs-DR-P3-4
Opening Player-Data//16-DR-64/Inputs-DR-P4-4
Opening Player-Data//16-DR-64/Inputs-DR-P5-4
Opening Player-Data//16-DR-64/Inputs-DR-P6-4
Opening Player-Data//16-DR-64/Inputs-DR-P7-4
Opening Player-Data//16-DR-64/Inputs-DR-P8-4
Opening Player-Data//16-DR-64/Inputs-DR-P9-4
Opening Player-Data//16-DR-64/Inputs-DR-P10-4
Opening Player-Data//16-DR-64/Inputs-DR-P11-4
Opening Player-Data//16-DR-64/Inputs-DR-P12-4
Opening Player-Data//16-DR-64/Inputs-DR-P13-4
Opening Player-Data//16-DR-64/Inputs-DR-P14-4
Opening Player-Data//16-DR-64/Inputs-DR-P15-4
Opening Player-Data//16-DR-64/Inputs-DR-P0-5
Opening Player-Data//16-DR-64/Inputs-DR-P1-5
Opening Player-Data//16-DR-64/Inputs-DR-P2-5
Opening Player-Data//16-DR-64/Inputs-DR-P3-5
Opening Player-Data//16-DR-64/Inputs-DR-P4-5
Opening Player-Data//16-DR-64/Inputs-DR-P5-5
Opening Player-Data//16-DR-64/Inputs-DR-P6-5
Opening Player-Data//16-DR-64/Inputs-DR-P7-5
Opening Player-Data//16-DR-64/Inputs-DR-P8-5
Opening Player-Data//16-DR-64/Inputs-DR-P9-5
Opening Player-Data//16-DR-64/Inputs-DR-P10-5
Opening Player-Data//16-DR-64/Inputs-DR-P11-5
Opening Player-Data//16-DR-64/Inputs-DR-P12-5
Opening Player-Data//16-DR-64/Inputs-DR-P13-5
Opening Player-Data//16-DR-64/Inputs-DR-P14-5
Opening Player-Data//16-DR-64/Inputs-DR-P15-5
Opening Player-Data//16-DR-64/Inputs-DR-P0-6
Opening Player-Data//16-DR-64/Inputs-DR-P1-6
Opening Player-Data//16-DR-64/Inputs-DR-P2-6
Opening Player-Data//16-DR-64/Inputs-DR-P3-6
Opening Player-Data//16-DR-64/Inputs-DR-P4-6
Opening Player-Data//16-DR-64/Inputs-DR-P5-6
Opening Player-Data//16-DR-64/Inputs-DR-P6-6
Opening Player-Data//16-DR-64/Inputs-DR-P7-6
Opening Player-Data//16-DR-64/Inputs-DR-P8-6
Opening Player-Data//16-DR-64/Inputs-DR-P9-6
Opening Player-Data//16-DR-64/Inputs-DR-P10-6
Opening Player-Data//16-DR-64/Inputs-DR-P11-6
Opening Player-Data//16-DR-64/Inputs-DR-P12-6
Opening Player-Data//16-DR-64/Inputs-DR-P13-6
Opening Player-Data//16-DR-64/Inputs-DR-P14-6
Opening Player-Data//16-DR-64/Inputs-DR-P15-6
Opening Player-Data//16-DR-64/Inputs-DR-P0-7
Opening Player-Data//16-DR-64/Inputs-DR-P1-7
Opening Player-Data//16-DR-64/Inputs-DR-P2-7
Opening Player-Data//16-DR-64/Inputs-DR-P3-7
Opening Player-Data//16-DR-64/Inputs-DR-P4-7
Opening Player-Data//16-DR-64/Inputs-DR-P5-7
Opening Player-Data//16-DR-64/Inputs-DR-P6-7
Opening Player-Data//16-DR-64/Inputs-DR-P7-7
Opening Player-Data//16-DR-64/Inputs-DR-P8-7
Opening Player-Data//16-DR-64/Inputs-DR-P9-7
Opening Player-Data//16-DR-64/Inputs-DR-P10-7
Opening Player-Data//16-DR-64/Inputs-DR-P11-7
Opening Player-Data//16-DR-64/Inputs-DR-P12-7
Opening Player-Data//16-DR-64/Inputs-DR-P13-7
Opening Player-Data//16-DR-64/Inputs-DR-P14-7
Opening Player-Data//16-DR-64/Inputs-DR-P15-7
Opening Player-Data//16-DR-64/Inputs-DR-P0-8
Opening Player-Data//16-DR-64/Inputs-DR-P1-8
Opening Player-Data//16-DR-64/Inputs-DR-P2-8
Opening Player-Data//16-DR-64/Inputs-DR-P3-8
Opening Player-Data//16-DR-64/Inputs-DR-P4-8
Opening Player-Data//16-DR-64/Inputs-DR-P5-8
Opening Player-Data//16-DR-64/Inputs-DR-P6-8
Opening Player-Data//16-DR-64/Inputs-DR-P7-8
Opening Player-Data//16-DR-64/Inputs-DR-P8-8
Opening Player-Data//16-DR-64/Inputs-DR-P9-8
Opening Player-Data//16-DR-64/Inputs-DR-P10-8
Opening Player-Data//16-DR-64/Inputs-DR-P11-8
Opening Player-Data//16-DR-64/Inputs-DR-P12-8
Opening Player-Data//16-DR-64/Inputs-DR-P13-8
Opening Player-Data//16-DR-64/Inputs-DR-P14-8
Opening Player-Data//16-DR-64/Inputs-DR-P15-8
Opening Player-Data//16-DR-64/Inputs-DR-P0-9
Opening Player-Data//16-DR-64/Inputs-DR-P1-9
Opening Player-Data//16-DR-64/Inputs-DR-P2-9
Opening Player-Data//16-DR-64/Inputs-DR-P3-9
Opening Player-Data//16-DR-64/Inputs-DR-P4-9
Opening Player-Data//16-DR-64/Inputs-DR-P5-9
Opening Player-Data//16-DR-64/Inputs-DR-P6-9
Opening Player-Data//16-DR-64/Inputs-DR-P7-9
Opening Player-Data//16-DR-64/Inputs-DR-P8-9
Opening Player-Data//16-DR-64/Inputs-DR-P9-9
Opening Player-Data//16-DR-64/Inputs-DR-P10-9
Opening Player-Data//16-DR-64/Inputs-DR-P11-9
Opening Player-Data//16-DR-64/Inputs-DR-P12-9
Opening Player-Data//16-DR-64/Inputs-DR-P13-9
Opening Player-Data//16-DR-64/Inputs-DR-P14-9
Opening Player-Data//16-DR-64/Inputs-DR-P15-9
Opening Player-Data//16-DR-64/Inputs-DR-P0-10
Opening Player-Data//16-DR-64/Inputs-DR-P1-10
Opening Player-Data//16-DR-64/Inputs-DR-P2-10
Opening Player-Data//16-DR-64/Inputs-DR-P3-10
Opening Player-Data//16-DR-64/Inputs-DR-P4-10
Opening Player-Data//16-DR-64/Inputs-DR-P5-10
Opening Player-Data//16-DR-64/Inputs-DR-P6-10
Opening Player-Data//16-DR-64/Inputs-DR-P7-10
Opening Player-Data//16-DR-64/Inputs-DR-P8-10
Opening Player-Data//16-DR-64/Inputs-DR-P9-10
Opening Player-Data//16-DR-64/Inputs-DR-P10-10
Opening Player-Data//16-DR-64/Inputs-DR-P11-10
Opening Player-Data//16-DR-64/Inputs-DR-P12-10
Opening Player-Data//16-DR-64/Inputs-DR-P13-10
Opening Player-Data//16-DR-64/Inputs-DR-P14-10
Opening Player-Data//16-DR-64/Inputs-DR-P15-10
Opening Player-Data//16-DR-64/Inputs-DR-P0-11
Opening Player-Data//16-DR-64/Inputs-DR-P1-11
Opening Player-Data//16-DR-64/Inputs-DR-P2-11
Opening Player-Data//16-DR-64/Inputs-DR-P3-11
Opening Player-Data//16-DR-64/Inputs-DR-P4-11
Opening Player-Data//16-DR-64/Inputs-DR-P5-11
Opening Player-Data//16-DR-64/Inputs-DR-P6-11
Opening Player-Data//16-DR-64/Inputs-DR-P7-11
Opening Player-Data//16-DR-64/Inputs-DR-P8-11
Opening Player-Data//16-DR-64/Inputs-DR-P9-11
Opening Player-Data//16-DR-64/Inputs-DR-P10-11
Opening Player-Data//16-DR-64/Inputs-DR-P11-11
Opening Player-Data//16-DR-64/Inputs-DR-P12-11
Opening Player-Data//16-DR-64/Inputs-DR-P13-11
Opening Player-Data//16-DR-64/Inputs-DR-P14-11
Opening Player-Data//16-DR-64/Inputs-DR-P15-11
Opening Player-Data//16-DR-64/Inputs-DR-P0-12
Opening Player-Data//16-DR-64/Inputs-DR-P1-12
Opening Player-Data//16-DR-64/Inputs-DR-P2-12
Opening Player-Data//16-DR-64/Inputs-DR-P3-12
Opening Player-Data//16-DR-64/Inputs-DR-P4-12
Opening Player-Data//16-DR-64/Inputs-DR-P5-12
Opening Player-Data//16-DR-64/Inputs-DR-P6-12
Opening Player-Data//16-DR-64/Inputs-DR-P7-12
Opening Player-Data//16-DR-64/Inputs-DR-P8-12
Opening Player-Data//16-DR-64/Inputs-DR-P9-12
Opening Player-Data//16-DR-64/Inputs-DR-P10-12
Opening Player-Data//16-DR-64/Inputs-DR-P11-12
Opening Player-Data//16-DR-64/Inputs-DR-P12-12
Opening Player-Data//16-DR-64/Inputs-DR-P13-12
Opening Player-Data//16-DR-64/Inputs-DR-P14-12
Opening Player-Data//16-DR-64/Inputs-DR-P15-12
Opening Player-Data//16-DR-64/Inputs-DR-P0-13
Opening Player-Data//16-DR-64/Inputs-DR-P1-13
Opening Player-Data//16-DR-64/Inputs-DR-P2-13
Opening Player-Data//16-DR-64/Inputs-DR-P3-13
Opening Player-Data//16-DR-64/Inputs-DR-P4-13
Opening Player-Data//16-DR-64/Inputs-DR-P5-13
Opening Player-Data//16-DR-64/Inputs-DR-P6-13
Opening Player-Data//16-DR-64/Inputs-DR-P7-13
Opening Player-Data//16-DR-64/Inputs-DR-P8-13
Opening Player-Data//16-DR-64/Inputs-DR-P9-13
Opening Player-Data//16-DR-64/Inputs-DR-P10-13
Opening Player-Data//16-DR-64/Inputs-DR-P11-13
Opening Player-Data//16-DR-64/Inputs-DR-P12-13
Opening Player-Data//16-DR-64/Inputs-DR-P13-13
Opening Player-Data//16-DR-64/Inputs-DR-P14-13
Opening Player-Data//16-DR-64/Inputs-DR-P15-13
Opening Player-Data//16-DR-64/Inputs-DR-P0-14
Opening Player-Data//16-DR-64/Inputs-DR-P1-14
Opening Player-Data//16-DR-64/Inputs-DR-P2-14
Opening Player-Data//16-DR-64/Inputs-DR-P3-14
Opening Player-Data//16-DR-64/Inputs-DR-P4-14
Opening Player-Data//16-DR-64/Inputs-DR-P5-14
Opening Player-Data//16-DR-64/Inputs-DR-P6-14
Opening Player-Data//16-DR-64/Inputs-DR-P7-14
Opening Player-Data//16-DR-64/Inputs-DR-P8-14
Opening Player-Data//16-DR-64/Inputs-DR-P9-14
Opening Player-Data//16-DR-64/Inputs-DR-P10-14
Opening Player-Data//16-DR-64/Inputs-DR-P11-14
Opening Player-Data//16-DR-64/Inputs-DR-P12-14
Opening Player-Data//16-DR-64/Inputs-DR-P13-14
Opening Player-Data//16-DR-64/Inputs-DR-P14-14
Opening Player-Data//16-DR-64/Inputs-DR-P15-14
Opening Player-Data//16-DR-64/Inputs-DR-P0-15
Opening Player-Data//16-DR-64/Inputs-DR-P1-15
Opening Player-Data//16-DR-64/Inputs-DR-P2-15
Opening Player-Data//16-DR-64/Inputs-DR-P3-15
Opening Player-Data//16-DR-64/Inputs-DR-P4-15
Opening Player-Data//16-DR-64/Inputs-DR-P5-15
Opening Player-Data//16-DR-64/Inputs-DR-P6-15
Opening Player-Data//16-DR-64/Inputs-DR-P7-15
Opening Player-Data//16-DR-64/Inputs-DR-P8-15
Opening Player-Data//16-DR-64/Inputs-DR-P9-15
Opening Player-Data//16-DR-64/Inputs-DR-P10-15
Opening Player-Data//16-DR-64/Inputs-DR-P11-15
Opening Player-Data//16-DR-64/Inputs-DR-P12-15
Opening Player-Data//16-DR-64/Inputs-DR-P13-15
Opening Player-Data//16-DR-64/Inputs-DR-P14-15
Opening Player-Data//16-DR-64/Inputs-DR-P15-15
Opening Player-Data//16-DR-64/Squares-DR-P0
Opening Player-Data//16-DR-64/Squares-DR-P1
Opening Player-Data//16-DR-64/Squares-DR-P2
Opening Player-Data//16-DR-64/Squares-DR-P3
Opening Player-Data//16-DR-64/Squares-DR-P4
Opening Player-Data//16-DR-64/Squares-DR-P5
Opening Player-Data//16-DR-64/Squares-DR-P6
Opening Player-Data//16-DR-64/Squares-DR-P7
Opening Player-Data//16-DR-64/Squares-DR-P8
Opening Player-Data//16-DR-64/Squares-DR-P9
Opening Player-Data//16-DR-64/Squares-DR-P10
Opening Player-Data//16-DR-64/Squares-DR-P11
Opening Player-Data//16-DR-64/Squares-DR-P12
Opening Player-Data//16-DR-64/Squares-DR-P13
Opening Player-Data//16-DR-64/Squares-DR-P14
Opening Player-Data//16-DR-64/Squares-DR-P15
Opening Player-Data//16-DR-64/daBits-DR-P0
Opening Player-Data//16-DR-64/daBits-DR-P1
Opening Player-Data//16-DR-64/daBits-DR-P2
Opening Player-Data//16-DR-64/daBits-DR-P3
Opening Player-Data//16-DR-64/daBits-DR-P4
Opening Player-Data//16-DR-64/daBits-DR-P5
Opening Player-Data//16-DR-64/daBits-DR-P6
Opening Player-Data//16-DR-64/daBits-DR-P7
Opening Player-Data//16-DR-64/daBits-DR-P8
Opening Player-Data//16-DR-64/daBits-DR-P9
Opening Player-Data//16-DR-64/daBits-DR-P10
Opening Player-Data//16-DR-64/daBits-DR-P11
Opening Player-Data//16-DR-64/daBits-DR-P12
Opening Player-Data//16-DR-64/daBits-DR-P13
Opening Player-Data//16-DR-64/daBits-DR-P14
Opening Player-Data//16-DR-64/daBits-DR-P15
Opening Player-Data//16-DDR-64/Triples-DDR-P0
Opening Player-Data//16-DDR-64/Triples-DDR-P1
Opening Player-Data//16-DDR-64/Triples-DDR-P2
Opening Player-Data//16-DDR-64/Triples-DDR-P3
Opening Player-Data//16-DDR-64/Triples-DDR-P4
Opening Player-Data//16-DDR-64/Triples-DDR-P5
Opening Player-Data//16-DDR-64/Triples-DDR-P6
Opening Player-Data//16-DDR-64/Triples-DDR-P7
Opening Player-Data//16-DDR-64/Triples-DDR-P8
Opening Player-Data//16-DDR-64/Triples-DDR-P9
Opening Player-Data//16-DDR-64/Triples-DDR-P10
Opening Player-Data//16-DDR-64/Triples-DDR-P11
Opening Player-Data//16-DDR-64/Triples-DDR-P12
Opening Player-Data//16-DDR-64/Triples-DDR-P13
Opening Player-Data//16-DDR-64/Triples-DDR-P14
Opening Player-Data//16-DDR-64/Triples-DDR-P15
Opening Player-Data//16-DDR-64/Bits-DDR-P0
Opening Player-Data//16-DDR-64/Bits-DDR-P1
Opening Player-Data//16-DDR-64/Bits-DDR-P2
Opening Player-Data//16-DDR-64/Bits-DDR-P3
Opening Player-Data//16-DDR-64/Bits-DDR-P4
Opening Player-Data//16-DDR-64/Bits-DDR-P5
Opening Player-Data//16-DDR-64/Bits-DDR-P6
Opening Player-Data//16-DDR-64/Bits-DDR-P7
Opening Player-Data//16-DDR-64/Bits-DDR-P8
Opening Player-Data//16-DDR-64/Bits-DDR-P9
Opening Player-Data//16-DDR-64/Bits-DDR-P10
Opening Player-Data//16-DDR-64/Bits-DDR-P11
Opening Player-Data//16-DDR-64/Bits-DDR-P12
Opening Player-Data//16-DDR-64/Bits-DDR-P13
Opening Player-Data//16-DDR-64/Bits-DDR-P14
Opening Player-Data//16-DDR-64/Bits-DDR-P15
Opening Player-Data//16-DDR-64/Inputs-DDR-P0-0
Opening Player-Data//16-DDR-64/Inputs-DDR-P1-0
Opening Player-Data//16-DDR-64/Inputs-DDR-P2-0
Opening Player-Data//16-DDR-64/Inputs-DDR-P3-0
Opening Player-Data//16-DDR-64/Inputs-DDR-P4-0
Opening Player-Data//16-DDR-64/Inputs-DDR-P5-0
Opening Player-Data//16-DDR-64/Inputs-DDR-P6-0
Opening Player-Data//16-DDR-64/Inputs-DDR-P7-0
Opening Player-Data//16-DDR-64/Inputs-DDR-P8-0
Opening Player-Data//16-DDR-64/Inputs-DDR-P9-0
Opening Player-Data//16-DDR-64/Inputs-DDR-P10-0
Opening Player-Data//16-DDR-64/Inputs-DDR-P11-0
Opening Player-Data//16-DDR-64/Inputs-DDR-P12-0
Opening Player-Data//16-DDR-64/Inputs-DDR-P13-0
Opening Player-Data//16-DDR-64/Inputs-DDR-P14-0
Opening Player-Data//16-DDR-64/Inputs-DDR-P15-0
Opening Player-Data//16-DDR-64/Inputs-DDR-P0-1
Opening Player-Data//16-DDR-64/Inputs-DDR-P1-1
Opening Player-Data//16-DDR-64/Inputs-DDR-P2-1
Opening Player-Data//16-DDR-64/Inputs-DDR-P3-1
Opening Player-Data//16-DDR-64/Inputs-DDR-P4-1
Opening Player-Data//16-DDR-64/Inputs-DDR-P5-1
Opening Player-Data//16-DDR-64/Inputs-DDR-P6-1
Opening Player-Data//16-DDR-64/Inputs-DDR-P7-1
Opening Player-Data//16-DDR-64/Inputs-DDR-P8-1
Opening Player-Data//16-DDR-64/Inputs-DDR-P9-1
Opening Player-Data//16-DDR-64/Inputs-DDR-P10-1
Opening Player-Data//16-DDR-64/Inputs-DDR-P11-1
Opening Player-Data//16-DDR-64/Inputs-DDR-P12-1
Opening Player-Data//16-DDR-64/Inputs-DDR-P13-1
Opening Player-Data//16-DDR-64/Inputs-DDR-P14-1
Opening Player-Data//16-DDR-64/Inputs-DDR-P15-1
Opening Player-Data//16-DDR-64/Inputs-DDR-P0-2
Opening Player-Data//16-DDR-64/Inputs-DDR-P1-2
Opening Player-Data//16-DDR-64/Inputs-DDR-P2-2
Opening Player-Data//16-DDR-64/Inputs-DDR-P3-2
Opening Player-Data//16-DDR-64/Inputs-DDR-P4-2
Opening Player-Data//16-DDR-64/Inputs-DDR-P5-2
Opening Player-Data//16-DDR-64/Inputs-DDR-P6-2
Opening Player-Data//16-DDR-64/Inputs-DDR-P7-2
Opening Player-Data//16-DDR-64/Inputs-DDR-P8-2
Opening Player-Data//16-DDR-64/Inputs-DDR-P9-2
Opening Player-Data//16-DDR-64/Inputs-DDR-P10-2
Opening Player-Data//16-DDR-64/Inputs-DDR-P11-2
Opening Player-Data//16-DDR-64/Inputs-DDR-P12-2
Opening Player-Data//16-DDR-64/Inputs-DDR-P13-2
Opening Player-Data//16-DDR-64/Inputs-DDR-P14-2
Opening Player-Data//16-DDR-64/Inputs-DDR-P15-2
Opening Player-Data//16-DDR-64/Inputs-DDR-P0-3
Opening Player-Data//16-DDR-64/Inputs-DDR-P1-3
Opening Player-Data//16-DDR-64/Inputs-DDR-P2-3
Opening Player-Data//16-DDR-64/Inputs-DDR-P3-3
Opening Player-Data//16-DDR-64/Inputs-DDR-P4-3
Opening Player-Data//16-DDR-64/Inputs-DDR-P5-3
Opening Player-Data//16-DDR-64/Inputs-DDR-P6-3
Opening Player-Data//16-DDR-64/Inputs-DDR-P7-3
Opening Player-Data//16-DDR-64/Inputs-DDR-P8-3
Opening Player-Data//16-DDR-64/Inputs-DDR-P9-3
Opening Player-Data//16-DDR-64/Inputs-DDR-P10-3
Opening Player-Data//16-DDR-64/Inputs-DDR-P11-3
Opening Player-Data//16-DDR-64/Inputs-DDR-P12-3
Opening Player-Data//16-DDR-64/Inputs-DDR-P13-3
Opening Player-Data//16-DDR-64/Inputs-DDR-P14-3
Opening Player-Data//16-DDR-64/Inputs-DDR-P15-3
Opening Player-Data//16-DDR-64/Inputs-DDR-P0-4
Opening Player-Data//16-DDR-64/Inputs-DDR-P1-4
Opening Player-Data//16-DDR-64/Inputs-DDR-P2-4
Opening Player-Data//16-DDR-64/Inputs-DDR-P3-4
Opening Player-Data//16-DDR-64/Inputs-DDR-P4-4
Opening Player-Data//16-DDR-64/Inputs-DDR-P5-4
Opening Player-Data//16-DDR-64/Inputs-DDR-P6-4
Opening Player-Data//16-DDR-64/Inputs-DDR-P7-4
Opening Player-Data//16-DDR-64/Inputs-DDR-P8-4
Opening Player-Data//16-DDR-64/Inputs-DDR-P9-4
Opening Player-Data//16-DDR-64/Inputs-DDR-P10-4
Opening Player-Data//16-DDR-64/Inputs-DDR-P11-4
Opening Player-Data//16-DDR-64/Inputs-DDR-P12-4
Opening Player-Data//16-DDR-64/Inputs-DDR-P13-4
Opening Player-Data//16-DDR-64/Inputs-DDR-P14-4
Opening Player-Data//16-DDR-64/Inputs-DDR-P15-4
Opening Player-Data//16-DDR-64/Inputs-DDR-P0-5
Opening Player-Data//16-DDR-64/Inputs-DDR-P1-5
Opening Player-Data//16-DDR-64/Inputs-DDR-P2-5
Opening Player-Data//16-DDR-64/Inputs-DDR-P3-5
Opening Player-Data//16-DDR-64/Inputs-DDR-P4-5
Opening Player-Data//16-DDR-64/Inputs-DDR-P5-5
Opening Player-Data//16-DDR-64/Inputs-DDR-P6-5
Opening Player-Data//16-DDR-64/Inputs-DDR-P7-5
Opening Player-Data//16-DDR-64/Inputs-DDR-P8-5
Opening Player-Data//16-DDR-64/Inputs-DDR-P9-5
Opening Player-Data//16-DDR-64/Inputs-DDR-P10-5
Opening Player-Data//16-DDR-64/Inputs-DDR-P11-5
Opening Player-Data//16-DDR-64/Inputs-DDR-P12-5
Opening Player-Data//16-DDR-64/Inputs-DDR-P13-5
Opening Player-Data//16-DDR-64/Inputs-DDR-P14-5
Opening Player-Data//16-DDR-64/Inputs-DDR-P15-5
Opening Player-Data//16-DDR-64/Inputs-DDR-P0-6
Opening Player-Data//16-DDR-64/Inputs-DDR-P1-6
Opening Player-Data//16-DDR-64/Inputs-DDR-P2-6
Opening Player-Data//16-DDR-64/Inputs-DDR-P3-6
Opening Player-Data//16-DDR-64/Inputs-DDR-P4-6
Opening Player-Data//16-DDR-64/Inputs-DDR-P5-6
Opening Player-Data//16-DDR-64/Inputs-DDR-P6-6
Opening Player-Data//16-DDR-64/Inputs-DDR-P7-6
Opening Player-Data//16-DDR-64/Inputs-DDR-P8-6
Opening Player-Data//16-DDR-64/Inputs-DDR-P9-6
Opening Player-Data//16-DDR-64/Inputs-DDR-P10-6
Opening Player-Data//16-DDR-64/Inputs-DDR-P11-6
Opening Player-Data//16-DDR-64/Inputs-DDR-P12-6
Opening Player-Data//16-DDR-64/Inputs-DDR-P13-6
Opening Player-Data//16-DDR-64/Inputs-DDR-P14-6
Opening Player-Data//16-DDR-64/Inputs-DDR-P15-6
Opening Player-Data//16-DDR-64/Inputs-DDR-P0-7
Opening Player-Data//16-DDR-64/Inputs-DDR-P1-7
Opening Player-Data//16-DDR-64/Inputs-DDR-P2-7
Opening Player-Data//16-DDR-64/Inputs-DDR-P3-7
Opening Player-Data//16-DDR-64/Inputs-DDR-P4-7
Opening Player-Data//16-DDR-64/Inputs-DDR-P5-7
Opening Player-Data//16-DDR-64/Inputs-DDR-P6-7
Opening Player-Data//16-DDR-64/Inputs-DDR-P7-7
Opening Player-Data//16-DDR-64/Inputs-DDR-P8-7
Opening Player-Data//16-DDR-64/Inputs-DDR-P9-7
Opening Player-Data//16-DDR-64/Inputs-DDR-P10-7
Opening Player-Data//16-DDR-64/Inputs-DDR-P11-7
Opening Player-Data//16-DDR-64/Inputs-DDR-P12-7
Opening Player-Data//16-DDR-64/Inputs-DDR-P13-7
Opening Player-Data//16-DDR-64/Inputs-DDR-P14-7
Opening Player-Data//16-DDR-64/Inputs-DDR-P15-7
Opening Player-Data//16-DDR-64/Inputs-DDR-P0-8
Opening Player-Data//16-DDR-64/Inputs-DDR-P1-8
Opening Player-Data//16-DDR-64/Inputs-DDR-P2-8
Opening Player-Data//16-DDR-64/Inputs-DDR-P3-8
Opening Player-Data//16-DDR-64/Inputs-DDR-P4-8
Opening Player-Data//16-DDR-64/Inputs-DDR-P5-8
Opening Player-Data//16-DDR-64/Inputs-DDR-P6-8
Opening Player-Data//16-DDR-64/Inputs-DDR-P7-8
Opening Player-Data//16-DDR-64/Inputs-DDR-P8-8
Opening Player-Data//16-DDR-64/Inputs-DDR-P9-8
Opening Player-Data//16-DDR-64/Inputs-DDR-P10-8
Opening Player-Data//16-DDR-64/Inputs-DDR-P11-8
Opening Player-Data//16-DDR-64/Inputs-DDR-P12-8
Opening Player-Data//16-DDR-64/Inputs-DDR-P13-8
Opening Player-Data//16-DDR-64/Inputs-DDR-P14-8
Opening Player-Data//16-DDR-64/Inputs-DDR-P15-8
Opening Player-Data//16-DDR-64/Inputs-DDR-P0-9
Opening Player-Data//16-DDR-64/Inputs-DDR-P1-9
Opening Player-Data//16-DDR-64/Inputs-DDR-P2-9
Opening Player-Data//16-DDR-64/Inputs-DDR-P3-9
Opening Player-Data//16-DDR-64/Inputs-DDR-P4-9
Opening Player-Data//16-DDR-64/Inputs-DDR-P5-9
Opening Player-Data//16-DDR-64/Inputs-DDR-P6-9
Opening Player-Data//16-DDR-64/Inputs-DDR-P7-9
Opening Player-Data//16-DDR-64/Inputs-DDR-P8-9
Opening Player-Data//16-DDR-64/Inputs-DDR-P9-9
Opening Player-Data//16-DDR-64/Inputs-DDR-P10-9
Opening Player-Data//16-DDR-64/Inputs-DDR-P11-9
Opening Player-Data//16-DDR-64/Inputs-DDR-P12-9
Opening Player-Data//16-DDR-64/Inputs-DDR-P13-9
Opening Player-Data//16-DDR-64/Inputs-DDR-P14-9
Opening Player-Data//16-DDR-64/Inputs-DDR-P15-9
Opening Player-Data//16-DDR-64/Inputs-DDR-P0-10
Opening Player-Data//16-DDR-64/Inputs-DDR-P1-10
Opening Player-Data//16-DDR-64/Inputs-DDR-P2-10
Opening Player-Data//16-DDR-64/Inputs-DDR-P3-10
Opening Player-Data//16-DDR-64/Inputs-DDR-P4-10
Opening Player-Data//16-DDR-64/Inputs-DDR-P5-10
Opening Player-Data//16-DDR-64/Inputs-DDR-P6-10
Opening Player-Data//16-DDR-64/Inputs-DDR-P7-10
Opening Player-Data//16-DDR-64/Inputs-DDR-P8-10
Opening Player-Data//16-DDR-64/Inputs-DDR-P9-10
Opening Player-Data//16-DDR-64/Inputs-DDR-P10-10
Opening Player-Data//16-DDR-64/Inputs-DDR-P11-10
Opening Player-Data//16-DDR-64/Inputs-DDR-P12-10
Opening Player-Data//16-DDR-64/Inputs-DDR-P13-10
Opening Player-Data//16-DDR-64/Inputs-DDR-P14-10
Opening Player-Data//16-DDR-64/Inputs-DDR-P15-10
Opening Player-Data//16-DDR-64/Inputs-DDR-P0-11
Opening Player-Data//16-DDR-64/Inputs-DDR-P1-11
Opening Player-Data//16-DDR-64/Inputs-DDR-P2-11
Opening Player-Data//16-DDR-64/Inputs-DDR-P3-11
Opening Player-Data//16-DDR-64/Inputs-DDR-P4-11
Opening Player-Data//16-DDR-64/Inputs-DDR-P5-11
Opening Player-Data//16-DDR-64/Inputs-DDR-P6-11
Opening Player-Data//16-DDR-64/Inputs-DDR-P7-11
Opening Player-Data//16-DDR-64/Inputs-DDR-P8-11
Opening Player-Data//16-DDR-64/Inputs-DDR-P9-11
Opening Player-Data//16-DDR-64/Inputs-DDR-P10-11
Opening Player-Data//16-DDR-64/Inputs-DDR-P11-11
Opening Player-Data//16-DDR-64/Inputs-DDR-P12-11
Opening Player-Data//16-DDR-64/Inputs-DDR-P13-11
Opening Player-Data//16-DDR-64/Inputs-DDR-P14-11
Opening Player-Data//16-DDR-64/Inputs-DDR-P15-11
Opening Player-Data//16-DDR-64/Inputs-DDR-P0-12
Opening Player-Data//16-DDR-64/Inputs-DDR-P1-12
Opening Player-Data//16-DDR-64/Inputs-DDR-P2-12
Opening Player-Data//16-DDR-64/Inputs-DDR-P3-12
Opening Player-Data//16-DDR-64/Inputs-DDR-P4-12
Opening Player-Data//16-DDR-64/Inputs-DDR-P5-12
Opening Player-Data//16-DDR-64/Inputs-DDR-P6-12
Opening Player-Data//16-DDR-64/Inputs-DDR-P7-12
Opening Player-Data//16-DDR-64/Inputs-DDR-P8-12
Opening Player-Data//16-DDR-64/Inputs-DDR-P9-12
Opening Player-Data//16-DDR-64/Inputs-DDR-P10-12
Opening Player-Data//16-DDR-64/Inputs-DDR-P11-12
Opening Player-Data//16-DDR-64/Inputs-DDR-P12-12
Opening Player-Data//16-DDR-64/Inputs-DDR-P13-12
Opening Player-Data//16-DDR-64/Inputs-DDR-P14-12
Opening Player-Data//16-DDR-64/Inputs-DDR-P15-12
Opening Player-Data//16-DDR-64/Inputs-DDR-P0-13
Opening Player-Data//16-DDR-64/Inputs-DDR-P1-13
Opening Player-Data//16-DDR-64/Inputs-DDR-P2-13
Opening Player-Data//16-DDR-64/Inputs-DDR-P3-13
Opening Player-Data//16-DDR-64/Inputs-DDR-P4-13
Opening Player-Data//16-DDR-64/Inputs-DDR-P5-13
Opening Player-Data//16-DDR-64/Inputs-DDR-P6-13
Opening Player-Data//16-DDR-64/Inputs-DDR-P7-13
Opening Player-Data//16-DDR-64/Inputs-DDR-P8-13
Opening Player-Data//16-DDR-64/Inputs-DDR-P9-13
Opening Player-Data//16-DDR-64/Inputs-DDR-P10-13
Opening Player-Data//16-DDR-64/Inputs-DDR-P11-13
Opening Player-Data//16-DDR-64/Inputs-DDR-P12-13
Opening Player-Data//16-DDR-64/Inputs-DDR-P13-13
Opening Player-Data//16-DDR-64/Inputs-DDR-P14-13
Opening Player-Data//16-DDR-64/Inputs-DDR-P15-13
Opening Player-Data//16-DDR-64/Inputs-DDR-P0-14
Opening Player-Data//16-DDR-64/Inputs-DDR-P1-14
Opening Player-Data//16-DDR-64/Inputs-DDR-P2-14
Opening Player-Data//16-DDR-64/Inputs-DDR-P3-14
Opening Player-Data//16-DDR-64/Inputs-DDR-P4-14
Opening Player-Data//16-DDR-64/Inputs-DDR-P5-14
Opening Player-Data//16-DDR-64/Inputs-DDR-P6-14
Opening Player-Data//16-DDR-64/Inputs-DDR-P7-14
Opening Player-Data//16-DDR-64/Inputs-DDR-P8-14
Opening Player-Data//16-DDR-64/Inputs-DDR-P9-14
Opening Player-Data//16-DDR-64/Inputs-DDR-P10-14
Opening Player-Data//16-DDR-64/Inputs-DDR-P11-14
Opening Player-Data//16-DDR-64/Inputs-DDR-P12-14
Opening Player-Data//16-DDR-64/Inputs-DDR-P13-14
Opening Player-Data//16-DDR-64/Inputs-DDR-P14-14
Opening Player-Data//16-DDR-64/Inputs-DDR-P15-14
Opening Player-Data//16-DDR-64/Inputs-DDR-P0-15
Opening Player-Data//16-DDR-64/Inputs-DDR-P1-15
Opening Player-Data//16-DDR-64/Inputs-DDR-P2-15
Opening Player-Data//16-DDR-64/Inputs-DDR-P3-15
Opening Player-Data//16-DDR-64/Inputs-DDR-P4-15
Opening Player-Data//16-DDR-64/Inputs-DDR-P5-15
Opening Player-Data//16-DDR-64/Inputs-DDR-P6-15
Opening Player-Data//16-DDR-64/Inputs-DDR-P7-15
Opening Player-Data//16-DDR-64/Inputs-DDR-P8-15
Opening Player-Data//16-DDR-64/Inputs-DDR-P9-15
Opening Player-Data//16-DDR-64/Inputs-DDR-P10-15
Opening Player-Data//16-DDR-64/Inputs-DDR-P11-15
Opening Player-Data//16-DDR-64/Inputs-DDR-P12-15
Opening Player-Data//16-DDR-64/Inputs-DDR-P13-15
Opening Player-Data//16-DDR-64/Inputs-DDR-P14-15
Opening Player-Data//16-DDR-64/Inputs-DDR-P15-15
Opening Player-Data//16-DDR-64/Squares-DDR-P0
Opening Player-Data//16-DDR-64/Squares-DDR-P1
Opening Player-Data//16-DDR-64/Squares-DDR-P2
Opening Player-Data//16-DDR-64/Squares-DDR-P3
Opening Player-Data//16-DDR-64/Squares-DDR-P4
Opening Player-Data//16-DDR-64/Squares-DDR-P5
Opening Player-Data//16-DDR-64/Squares-DDR-P6
Opening Player-Data//16-DDR-64/Squares-DDR-P7
Opening Player-Data//16-DDR-64/Squares-DDR-P8
Opening Player-Data//16-DDR-64/Squares-DDR-P9
Opening Player-Data//16-DDR-64/Squares-DDR-P10
Opening Player-Data//16-DDR-64/Squares-DDR-P11
Opening Player-Data//16-DDR-64/Squares-DDR-P12
Opening Player-Data//16-DDR-64/Squares-DDR-P13
Opening Player-Data//16-DDR-64/Squares-DDR-P14
Opening Player-Data//16-DDR-64/Squares-DDR-P15
Opening Player-Data//16-DDR-64/daBits-DDR-P0
Opening Player-Data//16-DDR-64/daBits-DDR-P1
Opening Player-Data//16-DDR-64/daBits-DDR-P2
Opening Player-Data//16-DDR-64/daBits-DDR-P3
Opening Player-Data//16-DDR-64/daBits-DDR-P4
Opening Player-Data//16-DDR-64/daBits-DDR-P5
Opening Player-Data//16-DDR-64/daBits-DDR-P6
Opening Player-Data//16-DDR-64/daBits-DDR-P7
Opening Player-Data//16-DDR-64/daBits-DDR-P8
Opening Player-Data//16-DDR-64/daBits-DDR-P9
Opening Player-Data//16-DDR-64/daBits-DDR-P10
Opening Player-Data//16-DDR-64/daBits-DDR-P11
Opening Player-Data//16-DDR-64/daBits-DDR-P12
Opening Player-Data//16-DDR-64/daBits-DDR-P13
Opening Player-Data//16-DDR-64/daBits-DDR-P14
Opening Player-Data//16-DDR-64/daBits-DDR-P15
Opening Player-Data//16-DR-128/Triples-DR-P0
Opening Player-Data//16-DR-128/Triples-DR-P1
Opening Player-Data//16-DR-128/Triples-DR-P2
Opening Player-Data//16-DR-128/Triples-DR-P3
Opening Player-Data//16-DR-128/Triples-DR-P4
Opening Player-Data//16-DR-128/Triples-DR-P5
Opening Player-Data//16-DR-128/Triples-DR-P6
Opening Player-Data//16-DR-128/Triples-DR-P7
Opening Player-Data//16-DR-128/Triples-DR-P8
Opening Player-Data//16-DR-128/Triples-DR-P9
Opening Player-Data//16-DR-128/Triples-DR-P10
Opening Player-Data//16-DR-128/Triples-DR-P11
Opening Player-Data//16-DR-128/Triples-DR-P12
Opening Player-Data//16-DR-128/Triples-DR-P13
Opening Player-Data//16-DR-128/Triples-DR-P14
Opening Player-Data//16-DR-128/Triples-DR-P15
Opening Player-Data//16-DR-128/Bits-DR-P0
Opening Player-Data//16-DR-128/Bits-DR-P1
Opening Player-Data//16-DR-128/Bits-DR-P2
Opening Player-Data//16-DR-128/Bits-DR-P3
Opening Player-Data//16-DR-128/Bits-DR-P4
Opening Player-Data//16-DR-128/Bits-DR-P5
Opening Player-Data//16-DR-128/Bits-DR-P6
Opening Player-Data//16-DR-128/Bits-DR-P7
Opening Player-Data//16-DR-128/Bits-DR-P8
Opening Player-Data//16-DR-128/Bits-DR-P9
Opening Player-Data//16-DR-128/Bits-DR-P10
Opening Player-Data//16-DR-128/Bits-DR-P11
Opening Player-Data//16-DR-128/Bits-DR-P12
Opening Player-Data//16-DR-128/Bits-DR-P13
Opening Player-Data//16-DR-128/Bits-DR-P14
Opening Player-Data//16-DR-128/Bits-DR-P15
Opening Player-Data//16-DR-128/Inputs-DR-P0-0
Opening Player-Data//16-DR-128/Inputs-DR-P1-0
Opening Player-Data//16-DR-128/Inputs-DR-P2-0
Opening Player-Data//16-DR-128/Inputs-DR-P3-0
Opening Player-Data//16-DR-128/Inputs-DR-P4-0
Opening Player-Data//16-DR-128/Inputs-DR-P5-0
Opening Player-Data//16-DR-128/Inputs-DR-P6-0
Opening Player-Data//16-DR-128/Inputs-DR-P7-0
Opening Player-Data//16-DR-128/Inputs-DR-P8-0
Opening Player-Data//16-DR-128/Inputs-DR-P9-0
Opening Player-Data//16-DR-128/Inputs-DR-P10-0
Opening Player-Data//16-DR-128/Inputs-DR-P11-0
Opening Player-Data//16-DR-128/Inputs-DR-P12-0
Opening Player-Data//16-DR-128/Inputs-DR-P13-0
Opening Player-Data//16-DR-128/Inputs-DR-P14-0
Opening Player-Data//16-DR-128/Inputs-DR-P15-0
Opening Player-Data//16-DR-128/Inputs-DR-P0-1
Opening Player-Data//16-DR-128/Inputs-DR-P1-1
Opening Player-Data//16-DR-128/Inputs-DR-P2-1
Opening Player-Data//16-DR-128/Inputs-DR-P3-1
Opening Player-Data//16-DR-128/Inputs-DR-P4-1
Opening Player-Data//16-DR-128/Inputs-DR-P5-1
Opening Player-Data//16-DR-128/Inputs-DR-P6-1
Opening Player-Data//16-DR-128/Inputs-DR-P7-1
Opening Player-Data//16-DR-128/Inputs-DR-P8-1
Opening Player-Data//16-DR-128/Inputs-DR-P9-1
Opening Player-Data//16-DR-128/Inputs-DR-P10-1
Opening Player-Data//16-DR-128/Inputs-DR-P11-1
Opening Player-Data//16-DR-128/Inputs-DR-P12-1
Opening Player-Data//16-DR-128/Inputs-DR-P13-1
Opening Player-Data//16-DR-128/Inputs-DR-P14-1
Opening Player-Data//16-DR-128/Inputs-DR-P15-1
Opening Player-Data//16-DR-128/Inputs-DR-P0-2
Opening Player-Data//16-DR-128/Inputs-DR-P1-2
Opening Player-Data//16-DR-128/Inputs-DR-P2-2
Opening Player-Data//16-DR-128/Inputs-DR-P3-2
Opening Player-Data//16-DR-128/Inputs-DR-P4-2
Opening Player-Data//16-DR-128/Inputs-DR-P5-2
Opening Player-Data//16-DR-128/Inputs-DR-P6-2
Opening Player-Data//16-DR-128/Inputs-DR-P7-2
Opening Player-Data//16-DR-128/Inputs-DR-P8-2
Opening Player-Data//16-DR-128/Inputs-DR-P9-2
Opening Player-Data//16-DR-128/Inputs-DR-P10-2
Opening Player-Data//16-DR-128/Inputs-DR-P11-2
Opening Player-Data//16-DR-128/Inputs-DR-P12-2
Opening Player-Data//16-DR-128/Inputs-DR-P13-2
Opening Player-Data//16-DR-128/Inputs-DR-P14-2
Opening Player-Data//16-DR-128/Inputs-DR-P15-2
Opening Player-Data//16-DR-128/Inputs-DR-P0-3
Opening Player-Data//16-DR-128/Inputs-DR-P1-3
Opening Player-Data//16-DR-128/Inputs-DR-P2-3
Opening Player-Data//16-DR-128/Inputs-DR-P3-3
Opening Player-Data//16-DR-128/Inputs-DR-P4-3
Opening Player-Data//16-DR-128/Inputs-DR-P5-3
Opening Player-Data//16-DR-128/Inputs-DR-P6-3
Opening Player-Data//16-DR-128/Inputs-DR-P7-3
Opening Player-Data//16-DR-128/Inputs-DR-P8-3
Opening Player-Data//16-DR-128/Inputs-DR-P9-3
Opening Player-Data//16-DR-128/Inputs-DR-P10-3
Opening Player-Data//16-DR-128/Inputs-DR-P11-3
Opening Player-Data//16-DR-128/Inputs-DR-P12-3
Opening Player-Data//16-DR-128/Inputs-DR-P13-3
Opening Player-Data//16-DR-128/Inputs-DR-P14-3
Opening Player-Data//16-DR-128/Inputs-DR-P15-3
Opening Player-Data//16-DR-128/Inputs-DR-P0-4
Opening Player-Data//16-DR-128/Inputs-DR-P1-4
Opening Player-Data//16-DR-128/Inputs-DR-P2-4
Opening Player-Data//16-DR-128/Inputs-DR-P3-4
Opening Player-Data//16-DR-128/Inputs-DR-P4-4
Opening Player-Data//16-DR-128/Inputs-DR-P5-4
Opening Player-Data//16-DR-128/Inputs-DR-P6-4
Opening Player-Data//16-DR-128/Inputs-DR-P7-4
Opening Player-Data//16-DR-128/Inputs-DR-P8-4
Opening Player-Data//16-DR-128/Inputs-DR-P9-4
Opening Player-Data//16-DR-128/Inputs-DR-P10-4
Opening Player-Data//16-DR-128/Inputs-DR-P11-4
Opening Player-Data//16-DR-128/Inputs-DR-P12-4
Opening Player-Data//16-DR-128/Inputs-DR-P13-4
Opening Player-Data//16-DR-128/Inputs-DR-P14-4
Opening Player-Data//16-DR-128/Inputs-DR-P15-4
Opening Player-Data//16-DR-128/Inputs-DR-P0-5
Opening Player-Data//16-DR-128/Inputs-DR-P1-5
Opening Player-Data//16-DR-128/Inputs-DR-P2-5
Opening Player-Data//16-DR-128/Inputs-DR-P3-5
Opening Player-Data//16-DR-128/Inputs-DR-P4-5
Opening Player-Data//16-DR-128/Inputs-DR-P5-5
Opening Player-Data//16-DR-128/Inputs-DR-P6-5
Opening Player-Data//16-DR-128/Inputs-DR-P7-5
Opening Player-Data//16-DR-128/Inputs-DR-P8-5
Opening Player-Data//16-DR-128/Inputs-DR-P9-5
Opening Player-Data//16-DR-128/Inputs-DR-P10-5
Opening Player-Data//16-DR-128/Inputs-DR-P11-5
Opening Player-Data//16-DR-128/Inputs-DR-P12-5
Opening Player-Data//16-DR-128/Inputs-DR-P13-5
Opening Player-Data//16-DR-128/Inputs-DR-P14-5
Opening Player-Data//16-DR-128/Inputs-DR-P15-5
Opening Player-Data//16-DR-128/Inputs-DR-P0-6
Opening Player-Data//16-DR-128/Inputs-DR-P1-6
Opening Player-Data//16-DR-128/Inputs-DR-P2-6
Opening Player-Data//16-DR-128/Inputs-DR-P3-6
Opening Player-Data//16-DR-128/Inputs-DR-P4-6
Opening Player-Data//16-DR-128/Inputs-DR-P5-6
Opening Player-Data//16-DR-128/Inputs-DR-P6-6
Opening Player-Data//16-DR-128/Inputs-DR-P7-6
Opening Player-Data//16-DR-128/Inputs-DR-P8-6
Opening Player-Data//16-DR-128/Inputs-DR-P9-6
Opening Player-Data//16-DR-128/Inputs-DR-P10-6
Opening Player-Data//16-DR-128/Inputs-DR-P11-6
Opening Player-Data//16-DR-128/Inputs-DR-P12-6
Opening Player-Data//16-DR-128/Inputs-DR-P13-6
Opening Player-Data//16-DR-128/Inputs-DR-P14-6
Opening Player-Data//16-DR-128/Inputs-DR-P15-6
Opening Player-Data//16-DR-128/Inputs-DR-P0-7
Opening Player-Data//16-DR-128/Inputs-DR-P1-7
Opening Player-Data//16-DR-128/Inputs-DR-P2-7
Opening Player-Data//16-DR-128/Inputs-DR-P3-7
Opening Player-Data//16-DR-128/Inputs-DR-P4-7
Opening Player-Data//16-DR-128/Inputs-DR-P5-7
Opening Player-Data//16-DR-128/Inputs-DR-P6-7
Opening Player-Data//16-DR-128/Inputs-DR-P7-7
Opening Player-Data//16-DR-128/Inputs-DR-P8-7
Opening Player-Data//16-DR-128/Inputs-DR-P9-7
Opening Player-Data//16-DR-128/Inputs-DR-P10-7
Opening Player-Data//16-DR-128/Inputs-DR-P11-7
Opening Player-Data//16-DR-128/Inputs-DR-P12-7
Opening Player-Data//16-DR-128/Inputs-DR-P13-7
Opening Player-Data//16-DR-128/Inputs-DR-P14-7
Opening Player-Data//16-DR-128/Inputs-DR-P15-7
Opening Player-Data//16-DR-128/Inputs-DR-P0-8
Opening Player-Data//16-DR-128/Inputs-DR-P1-8
Opening Player-Data//16-DR-128/Inputs-DR-P2-8
Opening Player-Data//16-DR-128/Inputs-DR-P3-8
Opening Player-Data//16-DR-128/Inputs-DR-P4-8
Opening Player-Data//16-DR-128/Inputs-DR-P5-8
Opening Player-Data//16-DR-128/Inputs-DR-P6-8
Opening Player-Data//16-DR-128/Inputs-DR-P7-8
Opening Player-Data//16-DR-128/Inputs-DR-P8-8
Opening Player-Data//16-DR-128/Inputs-DR-P9-8
Opening Player-Data//16-DR-128/Inputs-DR-P10-8
Opening Player-Data//16-DR-128/Inputs-DR-P11-8
Opening Player-Data//16-DR-128/Inputs-DR-P12-8
Opening Player-Data//16-DR-128/Inputs-DR-P13-8
Opening Player-Data//16-DR-128/Inputs-DR-P14-8
Opening Player-Data//16-DR-128/Inputs-DR-P15-8
Opening Player-Data//16-DR-128/Inputs-DR-P0-9
Opening Player-Data//16-DR-128/Inputs-DR-P1-9
Opening Player-Data//16-DR-128/Inputs-DR-P2-9
Opening Player-Data//16-DR-128/Inputs-DR-P3-9
Opening Player-Data//16-DR-128/Inputs-DR-P4-9
Opening Player-Data//16-DR-128/Inputs-DR-P5-9
Opening Player-Data//16-DR-128/Inputs-DR-P6-9
Opening Player-Data//16-DR-128/Inputs-DR-P7-9
Opening Player-Data//16-DR-128/Inputs-DR-P8-9
Opening Player-Data//16-DR-128/Inputs-DR-P9-9
Opening Player-Data//16-DR-128/Inputs-DR-P10-9
Opening Player-Data//16-DR-128/Inputs-DR-P11-9
Opening Player-Data//16-DR-128/Inputs-DR-P12-9
Opening Player-Data//16-DR-128/Inputs-DR-P13-9
Opening Player-Data//16-DR-128/Inputs-DR-P14-9
Opening Player-Data//16-DR-128/Inputs-DR-P15-9
Opening Player-Data//16-DR-128/Inputs-DR-P0-10
Opening Player-Data//16-DR-128/Inputs-DR-P1-10
Opening Player-Data//16-DR-128/Inputs-DR-P2-10
Opening Player-Data//16-DR-128/Inputs-DR-P3-10
Opening Player-Data//16-DR-128/Inputs-DR-P4-10
Opening Player-Data//16-DR-128/Inputs-DR-P5-10
Opening Player-Data//16-DR-128/Inputs-DR-P6-10
Opening Player-Data//16-DR-128/Inputs-DR-P7-10
Opening Player-Data//16-DR-128/Inputs-DR-P8-10
Opening Player-Data//16-DR-128/Inputs-DR-P9-10
Opening Player-Data//16-DR-128/Inputs-DR-P10-10
Opening Player-Data//16-DR-128/Inputs-DR-P11-10
Opening Player-Data//16-DR-128/Inputs-DR-P12-10
Opening Player-Data//16-DR-128/Inputs-DR-P13-10
Opening Player-Data//16-DR-128/Inputs-DR-P14-10
Opening Player-Data//16-DR-128/Inputs-DR-P15-10
Opening Player-Data//16-DR-128/Inputs-DR-P0-11
Opening Player-Data//16-DR-128/Inputs-DR-P1-11
Opening Player-Data//16-DR-128/Inputs-DR-P2-11
Opening Player-Data//16-DR-128/Inputs-DR-P3-11
Opening Player-Data//16-DR-128/Inputs-DR-P4-11
Opening Player-Data//16-DR-128/Inputs-DR-P5-11
Opening Player-Data//16-DR-128/Inputs-DR-P6-11
Opening Player-Data//16-DR-128/Inputs-DR-P7-11
Opening Player-Data//16-DR-128/Inputs-DR-P8-11
Opening Player-Data//16-DR-128/Inputs-DR-P9-11
Opening Player-Data//16-DR-128/Inputs-DR-P10-11
Opening Player-Data//16-DR-128/Inputs-DR-P11-11
Opening Player-Data//16-DR-128/Inputs-DR-P12-11
Opening Player-Data//16-DR-128/Inputs-DR-P13-11
Opening Player-Data//16-DR-128/Inputs-DR-P14-11
Opening Player-Data//16-DR-128/Inputs-DR-P15-11
Opening Player-Data//16-DR-128/Inputs-DR-P0-12
Opening Player-Data//16-DR-128/Inputs-DR-P1-12
Opening Player-Data//16-DR-128/Inputs-DR-P2-12
Opening Player-Data//16-DR-128/Inputs-DR-P3-12
Opening Player-Data//16-DR-128/Inputs-DR-P4-12
Opening Player-Data//16-DR-128/Inputs-DR-P5-12
Opening Player-Data//16-DR-128/Inputs-DR-P6-12
Opening Player-Data//16-DR-128/Inputs-DR-P7-12
Opening Player-Data//16-DR-128/Inputs-DR-P8-12
Opening Player-Data//16-DR-128/Inputs-DR-P9-12
Opening Player-Data//16-DR-128/Inputs-DR-P10-12
Opening Player-Data//16-DR-128/Inputs-DR-P11-12
Opening Player-Data//16-DR-128/Inputs-DR-P12-12
Opening Player-Data//16-DR-128/Inputs-DR-P13-12
Opening Player-Data//16-DR-128/Inputs-DR-P14-12
Opening Player-Data//16-DR-128/Inputs-DR-P15-12
Opening Player-Data//16-DR-128/Inputs-DR-P0-13
Opening Player-Data//16-DR-128/Inputs-DR-P1-13
Opening Player-Data//16-DR-128/Inputs-DR-P2-13
Opening Player-Data//16-DR-128/Inputs-DR-P3-13
Opening Player-Data//16-DR-128/Inputs-DR-P4-13
Opening Player-Data//16-DR-128/Inputs-DR-P5-13
Opening Player-Data//16-DR-128/Inputs-DR-P6-13
Opening Player-Data//16-DR-128/Inputs-DR-P7-13
Opening Player-Data//16-DR-128/Inputs-DR-P8-13
Opening Player-Data//16-DR-128/Inputs-DR-P9-13
Opening Player-Data//16-DR-128/Inputs-DR-P10-13
Opening Player-Data//16-DR-128/Inputs-DR-P11-13
Opening Player-Data//16-DR-128/Inputs-DR-P12-13
Opening Player-Data//16-DR-128/Inputs-DR-P13-13
Opening Player-Data//16-DR-128/Inputs-DR-P14-13
Opening Player-Data//16-DR-128/Inputs-DR-P15-13
Opening Player-Data//16-DR-128/Inputs-DR-P0-14
Opening Player-Data//16-DR-128/Inputs-DR-P1-14
Opening Player-Data//16-DR-128/Inputs-DR-P2-14
Opening Player-Data//16-DR-128/Inputs-DR-P3-14
Opening Player-Data//16-DR-128/Inputs-DR-P4-14
Opening Player-Data//16-DR-128/Inputs-DR-P5-14
Opening Player-Data//16-DR-128/Inputs-DR-P6-14
Opening Player-Data//16-DR-128/Inputs-DR-P7-14
Opening Player-Data//16-DR-128/Inputs-DR-P8-14
Opening Player-Data//16-DR-128/Inputs-DR-P9-14
Opening Player-Data//16-DR-128/Inputs-DR-P10-14
Opening Player-Data//16-DR-128/Inputs-DR-P11-14
Opening Player-Data//16-DR-128/Inputs-DR-P12-14
Opening Player-Data//16-DR-128/Inputs-DR-P13-14
Opening Player-Data//16-DR-128/Inputs-DR-P14-14
Opening Player-Data//16-DR-128/Inputs-DR-P15-14
Opening Player-Data//16-DR-128/Inputs-DR-P0-15
Opening Player-Data//16-DR-128/Inputs-DR-P1-15
Opening Player-Data//16-DR-128/Inputs-DR-P2-15
Opening Player-Data//16-DR-128/Inputs-DR-P3-15
Opening Player-Data//16-DR-128/Inputs-DR-P4-15
Opening Player-Data//16-DR-128/Inputs-DR-P5-15
Opening Player-Data//16-DR-128/Inputs-DR-P6-15
Opening Player-Data//16-DR-128/Inputs-DR-P7-15
Opening Player-Data//16-DR-128/Inputs-DR-P8-15
Opening Player-Data//16-DR-128/Inputs-DR-P9-15
Opening Player-Data//16-DR-128/Inputs-DR-P10-15
Opening Player-Data//16-DR-128/Inputs-DR-P11-15
Opening Player-Data//16-DR-128/Inputs-DR-P12-15
Opening Player-Data//16-DR-128/Inputs-DR-P13-15
Opening Player-Data//16-DR-128/Inputs-DR-P14-15
Opening Player-Data//16-DR-128/Inputs-DR-P15-15
Opening Player-Data//16-DR-128/Squares-DR-P0
Opening Player-Data//16-DR-128/Squares-DR-P1
Opening Player-Data//16-DR-128/Squares-DR-P2
Opening Player-Data//16-DR-128/Squares-DR-P3
Opening Player-Data//16-DR-128/Squares-DR-P4
Opening Player-Data//16-DR-128/Squares-DR-P5
Opening Player-Data//16-DR-128/Squares-DR-P6
Opening Player-Data//16-DR-128/Squares-DR-P7
Opening Player-Data//16-DR-128/Squares-DR-P8
Opening Player-Data//16-DR-128/Squares-DR-P9
Opening Player-Data//16-DR-128/Squares-DR-P10
Opening Player-Data//16-DR-128/Squares-DR-P11
Opening Player-Data//16-DR-128/Squares-DR-P12
Opening Player-Data//16-DR-128/Squares-DR-P13
Opening Player-Data//16-DR-128/Squares-DR-P14
Opening Player-Data//16-DR-128/Squares-DR-P15
Opening Player-Data//16-DR-128/daBits-DR-P0
Opening Player-Data//16-DR-128/daBits-DR-P1
Opening Player-Data//16-DR-128/daBits-DR-P2
Opening Player-Data//16-DR-128/daBits-DR-P3
Opening Player-Data//16-DR-128/daBits-DR-P4
Opening Player-Data//16-DR-128/daBits-DR-P5
Opening Player-Data//16-DR-128/daBits-DR-P6
Opening Player-Data//16-DR-128/daBits-DR-P7
Opening Player-Data//16-DR-128/daBits-DR-P8
Opening Player-Data//16-DR-128/daBits-DR-P9
Opening Player-Data//16-DR-128/daBits-DR-P10
Opening Player-Data//16-DR-128/daBits-DR-P11
Opening Player-Data//16-DR-128/daBits-DR-P12
Opening Player-Data//16-DR-128/daBits-DR-P13
Opening Player-Data//16-DR-128/daBits-DR-P14
Opening Player-Data//16-DR-128/daBits-DR-P15
Opening Player-Data//16-DDR-128/Triples-DDR-P0
Opening Player-Data//16-DDR-128/Triples-DDR-P1
Opening Player-Data//16-DDR-128/Triples-DDR-P2
Opening Player-Data//16-DDR-128/Triples-DDR-P3
Opening Player-Data//16-DDR-128/Triples-DDR-P4
Opening Player-Data//16-DDR-128/Triples-DDR-P5
Opening Player-Data//16-DDR-128/Triples-DDR-P6
Opening Player-Data//16-DDR-128/Triples-DDR-P7
Opening Player-Data//16-DDR-128/Triples-DDR-P8
Opening Player-Data//16-DDR-128/Triples-DDR-P9
Opening Player-Data//16-DDR-128/Triples-DDR-P10
Opening Player-Data//16-DDR-128/Triples-DDR-P11
Opening Player-Data//16-DDR-128/Triples-DDR-P12
Opening Player-Data//16-DDR-128/Triples-DDR-P13
Opening Player-Data//16-DDR-128/Triples-DDR-P14
Opening Player-Data//16-DDR-128/Triples-DDR-P15
Opening Player-Data//16-DDR-128/Bits-DDR-P0
Opening Player-Data//16-DDR-128/Bits-DDR-P1
Opening Player-Data//16-DDR-128/Bits-DDR-P2
Opening Player-Data//16-DDR-128/Bits-DDR-P3
Opening Player-Data//16-DDR-128/Bits-DDR-P4
Opening Player-Data//16-DDR-128/Bits-DDR-P5
Opening Player-Data//16-DDR-128/Bits-DDR-P6
Opening Player-Data//16-DDR-128/Bits-DDR-P7
Opening Player-Data//16-DDR-128/Bits-DDR-P8
Opening Player-Data//16-DDR-128/Bits-DDR-P9
Opening Player-Data//16-DDR-128/Bits-DDR-P10
Opening Player-Data//16-DDR-128/Bits-DDR-P11
Opening Player-Data//16-DDR-128/Bits-DDR-P12
Opening Player-Data//16-DDR-128/Bits-DDR-P13
Opening Player-Data//16-DDR-128/Bits-DDR-P14
Opening Player-Data//16-DDR-128/Bits-DDR-P15
Opening Player-Data//16-DDR-128/Inputs-DDR-P0-0
Opening Player-Data//16-DDR-128/Inputs-DDR-P1-0
Opening Player-Data//16-DDR-128/Inputs-DDR-P2-0
Opening Player-Data//16-DDR-128/Inputs-DDR-P3-0
Opening Player-Data//16-DDR-128/Inputs-DDR-P4-0
Opening Player-Data//16-DDR-128/Inputs-DDR-P5-0
Opening Player-Data//16-DDR-128/Inputs-DDR-P6-0
Opening Player-Data//16-DDR-128/Inputs-DDR-P7-0
Opening Player-Data//16-DDR-128/Inputs-DDR-P8-0
Opening Player-Data//16-DDR-128/Inputs-DDR-P9-0
Opening Player-Data//16-DDR-128/Inputs-DDR-P10-0
Opening Player-Data//16-DDR-128/Inputs-DDR-P11-0
Opening Player-Data//16-DDR-128/Inputs-DDR-P12-0
Opening Player-Data//16-DDR-128/Inputs-DDR-P13-0
Opening Player-Data//16-DDR-128/Inputs-DDR-P14-0
Opening Player-Data//16-DDR-128/Inputs-DDR-P15-0
Opening Player-Data//16-DDR-128/Inputs-DDR-P0-1
Opening Player-Data//16-DDR-128/Inputs-DDR-P1-1
Opening Player-Data//16-DDR-128/Inputs-DDR-P2-1
Opening Player-Data//16-DDR-128/Inputs-DDR-P3-1
Opening Player-Data//16-DDR-128/Inputs-DDR-P4-1
Opening Player-Data//16-DDR-128/Inputs-DDR-P5-1
Opening Player-Data//16-DDR-128/Inputs-DDR-P6-1
Opening Player-Data//16-DDR-128/Inputs-DDR-P7-1
Opening Player-Data//16-DDR-128/Inputs-DDR-P8-1
Opening Player-Data//16-DDR-128/Inputs-DDR-P9-1
Opening Player-Data//16-DDR-128/Inputs-DDR-P10-1
Opening Player-Data//16-DDR-128/Inputs-DDR-P11-1
Opening Player-Data//16-DDR-128/Inputs-DDR-P12-1
Opening Player-Data//16-DDR-128/Inputs-DDR-P13-1
Opening Player-Data//16-DDR-128/Inputs-DDR-P14-1
Opening Player-Data//16-DDR-128/Inputs-DDR-P15-1
Opening Player-Data//16-DDR-128/Inputs-DDR-P0-2
Opening Player-Data//16-DDR-128/Inputs-DDR-P1-2
Opening Player-Data//16-DDR-128/Inputs-DDR-P2-2
Opening Player-Data//16-DDR-128/Inputs-DDR-P3-2
Opening Player-Data//16-DDR-128/Inputs-DDR-P4-2
Opening Player-Data//16-DDR-128/Inputs-DDR-P5-2
Opening Player-Data//16-DDR-128/Inputs-DDR-P6-2
Opening Player-Data//16-DDR-128/Inputs-DDR-P7-2
Opening Player-Data//16-DDR-128/Inputs-DDR-P8-2
Opening Player-Data//16-DDR-128/Inputs-DDR-P9-2
Opening Player-Data//16-DDR-128/Inputs-DDR-P10-2
Opening Player-Data//16-DDR-128/Inputs-DDR-P11-2
Opening Player-Data//16-DDR-128/Inputs-DDR-P12-2
Opening Player-Data//16-DDR-128/Inputs-DDR-P13-2
Opening Player-Data//16-DDR-128/Inputs-DDR-P14-2
Opening Player-Data//16-DDR-128/Inputs-DDR-P15-2
Opening Player-Data//16-DDR-128/Inputs-DDR-P0-3
Opening Player-Data//16-DDR-128/Inputs-DDR-P1-3
Opening Player-Data//16-DDR-128/Inputs-DDR-P2-3
Opening Player-Data//16-DDR-128/Inputs-DDR-P3-3
Opening Player-Data//16-DDR-128/Inputs-DDR-P4-3
Opening Player-Data//16-DDR-128/Inputs-DDR-P5-3
Opening Player-Data//16-DDR-128/Inputs-DDR-P6-3
Opening Player-Data//16-DDR-128/Inputs-DDR-P7-3
Opening Player-Data//16-DDR-128/Inputs-DDR-P8-3
Opening Player-Data//16-DDR-128/Inputs-DDR-P9-3
Opening Player-Data//16-DDR-128/Inputs-DDR-P10-3
Opening Player-Data//16-DDR-128/Inputs-DDR-P11-3
Opening Player-Data//16-DDR-128/Inputs-DDR-P12-3
Opening Player-Data//16-DDR-128/Inputs-DDR-P13-3
Opening Player-Data//16-DDR-128/Inputs-DDR-P14-3
Opening Player-Data//16-DDR-128/Inputs-DDR-P15-3
Opening Player-Data//16-DDR-128/Inputs-DDR-P0-4
Opening Player-Data//16-DDR-128/Inputs-DDR-P1-4
Opening Player-Data//16-DDR-128/Inputs-DDR-P2-4
Opening Player-Data//16-DDR-128/Inputs-DDR-P3-4
Opening Player-Data//16-DDR-128/Inputs-DDR-P4-4
Opening Player-Data//16-DDR-128/Inputs-DDR-P5-4
Opening Player-Data//16-DDR-128/Inputs-DDR-P6-4
Opening Player-Data//16-DDR-128/Inputs-DDR-P7-4
Opening Player-Data//16-DDR-128/Inputs-DDR-P8-4
Opening Player-Data//16-DDR-128/Inputs-DDR-P9-4
Opening Player-Data//16-DDR-128/Inputs-DDR-P10-4
Opening Player-Data//16-DDR-128/Inputs-DDR-P11-4
Opening Player-Data//16-DDR-128/Inputs-DDR-P12-4
Opening Player-Data//16-DDR-128/Inputs-DDR-P13-4
Opening Player-Data//16-DDR-128/Inputs-DDR-P14-4
Opening Player-Data//16-DDR-128/Inputs-DDR-P15-4
Opening Player-Data//16-DDR-128/Inputs-DDR-P0-5
Opening Player-Data//16-DDR-128/Inputs-DDR-P1-5
Opening Player-Data//16-DDR-128/Inputs-DDR-P2-5
Opening Player-Data//16-DDR-128/Inputs-DDR-P3-5
Opening Player-Data//16-DDR-128/Inputs-DDR-P4-5
Opening Player-Data//16-DDR-128/Inputs-DDR-P5-5
Opening Player-Data//16-DDR-128/Inputs-DDR-P6-5
Opening Player-Data//16-DDR-128/Inputs-DDR-P7-5
Opening Player-Data//16-DDR-128/Inputs-DDR-P8-5
Opening Player-Data//16-DDR-128/Inputs-DDR-P9-5
Opening Player-Data//16-DDR-128/Inputs-DDR-P10-5
Opening Player-Data//16-DDR-128/Inputs-DDR-P11-5
Opening Player-Data//16-DDR-128/Inputs-DDR-P12-5
Opening Player-Data//16-DDR-128/Inputs-DDR-P13-5
Opening Player-Data//16-DDR-128/Inputs-DDR-P14-5
Opening Player-Data//16-DDR-128/Inputs-DDR-P15-5
Opening Player-Data//16-DDR-128/Inputs-DDR-P0-6
Opening Player-Data//16-DDR-128/Inputs-DDR-P1-6
Opening Player-Data//16-DDR-128/Inputs-DDR-P2-6
Opening Player-Data//16-DDR-128/Inputs-DDR-P3-6
Opening Player-Data//16-DDR-128/Inputs-DDR-P4-6
Opening Player-Data//16-DDR-128/Inputs-DDR-P5-6
Opening Player-Data//16-DDR-128/Inputs-DDR-P6-6
Opening Player-Data//16-DDR-128/Inputs-DDR-P7-6
Opening Player-Data//16-DDR-128/Inputs-DDR-P8-6
Opening Player-Data//16-DDR-128/Inputs-DDR-P9-6
Opening Player-Data//16-DDR-128/Inputs-DDR-P10-6
Opening Player-Data//16-DDR-128/Inputs-DDR-P11-6
Opening Player-Data//16-DDR-128/Inputs-DDR-P12-6
Opening Player-Data//16-DDR-128/Inputs-DDR-P13-6
Opening Player-Data//16-DDR-128/Inputs-DDR-P14-6
Opening Player-Data//16-DDR-128/Inputs-DDR-P15-6
Opening Player-Data//16-DDR-128/Inputs-DDR-P0-7
Opening Player-Data//16-DDR-128/Inputs-DDR-P1-7
Opening Player-Data//16-DDR-128/Inputs-DDR-P2-7
Opening Player-Data//16-DDR-128/Inputs-DDR-P3-7
Opening Player-Data//16-DDR-128/Inputs-DDR-P4-7
Opening Player-Data//16-DDR-128/Inputs-DDR-P5-7
Opening Player-Data//16-DDR-128/Inputs-DDR-P6-7
Opening Player-Data//16-DDR-128/Inputs-DDR-P7-7
Opening Player-Data//16-DDR-128/Inputs-DDR-P8-7
Opening Player-Data//16-DDR-128/Inputs-DDR-P9-7
Opening Player-Data//16-DDR-128/Inputs-DDR-P10-7
Opening Player-Data//16-DDR-128/Inputs-DDR-P11-7
Opening Player-Data//16-DDR-128/Inputs-DDR-P12-7
Opening Player-Data//16-DDR-128/Inputs-DDR-P13-7
Opening Player-Data//16-DDR-128/Inputs-DDR-P14-7
Opening Player-Data//16-DDR-128/Inputs-DDR-P15-7
Opening Player-Data//16-DDR-128/Inputs-DDR-P0-8
Opening Player-Data//16-DDR-128/Inputs-DDR-P1-8
Opening Player-Data//16-DDR-128/Inputs-DDR-P2-8
Opening Player-Data//16-DDR-128/Inputs-DDR-P3-8
Opening Player-Data//16-DDR-128/Inputs-DDR-P4-8
Opening Player-Data//16-DDR-128/Inputs-DDR-P5-8
Opening Player-Data//16-DDR-128/Inputs-DDR-P6-8
Opening Player-Data//16-DDR-128/Inputs-DDR-P7-8
Opening Player-Data//16-DDR-128/Inputs-DDR-P8-8
Opening Player-Data//16-DDR-128/Inputs-DDR-P9-8
Opening Player-Data//16-DDR-128/Inputs-DDR-P10-8
Opening Player-Data//16-DDR-128/Inputs-DDR-P11-8
Opening Player-Data//16-DDR-128/Inputs-DDR-P12-8
Opening Player-Data//16-DDR-128/Inputs-DDR-P13-8
Opening Player-Data//16-DDR-128/Inputs-DDR-P14-8
Opening Player-Data//16-DDR-128/Inputs-DDR-P15-8
Opening Player-Data//16-DDR-128/Inputs-DDR-P0-9
Opening Player-Data//16-DDR-128/Inputs-DDR-P1-9
Opening Player-Data//16-DDR-128/Inputs-DDR-P2-9
Opening Player-Data//16-DDR-128/Inputs-DDR-P3-9
Opening Player-Data//16-DDR-128/Inputs-DDR-P4-9
Opening Player-Data//16-DDR-128/Inputs-DDR-P5-9
Opening Player-Data//16-DDR-128/Inputs-DDR-P6-9
Opening Player-Data//16-DDR-128/Inputs-DDR-P7-9
Opening Player-Data//16-DDR-128/Inputs-DDR-P8-9
Opening Player-Data//16-DDR-128/Inputs-DDR-P9-9
Opening Player-Data//16-DDR-128/Inputs-DDR-P10-9
Opening Player-Data//16-DDR-128/Inputs-DDR-P11-9
Opening Player-Data//16-DDR-128/Inputs-DDR-P12-9
Opening Player-Data//16-DDR-128/Inputs-DDR-P13-9
Opening Player-Data//16-DDR-128/Inputs-DDR-P14-9
Opening Player-Data//16-DDR-128/Inputs-DDR-P15-9
Opening Player-Data//16-DDR-128/Inputs-DDR-P0-10
Opening Player-Data//16-DDR-128/Inputs-DDR-P1-10
Opening Player-Data//16-DDR-128/Inputs-DDR-P2-10
Opening Player-Data//16-DDR-128/Inputs-DDR-P3-10
Opening Player-Data//16-DDR-128/Inputs-DDR-P4-10
Opening Player-Data//16-DDR-128/Inputs-DDR-P5-10
Opening Player-Data//16-DDR-128/Inputs-DDR-P6-10
Opening Player-Data//16-DDR-128/Inputs-DDR-P7-10
Opening Player-Data//16-DDR-128/Inputs-DDR-P8-10
Opening Player-Data//16-DDR-128/Inputs-DDR-P9-10
Opening Player-Data//16-DDR-128/Inputs-DDR-P10-10
Opening Player-Data//16-DDR-128/Inputs-DDR-P11-10
Opening Player-Data//16-DDR-128/Inputs-DDR-P12-10
Opening Player-Data//16-DDR-128/Inputs-DDR-P13-10
Opening Player-Data//16-DDR-128/Inputs-DDR-P14-10
Opening Player-Data//16-DDR-128/Inputs-DDR-P15-10
Opening Player-Data//16-DDR-128/Inputs-DDR-P0-11
Opening Player-Data//16-DDR-128/Inputs-DDR-P1-11
Opening Player-Data//16-DDR-128/Inputs-DDR-P2-11
Opening Player-Data//16-DDR-128/Inputs-DDR-P3-11
Opening Player-Data//16-DDR-128/Inputs-DDR-P4-11
Opening Player-Data//16-DDR-128/Inputs-DDR-P5-11
Opening Player-Data//16-DDR-128/Inputs-DDR-P6-11
Opening Player-Data//16-DDR-128/Inputs-DDR-P7-11
Opening Player-Data//16-DDR-128/Inputs-DDR-P8-11
Opening Player-Data//16-DDR-128/Inputs-DDR-P9-11
Opening Player-Data//16-DDR-128/Inputs-DDR-P10-11
Opening Player-Data//16-DDR-128/Inputs-DDR-P11-11
Opening Player-Data//16-DDR-128/Inputs-DDR-P12-11
Opening Player-Data//16-DDR-128/Inputs-DDR-P13-11
Opening Player-Data//16-DDR-128/Inputs-DDR-P14-11
Opening Player-Data//16-DDR-128/Inputs-DDR-P15-11
Opening Player-Data//16-DDR-128/Inputs-DDR-P0-12
Opening Player-Data//16-DDR-128/Inputs-DDR-P1-12
Opening Player-Data//16-DDR-128/Inputs-DDR-P2-12
Opening Player-Data//16-DDR-128/Inputs-DDR-P3-12
Opening Player-Data//16-DDR-128/Inputs-DDR-P4-12
Opening Player-Data//16-DDR-128/Inputs-DDR-P5-12
Opening Player-Data//16-DDR-128/Inputs-DDR-P6-12
Opening Player-Data//16-DDR-128/Inputs-DDR-P7-12
Opening Player-Data//16-DDR-128/Inputs-DDR-P8-12
Opening Player-Data//16-DDR-128/Inputs-DDR-P9-12
Opening Player-Data//16-DDR-128/Inputs-DDR-P10-12
Opening Player-Data//16-DDR-128/Inputs-DDR-P11-12
Opening Player-Data//16-DDR-128/Inputs-DDR-P12-12
Opening Player-Data//16-DDR-128/Inputs-DDR-P13-12
Opening Player-Data//16-DDR-128/Inputs-DDR-P14-12
Opening Player-Data//16-DDR-128/Inputs-DDR-P15-12
Opening Player-Data//16-DDR-128/Inputs-DDR-P0-13
Opening Player-Data//16-DDR-128/Inputs-DDR-P1-13
Opening Player-Data//16-DDR-128/Inputs-DDR-P2-13
Opening Player-Data//16-DDR-128/Inputs-DDR-P3-13
Opening Player-Data//16-DDR-128/Inputs-DDR-P4-13
Opening Player-Data//16-DDR-128/Inputs-DDR-P5-13
Opening Player-Data//16-DDR-128/Inputs-DDR-P6-13
Opening Player-Data//16-DDR-128/Inputs-DDR-P7-13
Opening Player-Data//16-DDR-128/Inputs-DDR-P8-13
Opening Player-Data//16-DDR-128/Inputs-DDR-P9-13
Opening Player-Data//16-DDR-128/Inputs-DDR-P10-13
Opening Player-Data//16-DDR-128/Inputs-DDR-P11-13
Opening Player-Data//16-DDR-128/Inputs-DDR-P12-13
Opening Player-Data//16-DDR-128/Inputs-DDR-P13-13
Opening Player-Data//16-DDR-128/Inputs-DDR-P14-13
Opening Player-Data//16-DDR-128/Inputs-DDR-P15-13
Opening Player-Data//16-DDR-128/Inputs-DDR-P0-14
Opening Player-Data//16-DDR-128/Inputs-DDR-P1-14
Opening Player-Data//16-DDR-128/Inputs-DDR-P2-14
Opening Player-Data//16-DDR-128/Inputs-DDR-P3-14
Opening Player-Data//16-DDR-128/Inputs-DDR-P4-14
Opening Player-Data//16-DDR-128/Inputs-DDR-P5-14
Opening Player-Data//16-DDR-128/Inputs-DDR-P6-14
Opening Player-Data//16-DDR-128/Inputs-DDR-P7-14
Opening Player-Data//16-DDR-128/Inputs-DDR-P8-14
Opening Player-Data//16-DDR-128/Inputs-DDR-P9-14
Opening Player-Data//16-DDR-128/Inputs-DDR-P10-14
Opening Player-Data//16-DDR-128/Inputs-DDR-P11-14
Opening Player-Data//16-DDR-128/Inputs-DDR-P12-14
Opening Player-Data//16-DDR-128/Inputs-DDR-P13-14
Opening Player-Data//16-DDR-128/Inputs-DDR-P14-14
Opening Player-Data//16-DDR-128/Inputs-DDR-P15-14
Opening Player-Data//16-DDR-128/Inputs-DDR-P0-15
Opening Player-Data//16-DDR-128/Inputs-DDR-P1-15
Opening Player-Data//16-DDR-128/Inputs-DDR-P2-15
Opening Player-Data//16-DDR-128/Inputs-DDR-P3-15
Opening Player-Data//16-DDR-128/Inputs-DDR-P4-15
Opening Player-Data//16-DDR-128/Inputs-DDR-P5-15
Opening Player-Data//16-DDR-128/Inputs-DDR-P6-15
Opening Player-Data//16-DDR-128/Inputs-DDR-P7-15
Opening Player-Data//16-DDR-128/Inputs-DDR-P8-15
Opening Player-Data//16-DDR-128/Inputs-DDR-P9-15
Opening Player-Data//16-DDR-128/Inputs-DDR-P10-15
Opening Player-Data//16-DDR-128/Inputs-DDR-P11-15
Opening Player-Data//16-DDR-128/Inputs-DDR-P12-15
Opening Player-Data//16-DDR-128/Inputs-DDR-P13-15
Opening Player-Data//16-DDR-128/Inputs-DDR-P14-15
Opening Player-Data//16-DDR-128/Inputs-DDR-P15-15
Opening Player-Data//16-DDR-128/Squares-DDR-P0
Opening Player-Data//16-DDR-128/Squares-DDR-P1
Opening Player-Data//16-DDR-128/Squares-DDR-P2
Opening Player-Data//16-DDR-128/Squares-DDR-P3
Opening Player-Data//16-DDR-128/Squares-DDR-P4
Opening Player-Data//16-DDR-128/Squares-DDR-P5
Opening Player-Data//16-DDR-128/Squares-DDR-P6
Opening Player-Data//16-DDR-128/Squares-DDR-P7
Opening Player-Data//16-DDR-128/Squares-DDR-P8
Opening Player-Data//16-DDR-128/Squares-DDR-P9
Opening Player-Data//16-DDR-128/Squares-DDR-P10
Opening Player-Data//16-DDR-128/Squares-DDR-P11
Opening Player-Data//16-DDR-128/Squares-DDR-P12
Opening Player-Data//16-DDR-128/Squares-DDR-P13
Opening Player-Data//16-DDR-128/Squares-DDR-P14
Opening Player-Data//16-DDR-128/Squares-DDR-P15
Opening Player-Data//16-DDR-128/daBits-DDR-P0
Opening Player-Data//16-DDR-128/daBits-DDR-P1
Opening Player-Data//16-DDR-128/daBits-DDR-P2
Opening Player-Data//16-DDR-128/daBits-DDR-P3
Opening Player-Data//16-DDR-128/daBits-DDR-P4
Opening Player-Data//16-DDR-128/daBits-DDR-P5
Opening Player-Data//16-DDR-128/daBits-DDR-P6
Opening Player-Data//16-DDR-128/daBits-DDR-P7
Opening Player-Data//16-DDR-128/daBits-DDR-P8
Opening Player-Data//16-DDR-128/daBits-DDR-P9
Opening Player-Data//16-DDR-128/daBits-DDR-P10
Opening Player-Data//16-DDR-128/daBits-DDR-P11
Opening Player-Data//16-DDR-128/daBits-DDR-P12
Opening Player-Data//16-DDR-128/daBits-DDR-P13
Opening Player-Data//16-DDR-128/daBits-DDR-P14
Opening Player-Data//16-DDR-128/daBits-DDR-P15
