WARNING: insecure preprocessing
 Key 0: 5170065754576292351
 Key 1: 9560027091986434169
 Key 2: 16256135806544904457
 Key 3: 4028040129959616610
 Key 4: 15504154457723567656
 Key 5: 7741130066803308644
 Key 6: 14653334966130269625
 Key 7: 18289424902950887517
 Key 8: 11830643899141736767
 Key 9: 9471749686754460626
 Key 10: 825479139857169116
 Key 11: 1655520116714105321
 Key 12: 7602960509150423951
 Key 13: 13918891057466615388
 Key 14: 577273511525905561
 Key 15: 17718800382657523292
--------------
Final Key: 154803631479943221051
No MAC key share for player 0, generating a fresh ones
Written new MAC key share to Player-Data//16-2-128//Player-MAC-Keys-2-P0
 Key 0: 099d7dbdd59fd66059e3fed114f4dc20
Written new MAC key share to Player-Data//16-2-128//Player-MAC-Keys-2-P1
 Key 1: 743aa30c64294a2516dfd572a4437aea
Written new MAC key share to Player-Data//16-2-128//Player-MAC-Keys-2-P2
 Key 2: 44c028bce39b675b42d2dd9469d343dd
Written new MAC key share to Player-Data//16-2-128//Player-MAC-Keys-2-P3
 Key 3: 7e7d6f39b51267d99688e8da80b21418
Written new MAC key share to Player-Data//16-2-128//Player-MAC-Keys-2-P4
 Key 4: 5110a6d2aff2c9344316fde9fcc25f38
Written new MAC key share to Player-Data//16-2-128//Player-MAC-Keys-2-P5
 Key 5: caf9fb5d4bae7968ea5aa494a96c5b67
Written new MAC key share to Player-Data//16-2-128//Player-MAC-Keys-2-P6
 Key 6: 8c2f556a50e023c6c564b9a4e23ac855
Written new MAC key share to Player-Data//16-2-128//Player-MAC-Keys-2-P7
 Key 7: 67864036af45ec7e80f251e3e20e40cb
Written new MAC key share to Player-Data//16-2-128//Player-MAC-Keys-2-P8
 Key 8: 8006572a376bcc6162532f474fc4b497
Written new MAC key share to Player-Data//16-2-128//Player-MAC-Keys-2-P9
 Key 9: 012d2a749bb03fc090d3d1ed94a2b7cf
Written new MAC key share to Player-Data//16-2-128//Player-MAC-Keys-2-P10
 Key 10: 3fc3ec51562a399e0cd4ecf9e68f8658
Written new MAC key share to Player-Data//16-2-128//Player-MAC-Keys-2-P11
 Key 11: 5ae4da66d30bb5a4a857d67a0c1665c1
Written new MAC key share to Player-Data//16-2-128//Player-MAC-Keys-2-P12
 Key 12: 7976a87e9ddf52c443feb344f43a1e5f
Written new MAC key share to Player-Data//16-2-128//Player-MAC-Keys-2-P13
 Key 13: 368e42c125a324f60c5bd18c2f245674
Written new MAC key share to Player-Data//16-2-128//Player-MAC-Keys-2-P14
 Key 14: 8f37a681b54569f0407a80c9cb211a61
Written new MAC key share to Player-Data//16-2-128//Player-MAC-Keys-2-P15
 Key 15: 49347ee72ee4122b70b8de3119639bba
--------------
Final Key: 5aada857f6e191515ed857ce34ef54ff
Opening Player-Data//16-2-128/Triples-2-P0
Opening Player-Data//16-2-128/Triples-2-P1
Opening Player-Data//16-2-128/Triples-2-P2
Opening Player-Data//16-2-128/Triples-2-P3
Opening Player-Data//16-2-128/Triples-2-P4
Opening Player-Data//16-2-128/Triples-2-P5
Opening Player-Data//16-2-128/Triples-2-P6
Opening Player-Data//16-2-128/Triples-2-P7
Opening Player-Data//16-2-128/Triples-2-P8
Opening Player-Data//16-2-128/Triples-2-P9
Opening Player-Data//16-2-128/Triples-2-P10
Opening Player-Data//16-2-128/Triples-2-P11
Opening Player-Data//16-2-128/Triples-2-P12
Opening Player-Data//16-2-128/Triples-2-P13
Opening Player-Data//16-2-128/Triples-2-P14
Opening Player-Data//16-2-128/Triples-2-P15
Opening Player-Data//16-Z64,64-64/Triples-Z64,64-P0
Opening Player-Data//16-Z64,64-64/Triples-Z64,64-P1
Opening Player-Data//16-Z64,64-64/Triples-Z64,64-P2
Opening Player-Data//16-Z64,64-64/Triples-Z64,64-P3
Opening Player-Data//16-Z64,64-64/Triples-Z64,64-P4
Opening Player-Data//16-Z64,64-64/Triples-Z64,64-P5
Opening Player-Data//16-Z64,64-64/Triples-Z64,64-P6
Opening Player-Data//16-Z64,64-64/Triples-Z64,64-P7
Opening Player-Data//16-Z64,64-64/Triples-Z64,64-P8
Opening Player-Data//16-Z64,64-64/Triples-Z64,64-P9
Opening Player-Data//16-Z64,64-64/Triples-Z64,64-P10
Opening Player-Data//16-Z64,64-64/Triples-Z64,64-P11
Opening Player-Data//16-Z64,64-64/Triples-Z64,64-P12
Opening Player-Data//16-Z64,64-64/Triples-Z64,64-P13
Opening Player-Data//16-Z64,64-64/Triples-Z64,64-P14
Opening Player-Data//16-Z64,64-64/Triples-Z64,64-P15
Opening Player-Data//16-2-128/Bits-2-P0
Opening Player-Data//16-2-128/Bits-2-P1
Opening Player-Data//16-2-128/Bits-2-P2
Opening Player-Data//16-2-128/Bits-2-P3
Opening Player-Data//16-2-128/Bits-2-P4
Opening Player-Data//16-2-128/Bits-2-P5
Opening Player-Data//16-2-128/Bits-2-P6
Opening Player-Data//16-2-128/Bits-2-P7
Opening Player-Data//16-2-128/Bits-2-P8
Opening Player-Data//16-2-128/Bits-2-P9
Opening Player-Data//16-2-128/Bits-2-P10
Opening Player-Data//16-2-128/Bits-2-P11
Opening Player-Data//16-2-128/Bits-2-P12
Opening Player-Data//16-2-128/Bits-2-P13
Opening Player-Data//16-2-128/Bits-2-P14
Opening Player-Data//16-2-128/Bits-2-P15
Opening Player-Data//16-Z64,64-64/Bits-Z64,64-P0
Opening Player-Data//16-Z64,64-64/Bits-Z64,64-P1
Opening Player-Data//16-Z64,64-64/Bits-Z64,64-P2
Opening Player-Data//16-Z64,64-64/Bits-Z64,64-P3
Opening Player-Data//16-Z64,64-64/Bits-Z64,64-P4
Opening Player-Data//16-Z64,64-64/Bits-Z64,64-P5
Opening Player-Data//16-Z64,64-64/Bits-Z64,64-P6
Opening Player-Data//16-Z64,64-64/Bits-Z64,64-P7
Opening Player-Data//16-Z64,64-64/Bits-Z64,64-P8
Opening Player-Data//16-Z64,64-64/Bits-Z64,64-P9
Opening Player-Data//16-Z64,64-64/Bits-Z64,64-P10
Opening Player-Data//16-Z64,64-64/Bits-Z64,64-P11
Opening Player-Data//16-Z64,64-64/Bits-Z64,64-P12
Opening Player-Data//16-Z64,64-64/Bits-Z64,64-P13
Opening Player-Data//16-Z64,64-64/Bits-Z64,64-P14
Opening Player-Data//16-Z64,64-64/Bits-Z64,64-P15
Opening Player-Data//16-2-128/Squares-2-P0
Opening Player-Data//16-2-128/Squares-2-P1
Opening Player-Data//16-2-128/Squares-2-P2
Opening Player-Data//16-2-128/Squares-2-P3
Opening Player-Data//16-2-128/Squares-2-P4
Opening Player-Data//16-2-128/Squares-2-P5
Opening Player-Data//16-2-128/Squares-2-P6
Opening Player-Data//16-2-128/Squares-2-P7
Opening Player-Data//16-2-128/Squares-2-P8
Opening Player-Data//16-2-128/Squares-2-P9
Opening Player-Data//16-2-128/Squares-2-P10
Opening Player-Data//16-2-128/Squares-2-P11
Opening Player-Data//16-2-128/Squares-2-P12
Opening Player-Data//16-2-128/Squares-2-P13
Opening Player-Data//16-2-128/Squares-2-P14
Opening Player-Data//16-2-128/Squares-2-P15
Opening Player-Data//16-Z64,64-64/Squares-Z64,64-P0
Opening Player-Data//16-Z64,64-64/Squares-Z64,64-P1
Opening Player-Data//16-Z64,64-64/Squares-Z64,64-P2
Opening Player-Data//16-Z64,64-64/Squares-Z64,64-P3
Opening Player-Data//16-Z64,64-64/Squares-Z64,64-P4
Opening Player-Data//16-Z64,64-64/Squares-Z64,64-P5
Opening Player-Data//16-Z64,64-64/Squares-Z64,64-P6
Opening Player-Data//16-Z64,64-64/Squares-Z64,64-P7
Opening Player-Data//16-Z64,64-64/Squares-Z64,64-P8
Opening Player-Data//16-Z64,64-64/Squares-Z64,64-P9
Opening Player-Data//16-Z64,64-64/Squares-Z64,64-P10
Opening Player-Data//16-Z64,64-64/Squares-Z64,64-P11
Opening Player-Data//16-Z64,64-64/Squares-Z64,64-P12
Opening Player-Data//16-Z64,64-64/Squares-Z64,64-P13
Opening Player-Data//16-Z64,64-64/Squares-Z64,64-P14
Opening Player-Data//16-Z64,64-64/Squares-Z64,64-P15
Opening Player-Data//16-2-128/Inputs-2-P0-0
Opening Player-Data//16-2-128/Inputs-2-P1-0
Opening Player-Data//16-2-128/Inputs-2-P2-0
Opening Player-Data//16-2-128/Inputs-2-P3-0
Opening Player-Data//16-2-128/Inputs-2-P4-0
Opening Player-Data//16-2-128/Inputs-2-P5-0
Opening Player-Data//16-2-128/Inputs-2-P6-0
Opening Player-Data//16-2-128/Inputs-2-P7-0
Opening Player-Data//16-2-128/Inputs-2-P8-0
Opening Player-Data//16-2-128/Inputs-2-P9-0
Opening Player-Data//16-2-128/Inputs-2-P10-0
Opening Player-Data//16-2-128/Inputs-2-P11-0
Opening Player-Data//16-2-128/Inputs-2-P12-0
Opening Player-Data//16-2-128/Inputs-2-P13-0
Opening Player-Data//16-2-128/Inputs-2-P14-0
Opening Player-Data//16-2-128/Inputs-2-P15-0
Opening Player-Data//16-2-128/Inputs-2-P0-1
Opening Player-Data//16-2-128/Inputs-2-P1-1
Opening Player-Data//16-2-128/Inputs-2-P2-1
Opening Player-Data//16-2-128/Inputs-2-P3-1
Opening Player-Data//16-2-128/Inputs-2-P4-1
Opening Player-Data//16-2-128/Inputs-2-P5-1
Opening Player-Data//16-2-128/Inputs-2-P6-1
Opening Player-Data//16-2-128/Inputs-2-P7-1
Opening Player-Data//16-2-128/Inputs-2-P8-1
Opening Player-Data//16-2-128/Inputs-2-P9-1
Opening Player-Data//16-2-128/Inputs-2-P10-1
Opening Player-Data//16-2-128/Inputs-2-P11-1
Opening Player-Data//16-2-128/Inputs-2-P12-1
Opening Player-Data//16-2-128/Inputs-2-P13-1
Opening Player-Data//16-2-128/Inputs-2-P14-1
Opening Player-Data//16-2-128/Inputs-2-P15-1
Opening Player-Data//16-2-128/Inputs-2-P0-2
Opening Player-Data//16-2-128/Inputs-2-P1-2
Opening Player-Data//16-2-128/Inputs-2-P2-2
Opening Player-Data//16-2-128/Inputs-2-P3-2
Opening Player-Data//16-2-128/Inputs-2-P4-2
Opening Player-Data//16-2-128/Inputs-2-P5-2
Opening Player-Data//16-2-128/Inputs-2-P6-2
Opening Player-Data//16-2-128/Inputs-2-P7-2
Opening Player-Data//16-2-128/Inputs-2-P8-2
Opening Player-Data//16-2-128/Inputs-2-P9-2
Opening Player-Data//16-2-128/Inputs-2-P10-2
Opening Player-Data//16-2-128/Inputs-2-P11-2
Opening Player-Data//16-2-128/Inputs-2-P12-2
Opening Player-Data//16-2-128/Inputs-2-P13-2
Opening Player-Data//16-2-128/Inputs-2-P14-2
Opening Player-Data//16-2-128/Inputs-2-P15-2
Opening Player-Data//16-2-128/Inputs-2-P0-3
Opening Player-Data//16-2-128/Inputs-2-P1-3
Opening Player-Data//16-2-128/Inputs-2-P2-3
Opening Player-Data//16-2-128/Inputs-2-P3-3
Opening Player-Data//16-2-128/Inputs-2-P4-3
Opening Player-Data//16-2-128/Inputs-2-P5-3
Opening Player-Data//16-2-128/Inputs-2-P6-3
Opening Player-Data//16-2-128/Inputs-2-P7-3
Opening Player-Data//16-2-128/Inputs-2-P8-3
Opening Player-Data//16-2-128/Inputs-2-P9-3
Opening Player-Data//16-2-128/Inputs-2-P10-3
Opening Player-Data//16-2-128/Inputs-2-P11-3
Opening Player-Data//16-2-128/Inputs-2-P12-3
Opening Player-Data//16-2-128/Inputs-2-P13-3
Opening Player-Data//16-2-128/Inputs-2-P14-3
Opening Player-Data//16-2-128/Inputs-2-P15-3
Opening Player-Data//16-2-128/Inputs-2-P0-4
Opening Player-Data//16-2-128/Inputs-2-P1-4
Opening Player-Data//16-2-128/Inputs-2-P2-4
Opening Player-Data//16-2-128/Inputs-2-P3-4
Opening Player-Data//16-2-128/Inputs-2-P4-4
Opening Player-Data//16-2-128/Inputs-2-P5-4
Opening Player-Data//16-2-128/Inputs-2-P6-4
Opening Player-Data//16-2-128/Inputs-2-P7-4
Opening Player-Data//16-2-128/Inputs-2-P8-4
Opening Player-Data//16-2-128/Inputs-2-P9-4
Opening Player-Data//16-2-128/Inputs-2-P10-4
Opening Player-Data//16-2-128/Inputs-2-P11-4
Opening Player-Data//16-2-128/Inputs-2-P12-4
Opening Player-Data//16-2-128/Inputs-2-P13-4
Opening Player-Data//16-2-128/Inputs-2-P14-4
Opening Player-Data//16-2-128/Inputs-2-P15-4
Opening Player-Data//16-2-128/Inputs-2-P0-5
Opening Player-Data//16-2-128/Inputs-2-P1-5
Opening Player-Data//16-2-128/Inputs-2-P2-5
Opening Player-Data//16-2-128/Inputs-2-P3-5
Opening Player-Data//16-2-128/Inputs-2-P4-5
Opening Player-Data//16-2-128/Inputs-2-P5-5
Opening Player-Data//16-2-128/Inputs-2-P6-5
Opening Player-Data//16-2-128/Inputs-2-P7-5
Opening Player-Data//16-2-128/Inputs-2-P8-5
Opening Player-Data//16-2-128/Inputs-2-P9-5
Opening Player-Data//16-2-128/Inputs-2-P10-5
Opening Player-Data//16-2-128/Inputs-2-P11-5
Opening Player-Data//16-2-128/Inputs-2-P12-5
Opening Player-Data//16-2-128/Inputs-2-P13-5
Opening Player-Data//16-2-128/Inputs-2-P14-5
Opening Player-Data//16-2-128/Inputs-2-P15-5
Opening Player-Data//16-2-128/Inputs-2-P0-6
Opening Player-Data//16-2-128/Inputs-2-P1-6
Opening Player-Data//16-2-128/Inputs-2-P2-6
Opening Player-Data//16-2-128/Inputs-2-P3-6
Opening Player-Data//16-2-128/Inputs-2-P4-6
Opening Player-Data//16-2-128/Inputs-2-P5-6
Opening Player-Data//16-2-128/Inputs-2-P6-6
Opening Player-Data//16-2-128/Inputs-2-P7-6
Opening Player-Data//16-2-128/Inputs-2-P8-6
Opening Player-Data//16-2-128/Inputs-2-P9-6
Opening Player-Data//16-2-128/Inputs-2-P10-6
Opening Player-Data//16-2-128/Inputs-2-P11-6
Opening Player-Data//16-2-128/Inputs-2-P12-6
Opening Player-Data//16-2-128/Inputs-2-P13-6
Opening Player-Data//16-2-128/Inputs-2-P14-6
Opening Player-Data//16-2-128/Inputs-2-P15-6
Opening Player-Data//16-2-128/Inputs-2-P0-7
Opening Player-Data//16-2-128/Inputs-2-P1-7
Opening Player-Data//16-2-128/Inputs-2-P2-7
Opening Player-Data//16-2-128/Inputs-2-P3-7
Opening Player-Data//16-2-128/Inputs-2-P4-7
Opening Player-Data//16-2-128/Inputs-2-P5-7
Opening Player-Data//16-2-128/Inputs-2-P6-7
Opening Player-Data//16-2-128/Inputs-2-P7-7
Opening Player-Data//16-2-128/Inputs-2-P8-7
Opening Player-Data//16-2-128/Inputs-2-P9-7
Opening Player-Data//16-2-128/Inputs-2-P10-7
Opening Player-Data//16-2-128/Inputs-2-P11-7
Opening Player-Data//16-2-128/Inputs-2-P12-7
Opening Player-Data//16-2-128/Inputs-2-P13-7
Opening Player-Data//16-2-128/Inputs-2-P14-7
Opening Player-Data//16-2-128/Inputs-2-P15-7
Opening Player-Data//16-2-128/Inputs-2-P0-8
Opening Player-Data//16-2-128/Inputs-2-P1-8
Opening Player-Data//16-2-128/Inputs-2-P2-8
Opening Player-Data//16-2-128/Inputs-2-P3-8
Opening Player-Data//16-2-128/Inputs-2-P4-8
Opening Player-Data//16-2-128/Inputs-2-P5-8
Opening Player-Data//16-2-128/Inputs-2-P6-8
Opening Player-Data//16-2-128/Inputs-2-P7-8
Opening Player-Data//16-2-128/Inputs-2-P8-8
Opening Player-Data//16-2-128/Inputs-2-P9-8
Opening Player-Data//16-2-128/Inputs-2-P10-8
Opening Player-Data//16-2-128/Inputs-2-P11-8
Opening Player-Data//16-2-128/Inputs-2-P12-8
Opening Player-Data//16-2-128/Inputs-2-P13-8
Opening Player-Data//16-2-128/Inputs-2-P14-8
Opening Player-Data//16-2-128/Inputs-2-P15-8
Opening Player-Data//16-2-128/Inputs-2-P0-9
Opening Player-Data//16-2-128/Inputs-2-P1-9
Opening Player-Data//16-2-128/Inputs-2-P2-9
Opening Player-Data//16-2-128/Inputs-2-P3-9
Opening Player-Data//16-2-128/Inputs-2-P4-9
Opening Player-Data//16-2-128/Inputs-2-P5-9
Opening Player-Data//16-2-128/Inputs-2-P6-9
Opening Player-Data//16-2-128/Inputs-2-P7-9
Opening Player-Data//16-2-128/Inputs-2-P8-9
Opening Player-Data//16-2-128/Inputs-2-P9-9
Opening Player-Data//16-2-128/Inputs-2-P10-9
Opening Player-Data//16-2-128/Inputs-2-P11-9
Opening Player-Data//16-2-128/Inputs-2-P12-9
Opening Player-Data//16-2-128/Inputs-2-P13-9
Opening Player-Data//16-2-128/Inputs-2-P14-9
Opening Player-Data//16-2-128/Inputs-2-P15-9
Opening Player-Data//16-2-128/Inputs-2-P0-10
Opening Player-Data//16-2-128/Inputs-2-P1-10
Opening Player-Data//16-2-128/Inputs-2-P2-10
Opening Player-Data//16-2-128/Inputs-2-P3-10
Opening Player-Data//16-2-128/Inputs-2-P4-10
Opening Player-Data//16-2-128/Inputs-2-P5-10
Opening Player-Data//16-2-128/Inputs-2-P6-10
Opening Player-Data//16-2-128/Inputs-2-P7-10
Opening Player-Data//16-2-128/Inputs-2-P8-10
Opening Player-Data//16-2-128/Inputs-2-P9-10
Opening Player-Data//16-2-128/Inputs-2-P10-10
Opening Player-Data//16-2-128/Inputs-2-P11-10
Opening Player-Data//16-2-128/Inputs-2-P12-10
Opening Player-Data//16-2-128/Inputs-2-P13-10
Opening Player-Data//16-2-128/Inputs-2-P14-10
Opening Player-Data//16-2-128/Inputs-2-P15-10
Opening Player-Data//16-2-128/Inputs-2-P0-11
Opening Player-Data//16-2-128/Inputs-2-P1-11
Opening Player-Data//16-2-128/Inputs-2-P2-11
Opening Player-Data//16-2-128/Inputs-2-P3-11
Opening Player-Data//16-2-128/Inputs-2-P4-11
Opening Player-Data//16-2-128/Inputs-2-P5-11
Opening Player-Data//16-2-128/Inputs-2-P6-11
Opening Player-Data//16-2-128/Inputs-2-P7-11
Opening Player-Data//16-2-128/Inputs-2-P8-11
Opening Player-Data//16-2-128/Inputs-2-P9-11
Opening Player-Data//16-2-128/Inputs-2-P10-11
Opening Player-Data//16-2-128/Inputs-2-P11-11
Opening Player-Data//16-2-128/Inputs-2-P12-11
Opening Player-Data//16-2-128/Inputs-2-P13-11
Opening Player-Data//16-2-128/Inputs-2-P14-11
Opening Player-Data//16-2-128/Inputs-2-P15-11
Opening Player-Data//16-2-128/Inputs-2-P0-12
Opening Player-Data//16-2-128/Inputs-2-P1-12
Opening Player-Data//16-2-128/Inputs-2-P2-12
Opening Player-Data//16-2-128/Inputs-2-P3-12
Opening Player-Data//16-2-128/Inputs-2-P4-12
Opening Player-Data//16-2-128/Inputs-2-P5-12
Opening Player-Data//16-2-128/Inputs-2-P6-12
Opening Player-Data//16-2-128/Inputs-2-P7-12
Opening Player-Data//16-2-128/Inputs-2-P8-12
Opening Player-Data//16-2-128/Inputs-2-P9-12
Opening Player-Data//16-2-128/Inputs-2-P10-12
Opening Player-Data//16-2-128/Inputs-2-P11-12
Opening Player-Data//16-2-128/Inputs-2-P12-12
Opening Player-Data//16-2-128/Inputs-2-P13-12
Opening Player-Data//16-2-128/Inputs-2-P14-12
Opening Player-Data//16-2-128/Inputs-2-P15-12
Opening Player-Data//16-2-128/Inputs-2-P0-13
Opening Player-Data//16-2-128/Inputs-2-P1-13
Opening Player-Data//16-2-128/Inputs-2-P2-13
Opening Player-Data//16-2-128/Inputs-2-P3-13
Opening Player-Data//16-2-128/Inputs-2-P4-13
Opening Player-Data//16-2-128/Inputs-2-P5-13
Opening Player-Data//16-2-128/Inputs-2-P6-13
Opening Player-Data//16-2-128/Inputs-2-P7-13
Opening Player-Data//16-2-128/Inputs-2-P8-13
Opening Player-Data//16-2-128/Inputs-2-P9-13
Opening Player-Data//16-2-128/Inputs-2-P10-13
Opening Player-Data//16-2-128/Inputs-2-P11-13
Opening Player-Data//16-2-128/Inputs-2-P12-13
Opening Player-Data//16-2-128/Inputs-2-P13-13
Opening Player-Data//16-2-128/Inputs-2-P14-13
Opening Player-Data//16-2-128/Inputs-2-P15-13
Opening Player-Data//16-2-128/Inputs-2-P0-14
Opening Player-Data//16-2-128/Inputs-2-P1-14
Opening Player-Data//16-2-128/Inputs-2-P2-14
Opening Player-Data//16-2-128/Inputs-2-P3-14
Opening Player-Data//16-2-128/Inputs-2-P4-14
Opening Player-Data//16-2-128/Inputs-2-P5-14
Opening Player-Data//16-2-128/Inputs-2-P6-14
Opening Player-Data//16-2-128/Inputs-2-P7-14
Opening Player-Data//16-2-128/Inputs-2-P8-14
Opening Player-Data//16-2-128/Inputs-2-P9-14
Opening Player-Data//16-2-128/Inputs-2-P10-14
Opening Player-Data//16-2-128/Inputs-2-P11-14
Opening Player-Data//16-2-128/Inputs-2-P12-14
Opening Player-Data//16-2-128/Inputs-2-P13-14
Opening Player-Data//16-2-128/Inputs-2-P14-14
Opening Player-Data//16-2-128/Inputs-2-P15-14
Opening Player-Data//16-2-128/Inputs-2-P0-15
Opening Player-Data//16-2-128/Inputs-2-P1-15
Opening Player-Data//16-2-128/Inputs-2-P2-15
Opening Player-Data//16-2-128/Inputs-2-P3-15
Opening Player-Data//16-2-128/Inputs-2-P4-15
Opening Player-Data//16-2-128/Inputs-2-P5-15
Opening Player-Data//16-2-128/Inputs-2-P6-15
Opening Player-Data//16-2-128/Inputs-2-P7-15
Opening Player-Data//16-2-128/Inputs-2-P8-15
Opening Player-Data//16-2-128/Inputs-2-P9-15
Opening Player-Data//16-2-128/Inputs-2-P10-15
Opening Player-Data//16-2-128/Inputs-2-P11-15
Opening Player-Data//16-2-128/Inputs-2-P12-15
Opening Player-Data//16-2-128/Inputs-2-P13-15
Opening Player-Data//16-2-128/Inputs-2-P14-15
Opening Player-Data//16-2-128/Inputs-2-P15-15
Opening Player-Data//16-Z64,64-64/Inputs-Z64,64-P0-0
Opening Player-Data//16-Z64,64-64/Inputs-Z64,64-P1-0
Opening Player-Data//16-Z64,64-64/Inputs-Z64,64-P2-0
Opening Player-Data//16-Z64,64-64/Inputs-Z64,64-P3-0
Opening Player-Data//16-Z64,64-64/Inputs-Z64,64-P4-0
Opening Player-Data//16-Z64,64-64/Inputs-Z64,64-P5-0
Opening Player-Data//16-Z64,64-64/Inputs-Z64,64-P6-0
Opening Player-Data//16-Z64,64-64/Inputs-Z64,64-P7-0
Opening Player-Data//16-Z64,64-64/Inputs-Z64,64-P8-0
Opening Player-Data//16-Z64,64-64/Inputs-Z64,64-P9-0
Opening Player-Data//16-Z64,64-64/Inputs-Z64,64-P10-0
Opening Player-Data//16-Z64,64-64/Inputs-Z64,64-P11-0
Opening Player-Data//16-Z64,64-64/Inputs-Z64,64-P12-0
Opening Player-Data//16-Z64,64-64/Inputs-Z64,64-P13-0
Opening Player-Data//16-Z64,64-64/Inputs-Z64,64-P14-0
Opening Player-Data//16-Z64,64-64/Inputs-Z64,64-P15-0
Opening Player-Data//16-Z64,64-64/Inputs-Z64,64-P0-1
Opening Player-Data//16-Z64,64-64/Inputs-Z64,64-P1-1
Opening Player-Data//16-Z64,64-64/Inputs-Z64,64-P2-1
Opening Player-Data//16-Z64,64-64/Inputs-Z64,64-P3-1
Opening Player-Data//16-Z64,64-64/Inputs-Z64,64-P4-1
Opening Player-Data//16-Z64,64-64/Inputs-Z64,64-P5-1
Opening Player-Data//16-Z64,64-64/Inputs-Z64,64-P6-1
Opening Player-Data//16-Z64,64-64/Inputs-Z64,64-P7-1
Opening Player-Data//16-Z64,64-64/Inputs-Z64,64-P8-1
Opening Player-Data//16-Z64,64-64/Inputs-Z64,64-P9-1
Opening Player-Data//16-Z64,64-64/Inputs-Z64,64-P10-1
Opening Player-Data//16-Z64,64-64/Inputs-Z64,64-P11-1
Opening Player-Data//16-Z64,64-64/Inputs-Z64,64-P12-1
Opening Player-Data//16-Z64,64-64/Inputs-Z64,64-P13-1
Opening Player-Data//16-Z64,64-64/Inputs-Z64,64-P14-1
Opening Player-Data//16-Z64,64-64/Inputs-Z64,64-P15-1
Opening Player-Data//16-Z64,64-64/Inputs-Z64,64-P0-2
Opening Player-Data//16-Z64,64-64/Inputs-Z64,64-P1-2
Opening Player-Data//16-Z64,64-64/Inputs-Z64,64-P2-2
Opening Player-Data//16-Z64,64-64/Inputs-Z64,64-P3-2
Opening Player-Data//16-Z64,64-64/Inputs-Z64,64-P4-2
Opening Player-Data//16-Z64,64-64/Inputs-Z64,64-P5-2
Opening Player-Data//16-Z64,64-64/Inputs-Z64,64-P6-2
Opening Player-Data//16-Z64,64-64/Inputs-Z64,64-P7-2
Opening Player-Data//16-Z64,64-64/Inputs-Z64,64-P8-2
Opening Player-Data//16-Z64,64-64/Inputs-Z64,64-P9-2
Opening Player-Data//16-Z64,64-64/Inputs-Z64,64-P10-2
Opening Player-Data//16-Z64,64-64/Inputs-Z64,64-P11-2
Opening Player-Data//16-Z64,64-64/Inputs-Z64,64-P12-2
Opening Player-Data//16-Z64,64-64/Inputs-Z64,64-P13-2
Opening Player-Data//16-Z64,64-64/Inputs-Z64,64-P14-2
Opening Player-Data//16-Z64,64-64/Inputs-Z64,64-P15-2
Opening Player-Data//16-Z64,64-64/Inputs-Z64,64-P0-3
Opening Player-Data//16-Z64,64-64/Inputs-Z64,64-P1-3
Opening Player-Data//16-Z64,64-64/Inputs-Z64,64-P2-3
Opening Player-Data//16-Z64,64-64/Inputs-Z64,64-P3-3
Opening Player-Data//16-Z64,64-64/Inputs-Z64,64-P4-3
Opening Player-Data//16-Z64,64-64/Inputs-Z64,64-P5-3
Opening Player-Data//16-Z64,64-64/Inputs-Z64,64-P6-3
Opening Player-Data//16-Z64,64-64/Inputs-Z64,64-P7-3
Opening Player-Data//16-Z64,64-64/Inputs-Z64,64-P8-3
Opening Player-Data//16-Z64,64-64/Inputs-Z64,64-P9-3
Opening Player-Data//16-Z64,64-64/Inputs-Z64,64-P10-3
Opening Player-Data//16-Z64,64-64/Inputs-Z64,64-P11-3
Opening Player-Data//16-Z64,64-64/Inputs-Z64,64-P12-3
Opening Player-Data//16-Z64,64-64/Inputs-Z64,64-P13-3
Opening Player-Data//16-Z64,64-64/Inputs-Z64,64-P14-3
Opening Player-Data//16-Z64,64-64/Inputs-Z64,64-P15-3
Opening Player-Data//16-Z64,64-64/Inputs-Z64,64-P0-4
Opening Player-Data//16-Z64,64-64/Inputs-Z64,64-P1-4
Opening Player-Data//16-Z64,64-64/Inputs-Z64,64-P2-4
Opening Player-Data//16-Z64,64-64/Inputs-Z64,64-P3-4
Opening Player-Data//16-Z64,64-64/Inputs-Z64,64-P4-4
Opening Player-Data//16-Z64,64-64/Inputs-Z64,64-P5-4
Opening Player-Data//16-Z64,64-64/Inputs-Z64,64-P6-4
Opening Player-Data//16-Z64,64-64/Inputs-Z64,64-P7-4
Opening Player-Data//16-Z64,64-64/Inputs-Z64,64-P8-4
Opening Player-Data//16-Z64,64-64/Inputs-Z64,64-P9-4
Opening Player-Data//16-Z64,64-64/Inputs-Z64,64-P10-4
Opening Player-Data//16-Z64,64-64/Inputs-Z64,64-P11-4
Opening Player-Data//16-Z64,64-64/Inputs-Z64,64-P12-4
Opening Player-Data//16-Z64,64-64/Inputs-Z64,64-P13-4
Opening Player-Data//16-Z64,64-64/Inputs-Z64,64-P14-4
Opening Player-Data//16-Z64,64-64/Inputs-Z64,64-P15-4
Opening Player-Data//16-Z64,64-64/Inputs-Z64,64-P0-5
Opening Player-Data//16-Z64,64-64/Inputs-Z64,64-P1-5
Opening Player-Data//16-Z64,64-64/Inputs-Z64,64-P2-5
Opening Player-Data//16-Z64,64-64/Inputs-Z64,64-P3-5
Opening Player-Data//16-Z64,64-64/Inputs-Z64,64-P4-5
Opening Player-Data//16-Z64,64-64/Inputs-Z64,64-P5-5
Opening Player-Data//16-Z64,64-64/Inputs-Z64,64-P6-5
Opening Player-Data//16-Z64,64-64/Inputs-Z64,64-P7-5
Opening Player-Data//16-Z64,64-64/Inputs-Z64,64-P8-5
Opening Player-Data//16-Z64,64-64/Inputs-Z64,64-P9-5
Opening Player-Data//16-Z64,64-64/Inputs-Z64,64-P10-5
Opening Player-Data//16-Z64,64-64/Inputs-Z64,64-P11-5
Opening Player-Data//16-Z64,64-64/Inputs-Z64,64-P12-5
Opening Player-Data//16-Z64,64-64/Inputs-Z64,64-P13-5
Opening Player-Data//16-Z64,64-64/Inputs-Z64,64-P14-5
Opening Player-Data//16-Z64,64-64/Inputs-Z64,64-P15-5
Opening Player-Data//16-Z64,64-64/Inputs-Z64,64-P0-6
Opening Player-Data//16-Z64,64-64/Inputs-Z64,64-P1-6
Opening Player-Data//16-Z64,64-64/Inputs-Z64,64-P2-6
Opening Player-Data//16-Z64,64-64/Inputs-Z64,64-P3-6
Opening Player-Data//16-Z64,64-64/Inputs-Z64,64-P4-6
Opening Player-Data//16-Z64,64-64/Inputs-Z64,64-P5-6
Opening Player-Data//16-Z64,64-64/Inputs-Z64,64-P6-6
Opening Player-Data//16-Z64,64-64/Inputs-Z64,64-P7-6
Opening Player-Data//16-Z64,64-64/Inputs-Z64,64-P8-6
Opening Player-Data//16-Z64,64-64/Inputs-Z64,64-P9-6
Opening Player-Data//16-Z64,64-64/Inputs-Z64,64-P10-6
Opening Player-Data//16-Z64,64-64/Inputs-Z64,64-P11-6
Opening Player-Data//16-Z64,64-64/Inputs-Z64,64-P12-6
Opening Player-Data//16-Z64,64-64/Inputs-Z64,64-P13-6
Opening Player-Data//16-Z64,64-64/Inputs-Z64,64-P14-6
Opening Player-Data//16-Z64,64-64/Inputs-Z64,64-P15-6
Opening Player-Data//16-Z64,64-64/Inputs-Z64,64-P0-7
Opening Player-Data//16-Z64,64-64/Inputs-Z64,64-P1-7
Opening Player-Data//16-Z64,64-64/Inputs-Z64,64-P2-7
Opening Player-Data//16-Z64,64-64/Inputs-Z64,64-P3-7
Opening Player-Data//16-Z64,64-64/Inputs-Z64,64-P4-7
Opening Player-Data//16-Z64,64-64/Inputs-Z64,64-P5-7
Opening Player-Data//16-Z64,64-64/Inputs-Z64,64-P6-7
Opening Player-Data//16-Z64,64-64/Inputs-Z64,64-P7-7
Opening Player-Data//16-Z64,64-64/Inputs-Z64,64-P8-7
Opening Player-Data//16-Z64,64-64/Inputs-Z64,64-P9-7
Opening Player-Data//16-Z64,64-64/Inputs-Z64,64-P10-7
Opening Player-Data//16-Z64,64-64/Inputs-Z64,64-P11-7
Opening Player-Data//16-Z64,64-64/Inputs-Z64,64-P12-7
Opening Player-Data//16-Z64,64-64/Inputs-Z64,64-P13-7
Opening Player-Data//16-Z64,64-64/Inputs-Z64,64-P14-7
Opening Player-Data//16-Z64,64-64/Inputs-Z64,64-P15-7
Opening Player-Data//16-Z64,64-64/Inputs-Z64,64-P0-8
Opening Player-Data//16-Z64,64-64/Inputs-Z64,64-P1-8
Opening Player-Data//16-Z64,64-64/Inputs-Z64,64-P2-8
Opening Player-Data//16-Z64,64-64/Inputs-Z64,64-P3-8
Opening Player-Data//16-Z64,64-64/Inputs-Z64,64-P4-8
Opening Player-Data//16-Z64,64-64/Inputs-Z64,64-P5-8
Opening Player-Data//16-Z64,64-64/Inputs-Z64,64-P6-8
Opening Player-Data//16-Z64,64-64/Inputs-Z64,64-P7-8
Opening Player-Data//16-Z64,64-64/Inputs-Z64,64-P8-8
Opening Player-Data//16-Z64,64-64/Inputs-Z64,64-P9-8
Opening Player-Data//16-Z64,64-64/Inputs-Z64,64-P10-8
Opening Player-Data//16-Z64,64-64/Inputs-Z64,64-P11-8
Opening Player-Data//16-Z64,64-64/Inputs-Z64,64-P12-8
Opening Player-Data//16-Z64,64-64/Inputs-Z64,64-P13-8
Opening Player-Data//16-Z64,64-64/Inputs-Z64,64-P14-8
Opening Player-Data//16-Z64,64-64/Inputs-Z64,64-P15-8
Opening Player-Data//16-Z64,64-64/Inputs-Z64,64-P0-9
Opening Player-Data//16-Z64,64-64/Inputs-Z64,64-P1-9
Opening Player-Data//16-Z64,64-64/Inputs-Z64,64-P2-9
Opening Player-Data//16-Z64,64-64/Inputs-Z64,64-P3-9
Opening Player-Data//16-Z64,64-64/Inputs-Z64,64-P4-9
Opening Player-Data//16-Z64,64-64/Inputs-Z64,64-P5-9
Opening Player-Data//16-Z64,64-64/Inputs-Z64,64-P6-9
Opening Player-Data//16-Z64,64-64/Inputs-Z64,64-P7-9
Opening Player-Data//16-Z64,64-64/Inputs-Z64,64-P8-9
Opening Player-Data//16-Z64,64-64/Inputs-Z64,64-P9-9
Opening Player-Data//16-Z64,64-64/Inputs-Z64,64-P10-9
Opening Player-Data//16-Z64,64-64/Inputs-Z64,64-P11-9
Opening Player-Data//16-Z64,64-64/Inputs-Z64,64-P12-9
Opening Player-Data//16-Z64,64-64/Inputs-Z64,64-P13-9
Opening Player-Data//16-Z64,64-64/Inputs-Z64,64-P14-9
Opening Player-Data//16-Z64,64-64/Inputs-Z64,64-P15-9
Opening Player-Data//16-Z64,64-64/Inputs-Z64,64-P0-10
Opening Player-Data//16-Z64,64-64/Inputs-Z64,64-P1-10
Opening Player-Data//16-Z64,64-64/Inputs-Z64,64-P2-10
Opening Player-Data//16-Z64,64-64/Inputs-Z64,64-P3-10
Opening Player-Data//16-Z64,64-64/Inputs-Z64,64-P4-10
Opening Player-Data//16-Z64,64-64/Inputs-Z64,64-P5-10
Opening Player-Data//16-Z64,64-64/Inputs-Z64,64-P6-10
Opening Player-Data//16-Z64,64-64/Inputs-Z64,64-P7-10
Opening Player-Data//16-Z64,64-64/Inputs-Z64,64-P8-10
Opening Player-Data//16-Z64,64-64/Inputs-Z64,64-P9-10
Opening Player-Data//16-Z64,64-64/Inputs-Z64,64-P10-10
Opening Player-Data//16-Z64,64-64/Inputs-Z64,64-P11-10
Opening Player-Data//16-Z64,64-64/Inputs-Z64,64-P12-10
Opening Player-Data//16-Z64,64-64/Inputs-Z64,64-P13-10
Opening Player-Data//16-Z64,64-64/Inputs-Z64,64-P14-10
Opening Player-Data//16-Z64,64-64/Inputs-Z64,64-P15-10
Opening Player-Data//16-Z64,64-64/Inputs-Z64,64-P0-11
Opening Player-Data//16-Z64,64-64/Inputs-Z64,64-P1-11
Opening Player-Data//16-Z64,64-64/Inputs-Z64,64-P2-11
Opening Player-Data//16-Z64,64-64/Inputs-Z64,64-P3-11
Opening Player-Data//16-Z64,64-64/Inputs-Z64,64-P4-11
Opening Player-Data//16-Z64,64-64/Inputs-Z64,64-P5-11
Opening Player-Data//16-Z64,64-64/Inputs-Z64,64-P6-11
Opening Player-Data//16-Z64,64-64/Inputs-Z64,64-P7-11
Opening Player-Data//16-Z64,64-64/Inputs-Z64,64-P8-11
Opening Player-Data//16-Z64,64-64/Inputs-Z64,64-P9-11
Opening Player-Data//16-Z64,64-64/Inputs-Z64,64-P10-11
Opening Player-Data//16-Z64,64-64/Inputs-Z64,64-P11-11
Opening Player-Data//16-Z64,64-64/Inputs-Z64,64-P12-11
Opening Player-Data//16-Z64,64-64/Inputs-Z64,64-P13-11
Opening Player-Data//16-Z64,64-64/Inputs-Z64,64-P14-11
Opening Player-Data//16-Z64,64-64/Inputs-Z64,64-P15-11
Opening Player-Data//16-Z64,64-64/Inputs-Z64,64-P0-12
Opening Player-Data//16-Z64,64-64/Inputs-Z64,64-P1-12
Opening Player-Data//16-Z64,64-64/Inputs-Z64,64-P2-12
Opening Player-Data//16-Z64,64-64/Inputs-Z64,64-P3-12
Opening Player-Data//16-Z64,64-64/Inputs-Z64,64-P4-12
Opening Player-Data//16-Z64,64-64/Inputs-Z64,64-P5-12
Opening Player-Data//16-Z64,64-64/Inputs-Z64,64-P6-12
Opening Player-Data//16-Z64,64-64/Inputs-Z64,64-P7-12
Opening Player-Data//16-Z64,64-64/Inputs-Z64,64-P8-12
Opening Player-Data//16-Z64,64-64/Inputs-Z64,64-P9-12
Opening Player-Data//16-Z64,64-64/Inputs-Z64,64-P10-12
Opening Player-Data//16-Z64,64-64/Inputs-Z64,64-P11-12
Opening Player-Data//16-Z64,64-64/Inputs-Z64,64-P12-12
Opening Player-Data//16-Z64,64-64/Inputs-Z64,64-P13-12
Opening Player-Data//16-Z64,64-64/Inputs-Z64,64-P14-12
Opening Player-Data//16-Z64,64-64/Inputs-Z64,64-P15-12
Opening Player-Data//16-Z64,64-64/Inputs-Z64,64-P0-13
Opening Player-Data//16-Z64,64-64/Inputs-Z64,64-P1-13
Opening Player-Data//16-Z64,64-64/Inputs-Z64,64-P2-13
Opening Player-Data//16-Z64,64-64/Inputs-Z64,64-P3-13
Opening Player-Data//16-Z64,64-64/Inputs-Z64,64-P4-13
Opening Player-Data//16-Z64,64-64/Inputs-Z64,64-P5-13
Opening Player-Data//16-Z64,64-64/Inputs-Z64,64-P6-13
Opening Player-Data//16-Z64,64-64/Inputs-Z64,64-P7-13
Opening Player-Data//16-Z64,64-64/Inputs-Z64,64-P8-13
Opening Player-Data//16-Z64,64-64/Inputs-Z64,64-P9-13
Opening Player-Data//16-Z64,64-64/Inputs-Z64,64-P10-13
Opening Player-Data//16-Z64,64-64/Inputs-Z64,64-P11-13
Opening Player-Data//16-Z64,64-64/Inputs-Z64,64-P12-13
Opening Player-Data//16-Z64,64-64/Inputs-Z64,64-P13-13
Opening Player-Data//16-Z64,64-64/Inputs-Z64,64-P14-13
Opening Player-Data//16-Z64,64-64/Inputs-Z64,64-P15-13
Opening Player-Data//16-Z64,64-64/Inputs-Z64,64-P0-14
Opening Player-Data//16-Z64,64-64/Inputs-Z64,64-P1-14
Opening Player-Data//16-Z64,64-64/Inputs-Z64,64-P2-14
Opening Player-Data//16-Z64,64-64/Inputs-Z64,64-P3-14
Opening Player-Data//16-Z64,64-64/Inputs-Z64,64-P4-14
Opening Player-Data//16-Z64,64-64/Inputs-Z64,64-P5-14
Opening Player-Data//16-Z64,64-64/Inputs-Z64,64-P6-14
Opening Player-Data//16-Z64,64-64/Inputs-Z64,64-P7-14
Opening Player-Data//16-Z64,64-64/Inputs-Z64,64-P8-14
Opening Player-Data//16-Z64,64-64/Inputs-Z64,64-P9-14
Opening Player-Data//16-Z64,64-64/Inputs-Z64,64-P10-14
Opening Player-Data//16-Z64,64-64/Inputs-Z64,64-P11-14
Opening Player-Data//16-Z64,64-64/Inputs-Z64,64-P12-14
Opening Player-Data//16-Z64,64-64/Inputs-Z64,64-P13-14
Opening Player-Data//16-Z64,64-64/Inputs-Z64,64-P14-14
Opening Player-Data//16-Z64,64-64/Inputs-Z64,64-P15-14
Opening Player-Data//16-Z64,64-64/Inputs-Z64,64-P0-15
Opening Player-Data//16-Z64,64-64/Inputs-Z64,64-P1-15
Opening Player-Data//16-Z64,64-64/Inputs-Z64,64-P2-15
Opening Player-Data//16-Z64,64-64/Inputs-Z64,64-P3-15
Opening Player-Data//16-Z64,64-64/Inputs-Z64,64-P4-15
Opening Player-Data//16-Z64,64-64/Inputs-Z64,64-P5-15
Opening Player-Data//16-Z64,64-64/Inputs-Z64,64-P6-15
Opening Player-Data//16-Z64,64-64/Inputs-Z64,64-P7-15
Opening Player-Data//16-Z64,64-64/Inputs-Z64,64-P8-15
Opening Player-Data//16-Z64,64-64/Inputs-Z64,64-P9-15
Opening Player-Data//16-Z64,64-64/Inputs-Z64,64-P10-15
Opening Player-Data//16-Z64,64-64/Inputs-Z64,64-P11-15
Opening Player-Data//16-Z64,64-64/Inputs-Z64,64-P12-15
Opening Player-Data//16-Z64,64-64/Inputs-Z64,64-P13-15
Opening Player-Data//16-Z64,64-64/Inputs-Z64,64-P14-15
Opening Player-Data//16-Z64,64-64/Inputs-Z64,64-P15-15
Opening Player-Data//16-2-128/Inverses-2-P0
Opening Player-Data//16-2-128/Inverses-2-P1
Opening Player-Data//16-2-128/Inverses-2-P2
Opening Player-Data//16-2-128/Inverses-2-P3
Opening Player-Data//16-2-128/Inverses-2-P4
Opening Player-Data//16-2-128/Inverses-2-P5
Opening Player-Data//16-2-128/Inverses-2-P6
Opening Player-Data//16-2-128/Inverses-2-P7
Opening Player-Data//16-2-128/Inverses-2-P8
Opening Player-Data//16-2-128/Inverses-2-P9
Opening Player-Data//16-2-128/Inverses-2-P10
Opening Player-Data//16-2-128/Inverses-2-P11
Opening Player-Data//16-2-128/Inverses-2-P12
Opening Player-Data//16-2-128/Inverses-2-P13
Opening Player-Data//16-2-128/Inverses-2-P14
Opening Player-Data//16-2-128/Inverses-2-P15
Opening Player-Data//16-DDB-64/Triples-DDB-P0
Opening Player-Data//16-DDB-64/Triples-DDB-P1
Opening Player-Data//16-DDB-64/Triples-DDB-P2
Opening Player-Data//16-DDB-64/Triples-DDB-P3
Opening Player-Data//16-DDB-64/Triples-DDB-P4
Opening Player-Data//16-DDB-64/Triples-DDB-P5
Opening Player-Data//16-DDB-64/Triples-DDB-P6
Opening Player-Data//16-DDB-64/Triples-DDB-P7
Opening Player-Data//16-DDB-64/Triples-DDB-P8
Opening Player-Data//16-DDB-64/Triples-DDB-P9
Opening Player-Data//16-DDB-64/Triples-DDB-P10
Opening Player-Data//16-DDB-64/Triples-DDB-P11
Opening Player-Data//16-DDB-64/Triples-DDB-P12
Opening Player-Data//16-DDB-64/Triples-DDB-P13
Opening Player-Data//16-DDB-64/Triples-DDB-P14
Opening Player-Data//16-DDB-64/Triples-DDB-P15
Opening Player-Data//16-DDB-64/Bits-DDB-P0
Opening Player-Data//16-DDB-64/Bits-DDB-P1
Opening Player-Data//16-DDB-64/Bits-DDB-P2
Opening Player-Data//16-DDB-64/Bits-DDB-P3
Opening Player-Data//16-DDB-64/Bits-DDB-P4
Opening Player-Data//16-DDB-64/Bits-DDB-P5
Opening Player-Data//16-DDB-64/Bits-DDB-P6
Opening Player-Data//16-DDB-64/Bits-DDB-P7
Opening Player-Data//16-DDB-64/Bits-DDB-P8
Opening Player-Data//16-DDB-64/Bits-DDB-P9
Opening Player-Data//16-DDB-64/Bits-DDB-P10
Opening Player-Data//16-DDB-64/Bits-DDB-P11
Opening Player-Data//16-DDB-64/Bits-DDB-P12
Opening Player-Data//16-DDB-64/Bits-DDB-P13
Opening Player-Data//16-DDB-64/Bits-DDB-P14
Opening Player-Data//16-DDB-64/Bits-DDB-P15
Opening Player-Data//16-DDB-64/Inputs-DDB-P0-0
Opening Player-Data//16-DDB-64/Inputs-DDB-P1-0
Opening Player-Data//16-DDB-64/Inputs-DDB-P2-0
Opening Player-Data//16-DDB-64/Inputs-DDB-P3-0
Opening Player-Data//16-DDB-64/Inputs-DDB-P4-0
Opening Player-Data//16-DDB-64/Inputs-DDB-P5-0
Opening Player-Data//16-DDB-64/Inputs-DDB-P6-0
Opening Player-Data//16-DDB-64/Inputs-DDB-P7-0
Opening Player-Data//16-DDB-64/Inputs-DDB-P8-0
Opening Player-Data//16-DDB-64/Inputs-DDB-P9-0
Opening Player-Data//16-DDB-64/Inputs-DDB-P10-0
Opening Player-Data//16-DDB-64/Inputs-DDB-P11-0
Opening Player-Data//16-DDB-64/Inputs-DDB-P12-0
Opening Player-Data//16-DDB-64/Inputs-DDB-P13-0
Opening Player-Data//16-DDB-64/Inputs-DDB-P14-0
Opening Player-Data//16-DDB-64/Inputs-DDB-P15-0
Opening Player-Data//16-DDB-64/Inputs-DDB-P0-1
Opening Player-Data//16-DDB-64/Inputs-DDB-P1-1
Opening Player-Data//16-DDB-64/Inputs-DDB-P2-1
Opening Player-Data//16-DDB-64/Inputs-DDB-P3-1
Opening Player-Data//16-DDB-64/Inputs-DDB-P4-1
Opening Player-Data//16-DDB-64/Inputs-DDB-P5-1
Opening Player-Data//16-DDB-64/Inputs-DDB-P6-1
Opening Player-Data//16-DDB-64/Inputs-DDB-P7-1
Opening Player-Data//16-DDB-64/Inputs-DDB-P8-1
Opening Player-Data//16-DDB-64/Inputs-DDB-P9-1
Opening Player-Data//16-DDB-64/Inputs-DDB-P10-1
Opening Player-Data//16-DDB-64/Inputs-DDB-P11-1
Opening Player-Data//16-DDB-64/Inputs-DDB-P12-1
Opening Player-Data//16-DDB-64/Inputs-DDB-P13-1
Opening Player-Data//16-DDB-64/Inputs-DDB-P14-1
Opening Player-Data//16-DDB-64/Inputs-DDB-P15-1
Opening Player-Data//16-DDB-64/Inputs-DDB-P0-2
Opening Player-Data//16-DDB-64/Inputs-DDB-P1-2
Opening Player-Data//16-DDB-64/Inputs-DDB-P2-2
Opening Player-Data//16-DDB-64/Inputs-DDB-P3-2
Opening Player-Data//16-DDB-64/Inputs-DDB-P4-2
Opening Player-Data//16-DDB-64/Inputs-DDB-P5-2
Opening Player-Data//16-DDB-64/Inputs-DDB-P6-2
Opening Player-Data//16-DDB-64/Inputs-DDB-P7-2
Opening Player-Data//16-DDB-64/Inputs-DDB-P8-2
Opening Player-Data//16-DDB-64/Inputs-DDB-P9-2
Opening Player-Data//16-DDB-64/Inputs-DDB-P10-2
Opening Player-Data//16-DDB-64/Inputs-DDB-P11-2
Opening Player-Data//16-DDB-64/Inputs-DDB-P12-2
Opening Player-Data//16-DDB-64/Inputs-DDB-P13-2
Opening Player-Data//16-DDB-64/Inputs-DDB-P14-2
Opening Player-Data//16-DDB-64/Inputs-DDB-P15-2
Opening Player-Data//16-DDB-64/Inputs-DDB-P0-3
Opening Player-Data//16-DDB-64/Inputs-DDB-P1-3
Opening Player-Data//16-DDB-64/Inputs-DDB-P2-3
Opening Player-Data//16-DDB-64/Inputs-DDB-P3-3
Opening Player-Data//16-DDB-64/Inputs-DDB-P4-3
Opening Player-Data//16-DDB-64/Inputs-DDB-P5-3
Opening Player-Data//16-DDB-64/Inputs-DDB-P6-3
Opening Player-Data//16-DDB-64/Inputs-DDB-P7-3
Opening Player-Data//16-DDB-64/Inputs-DDB-P8-3
Opening Player-Data//16-DDB-64/Inputs-DDB-P9-3
Opening Player-Data//16-DDB-64/Inputs-DDB-P10-3
Opening Player-Data//16-DDB-64/Inputs-DDB-P11-3
Opening Player-Data//16-DDB-64/Inputs-DDB-P12-3
Opening Player-Data//16-DDB-64/Inputs-DDB-P13-3
Opening Player-Data//16-DDB-64/Inputs-DDB-P14-3
Opening Player-Data//16-DDB-64/Inputs-DDB-P15-3
Opening Player-Data//16-DDB-64/Inputs-DDB-P0-4
Opening Player-Data//16-DDB-64/Inputs-DDB-P1-4
Opening Player-Data//16-DDB-64/Inputs-DDB-P2-4
Opening Player-Data//16-DDB-64/Inputs-DDB-P3-4
Opening Player-Data//16-DDB-64/Inputs-DDB-P4-4
Opening Player-Data//16-DDB-64/Inputs-DDB-P5-4
Opening Player-Data//16-DDB-64/Inputs-DDB-P6-4
Opening Player-Data//16-DDB-64/Inputs-DDB-P7-4
Opening Player-Data//16-DDB-64/Inputs-DDB-P8-4
Opening Player-Data//16-DDB-64/Inputs-DDB-P9-4
Opening Player-Data//16-DDB-64/Inputs-DDB-P10-4
Opening Player-Data//16-DDB-64/Inputs-DDB-P11-4
Opening Player-Data//16-DDB-64/Inputs-DDB-P12-4
Opening Player-Data//16-DDB-64/Inputs-DDB-P13-4
Opening Player-Data//16-DDB-64/Inputs-DDB-P14-4
Opening Player-Data//16-DDB-64/Inputs-DDB-P15-4
Opening Player-Data//16-DDB-64/Inputs-DDB-P0-5
Opening Player-Data//16-DDB-64/Inputs-DDB-P1-5
Opening Player-Data//16-DDB-64/Inputs-DDB-P2-5
Opening Player-Data//16-DDB-64/Inputs-DDB-P3-5
Opening Player-Data//16-DDB-64/Inputs-DDB-P4-5
Opening Player-Data//16-DDB-64/Inputs-DDB-P5-5
Opening Player-Data//16-DDB-64/Inputs-DDB-P6-5
Opening Player-Data//16-DDB-64/Inputs-DDB-P7-5
Opening Player-Data//16-DDB-64/Inputs-DDB-P8-5
Opening Player-Data//16-DDB-64/Inputs-DDB-P9-5
Opening Player-Data//16-DDB-64/Inputs-DDB-P10-5
Opening Player-Data//16-DDB-64/Inputs-DDB-P11-5
Opening Player-Data//16-DDB-64/Inputs-DDB-P12-5
Opening Player-Data//16-DDB-64/Inputs-DDB-P13-5
Opening Player-Data//16-DDB-64/Inputs-DDB-P14-5
Opening Player-Data//16-DDB-64/Inputs-DDB-P15-5
Opening Player-Data//16-DDB-64/Inputs-DDB-P0-6
Opening Player-Data//16-DDB-64/Inputs-DDB-P1-6
Opening Player-Data//16-DDB-64/Inputs-DDB-P2-6
Opening Player-Data//16-DDB-64/Inputs-DDB-P3-6
Opening Player-Data//16-DDB-64/Inputs-DDB-P4-6
Opening Player-Data//16-DDB-64/Inputs-DDB-P5-6
Opening Player-Data//16-DDB-64/Inputs-DDB-P6-6
Opening Player-Data//16-DDB-64/Inputs-DDB-P7-6
Opening Player-Data//16-DDB-64/Inputs-DDB-P8-6
Opening Player-Data//16-DDB-64/Inputs-DDB-P9-6
Opening Player-Data//16-DDB-64/Inputs-DDB-P10-6
Opening Player-Data//16-DDB-64/Inputs-DDB-P11-6
Opening Player-Data//16-DDB-64/Inputs-DDB-P12-6
Opening Player-Data//16-DDB-64/Inputs-DDB-P13-6
Opening Player-Data//16-DDB-64/Inputs-DDB-P14-6
Opening Player-Data//16-DDB-64/Inputs-DDB-P15-6
Opening Player-Data//16-DDB-64/Inputs-DDB-P0-7
Opening Player-Data//16-DDB-64/Inputs-DDB-P1-7
Opening Player-Data//16-DDB-64/Inputs-DDB-P2-7
Opening Player-Data//16-DDB-64/Inputs-DDB-P3-7
Opening Player-Data//16-DDB-64/Inputs-DDB-P4-7
Opening Player-Data//16-DDB-64/Inputs-DDB-P5-7
Opening Player-Data//16-DDB-64/Inputs-DDB-P6-7
Opening Player-Data//16-DDB-64/Inputs-DDB-P7-7
Opening Player-Data//16-DDB-64/Inputs-DDB-P8-7
Opening Player-Data//16-DDB-64/Inputs-DDB-P9-7
Opening Player-Data//16-DDB-64/Inputs-DDB-P10-7
Opening Player-Data//16-DDB-64/Inputs-DDB-P11-7
Opening Player-Data//16-DDB-64/Inputs-DDB-P12-7
Opening Player-Data//16-DDB-64/Inputs-DDB-P13-7
Opening Player-Data//16-DDB-64/Inputs-DDB-P14-7
Opening Player-Data//16-DDB-64/Inputs-DDB-P15-7
Opening Player-Data//16-DDB-64/Inputs-DDB-P0-8
Opening Player-Data//16-DDB-64/Inputs-DDB-P1-8
Opening Player-Data//16-DDB-64/Inputs-DDB-P2-8
Opening Player-Data//16-DDB-64/Inputs-DDB-P3-8
Opening Player-Data//16-DDB-64/Inputs-DDB-P4-8
Opening Player-Data//16-DDB-64/Inputs-DDB-P5-8
Opening Player-Data//16-DDB-64/Inputs-DDB-P6-8
Opening Player-Data//16-DDB-64/Inputs-DDB-P7-8
Opening Player-Data//16-DDB-64/Inputs-DDB-P8-8
Opening Player-Data//16-DDB-64/Inputs-DDB-P9-8
Opening Player-Data//16-DDB-64/Inputs-DDB-P10-8
Opening Player-Data//16-DDB-64/Inputs-DDB-P11-8
Opening Player-Data//16-DDB-64/Inputs-DDB-P12-8
Opening Player-Data//16-DDB-64/Inputs-DDB-P13-8
Opening Player-Data//16-DDB-64/Inputs-DDB-P14-8
Opening Player-Data//16-DDB-64/Inputs-DDB-P15-8
Opening Player-Data//16-DDB-64/Inputs-DDB-P0-9
Opening Player-Data//16-DDB-64/Inputs-DDB-P1-9
Opening Player-Data//16-DDB-64/Inputs-DDB-P2-9
Opening Player-Data//16-DDB-64/Inputs-DDB-P3-9
Opening Player-Data//16-DDB-64/Inputs-DDB-P4-9
Opening Player-Data//16-DDB-64/Inputs-DDB-P5-9
Opening Player-Data//16-DDB-64/Inputs-DDB-P6-9
Opening Player-Data//16-DDB-64/Inputs-DDB-P7-9
Opening Player-Data//16-DDB-64/Inputs-DDB-P8-9
Opening Player-Data//16-DDB-64/Inputs-DDB-P9-9
Opening Player-Data//16-DDB-64/Inputs-DDB-P10-9
Opening Player-Data//16-DDB-64/Inputs-DDB-P11-9
Opening Player-Data//16-DDB-64/Inputs-DDB-P12-9
Opening Player-Data//16-DDB-64/Inputs-DDB-P13-9
Opening Player-Data//16-DDB-64/Inputs-DDB-P14-9
Opening Player-Data//16-DDB-64/Inputs-DDB-P15-9
Opening Player-Data//16-DDB-64/Inputs-DDB-P0-10
Opening Player-Data//16-DDB-64/Inputs-DDB-P1-10
Opening Player-Data//16-DDB-64/Inputs-DDB-P2-10
Opening Player-Data//16-DDB-64/Inputs-DDB-P3-10
Opening Player-Data//16-DDB-64/Inputs-DDB-P4-10
Opening Player-Data//16-DDB-64/Inputs-DDB-P5-10
Opening Player-Data//16-DDB-64/Inputs-DDB-P6-10
Opening Player-Data//16-DDB-64/Inputs-DDB-P7-10
Opening Player-Data//16-DDB-64/Inputs-DDB-P8-10
Opening Player-Data//16-DDB-64/Inputs-DDB-P9-10
Opening Player-Data//16-DDB-64/Inputs-DDB-P10-10
Opening Player-Data//16-DDB-64/Inputs-DDB-P11-10
Opening Player-Data//16-DDB-64/Inputs-DDB-P12-10
Opening Player-Data//16-DDB-64/Inputs-DDB-P13-10
Opening Player-Data//16-DDB-64/Inputs-DDB-P14-10
Opening Player-Data//16-DDB-64/Inputs-DDB-P15-10
Opening Player-Data//16-DDB-64/Inputs-DDB-P0-11
Opening Player-Data//16-DDB-64/Inputs-DDB-P1-11
Opening Player-Data//16-DDB-64/Inputs-DDB-P2-11
Opening Player-Data//16-DDB-64/Inputs-DDB-P3-11
Opening Player-Data//16-DDB-64/Inputs-DDB-P4-11
Opening Player-Data//16-DDB-64/Inputs-DDB-P5-11
Opening Player-Data//16-DDB-64/Inputs-DDB-P6-11
Opening Player-Data//16-DDB-64/Inputs-DDB-P7-11
Opening Player-Data//16-DDB-64/Inputs-DDB-P8-11
Opening Player-Data//16-DDB-64/Inputs-DDB-P9-11
Opening Player-Data//16-DDB-64/Inputs-DDB-P10-11
Opening Player-Data//16-DDB-64/Inputs-DDB-P11-11
Opening Player-Data//16-DDB-64/Inputs-DDB-P12-11
Opening Player-Data//16-DDB-64/Inputs-DDB-P13-11
Opening Player-Data//16-DDB-64/Inputs-DDB-P14-11
Opening Player-Data//16-DDB-64/Inputs-DDB-P15-11
Opening Player-Data//16-DDB-64/Inputs-DDB-P0-12
Opening Player-Data//16-DDB-64/Inputs-DDB-P1-12
Opening Player-Data//16-DDB-64/Inputs-DDB-P2-12
Opening Player-Data//16-DDB-64/Inputs-DDB-P3-12
Opening Player-Data//16-DDB-64/Inputs-DDB-P4-12
Opening Player-Data//16-DDB-64/Inputs-DDB-P5-12
Opening Player-Data//16-DDB-64/Inputs-DDB-P6-12
Opening Player-Data//16-DDB-64/Inputs-DDB-P7-12
Opening Player-Data//16-DDB-64/Inputs-DDB-P8-12
Opening Player-Data//16-DDB-64/Inputs-DDB-P9-12
Opening Player-Data//16-DDB-64/Inputs-DDB-P10-12
Opening Player-Data//16-DDB-64/Inputs-DDB-P11-12
Opening Player-Data//16-DDB-64/Inputs-DDB-P12-12
Opening Player-Data//16-DDB-64/Inputs-DDB-P13-12
Opening Player-Data//16-DDB-64/Inputs-DDB-P14-12
Opening Player-Data//16-DDB-64/Inputs-DDB-P15-12
Opening Player-Data//16-DDB-64/Inputs-DDB-P0-13
Opening Player-Data//16-DDB-64/Inputs-DDB-P1-13
Opening Player-Data//16-DDB-64/Inputs-DDB-P2-13
Opening Player-Data//16-DDB-64/Inputs-DDB-P3-13
Opening Player-Data//16-DDB-64/Inputs-DDB-P4-13
Opening Player-Data//16-DDB-64/Inputs-DDB-P5-13
Opening Player-Data//16-DDB-64/Inputs-DDB-P6-13
Opening Player-Data//16-DDB-64/Inputs-DDB-P7-13
Opening Player-Data//16-DDB-64/Inputs-DDB-P8-13
Opening Player-Data//16-DDB-64/Inputs-DDB-P9-13
Opening Player-Data//16-DDB-64/Inputs-DDB-P10-13
Opening Player-Data//16-DDB-64/Inputs-DDB-P11-13
Opening Player-Data//16-DDB-64/Inputs-DDB-P12-13
Opening Player-Data//16-DDB-64/Inputs-DDB-P13-13
Opening Player-Data//16-DDB-64/Inputs-DDB-P14-13
Opening Player-Data//16-DDB-64/Inputs-DDB-P15-13
Opening Player-Data//16-DDB-64/Inputs-DDB-P0-14
Opening Player-Data//16-DDB-64/Inputs-DDB-P1-14
Opening Player-Data//16-DDB-64/Inputs-DDB-P2-14
Opening Player-Data//16-DDB-64/Inputs-DDB-P3-14
Opening Player-Data//16-DDB-64/Inputs-DDB-P4-14
Opening Player-Data//16-DDB-64/Inputs-DDB-P5-14
Opening Player-Data//16-DDB-64/Inputs-DDB-P6-14
Opening Player-Data//16-DDB-64/Inputs-DDB-P7-14
Opening Player-Data//16-DDB-64/Inputs-DDB-P8-14
Opening Player-Data//16-DDB-64/Inputs-DDB-P9-14
Opening Player-Data//16-DDB-64/Inputs-DDB-P10-14
Opening Player-Data//16-DDB-64/Inputs-DDB-P11-14
Opening Player-Data//16-DDB-64/Inputs-DDB-P12-14
Opening Player-Data//16-DDB-64/Inputs-DDB-P13-14
Opening Player-Data//16-DDB-64/Inputs-DDB-P14-14
Opening Player-Data//16-DDB-64/Inputs-DDB-P15-14
Opening Player-Data//16-DDB-64/Inputs-DDB-P0-15
Opening Player-Data//16-DDB-64/Inputs-DDB-P1-15
Opening Player-Data//16-DDB-64/Inputs-DDB-P2-15
Opening Player-Data//16-DDB-64/Inputs-DDB-P3-15
Opening Player-Data//16-DDB-64/Inputs-DDB-P4-15
Opening Player-Data//16-DDB-64/Inputs-DDB-P5-15
Opening Player-Data//16-DDB-64/Inputs-DDB-P6-15
Opening Player-Data//16-DDB-64/Inputs-DDB-P7-15
Opening Player-Data//16-DDB-64/Inputs-DDB-P8-15
Opening Player-Data//16-DDB-64/Inputs-DDB-P9-15
Opening Player-Data//16-DDB-64/Inputs-DDB-P10-15
Opening Player-Data//16-DDB-64/Inputs-DDB-P11-15
Opening Player-Data//16-DDB-64/Inputs-DDB-P12-15
Opening Player-Data//16-DDB-64/Inputs-DDB-P13-15
Opening Player-Data//16-DDB-64/Inputs-DDB-P14-15
Opening Player-Data//16-DDB-64/Inputs-DDB-P15-15
Opening Player-Data//16-DB-64/Triples-DB-P0
Opening Player-Data//16-DB-64/Triples-DB-P1
Opening Player-Data//16-DB-64/Triples-DB-P2
Opening Player-Data//16-DB-64/Triples-DB-P3
Opening Player-Data//16-DB-64/Triples-DB-P4
Opening Player-Data//16-DB-64/Triples-DB-P5
Opening Player-Data//16-DB-64/Triples-DB-P6
Opening Player-Data//16-DB-64/Triples-DB-P7
Opening Player-Data//16-DB-64/Triples-DB-P8
Opening Player-Data//16-DB-64/Triples-DB-P9
Opening Player-Data//16-DB-64/Triples-DB-P10
Opening Player-Data//16-DB-64/Triples-DB-P11
Opening Player-Data//16-DB-64/Triples-DB-P12
Opening Player-Data//16-DB-64/Triples-DB-P13
Opening Player-Data//16-DB-64/Triples-DB-P14
Opening Player-Data//16-DB-64/Triples-DB-P15
Opening Player-Data//16-DB-64/Bits-DB-P0
Opening Player-Data//16-DB-64/Bits-DB-P1
Opening Player-Data//16-DB-64/Bits-DB-P2
Opening Player-Data//16-DB-64/Bits-DB-P3
Opening Player-Data//16-DB-64/Bits-DB-P4
Opening Player-Data//16-DB-64/Bits-DB-P5
Opening Player-Data//16-DB-64/Bits-DB-P6
Opening Player-Data//16-DB-64/Bits-DB-P7
Opening Player-Data//16-DB-64/Bits-DB-P8
Opening Player-Data//16-DB-64/Bits-DB-P9
Opening Player-Data//16-DB-64/Bits-DB-P10
Opening Player-Data//16-DB-64/Bits-DB-P11
Opening Player-Data//16-DB-64/Bits-DB-P12
Opening Player-Data//16-DB-64/Bits-DB-P13
Opening Player-Data//16-DB-64/Bits-DB-P14
Opening Player-Data//16-DB-64/Bits-DB-P15
No MAC key share for player 0, generating a fresh ones
Written new MAC key share to Player-Data//16-T-64//Player-MAC-Keys-R-P0
 Key 0: 1287414928099
Written new MAC key share to Player-Data//16-T-64//Player-MAC-Keys-R-P1
 Key 1: 1293185696498
Written new MAC key share to Player-Data//16-T-64//Player-MAC-Keys-R-P2
 Key 2: 1273588885236
Written new MAC key share to Player-Data//16-T-64//Player-MAC-Keys-R-P3
 Key 3: 495811975509
Written new MAC key share to Player-Data//16-T-64//Player-MAC-Keys-R-P4
 Key 4: 1885929563506
Written new MAC key share to Player-Data//16-T-64//Player-MAC-Keys-R-P5
 Key 5: 62738638530
Written new MAC key share to Player-Data//16-T-64//Player-MAC-Keys-R-P6
 Key 6: 1351197669391
Written new MAC key share to Player-Data//16-T-64//Player-MAC-Keys-R-P7
 Key 7: 2027412252928
Written new MAC key share to Player-Data//16-T-64//Player-MAC-Keys-R-P8
 Key 8: 1264048415792
Written new MAC key share to Player-Data//16-T-64//Player-MAC-Keys-R-P9
 Key 9: 2195825738504
Written new MAC key share to Player-Data//16-T-64//Player-MAC-Keys-R-P10
 Key 10: 1872942060979
Written new MAC key share to Player-Data//16-T-64//Player-MAC-Keys-R-P11
 Key 11: 1466995052491
Written new MAC key share to Player-Data//16-T-64//Player-MAC-Keys-R-P12
 Key 12: 1467934999097
Written new MAC key share to Player-Data//16-T-64//Player-MAC-Keys-R-P13
 Key 13: 767328196485
Written new MAC key share to Player-Data//16-T-64//Player-MAC-Keys-R-P14
 Key 14: 2025556283469
Written new MAC key share to Player-Data//16-T-64//Player-MAC-Keys-R-P15
 Key 15: 349812800083
--------------
Final Key: 1296513856629
Opening Player-Data//16-T-64/Triples-T-P0
Opening Player-Data//16-T-64/Triples-T-P1
Opening Player-Data//16-T-64/Triples-T-P2
Opening Player-Data//16-T-64/Triples-T-P3
Opening Player-Data//16-T-64/Triples-T-P4
Opening Player-Data//16-T-64/Triples-T-P5
Opening Player-Data//16-T-64/Triples-T-P6
Opening Player-Data//16-T-64/Triples-T-P7
Opening Player-Data//16-T-64/Triples-T-P8
Opening Player-Data//16-T-64/Triples-T-P9
Opening Player-Data//16-T-64/Triples-T-P10
Opening Player-Data//16-T-64/Triples-T-P11
Opening Player-Data//16-T-64/Triples-T-P12
Opening Player-Data//16-T-64/Triples-T-P13
Opening Player-Data//16-T-64/Triples-T-P14
Opening Player-Data//16-T-64/Triples-T-P15
Opening Player-Data//16-T-64/Bits-T-P0
Opening Player-Data//16-T-64/Bits-T-P1
Opening Player-Data//16-T-64/Bits-T-P2
Opening Player-Data//16-T-64/Bits-T-P3
Opening Player-Data//16-T-64/Bits-T-P4
Opening Player-Data//16-T-64/Bits-T-P5
Opening Player-Data//16-T-64/Bits-T-P6
Opening Player-Data//16-T-64/Bits-T-P7
Opening Player-Data//16-T-64/Bits-T-P8
Opening Player-Data//16-T-64/Bits-T-P9
Opening Player-Data//16-T-64/Bits-T-P10
Opening Player-Data//16-T-64/Bits-T-P11
Opening Player-Data//16-T-64/Bits-T-P12
Opening Player-Data//16-T-64/Bits-T-P13
Opening Player-Data//16-T-64/Bits-T-P14
Opening Player-Data//16-T-64/Bits-T-P15
Opening Player-Data//16-T-64/Inputs-T-P0-0
Opening Player-Data//16-T-64/Inputs-T-P1-0
Opening Player-Data//16-T-64/Inputs-T-P2-0
Opening Player-Data//16-T-64/Inputs-T-P3-0
Opening Player-Data//16-T-64/Inputs-T-P4-0
Opening Player-Data//16-T-64/Inputs-T-P5-0
Opening Player-Data//16-T-64/Inputs-T-P6-0
Opening Player-Data//16-T-64/Inputs-T-P7-0
Opening Player-Data//16-T-64/Inputs-T-P8-0
Opening Player-Data//16-T-64/Inputs-T-P9-0
Opening Player-Data//16-T-64/Inputs-T-P10-0
Opening Player-Data//16-T-64/Inputs-T-P11-0
Opening Player-Data//16-T-64/Inputs-T-P12-0
Opening Player-Data//16-T-64/Inputs-T-P13-0
Opening Player-Data//16-T-64/Inputs-T-P14-0
Opening Player-Data//16-T-64/Inputs-T-P15-0
Opening Player-Data//16-T-64/Inputs-T-P0-1
Opening Player-Data//16-T-64/Inputs-T-P1-1
Opening Player-Data//16-T-64/Inputs-T-P2-1
Opening Player-Data//16-T-64/Inputs-T-P3-1
Opening Player-Data//16-T-64/Inputs-T-P4-1
Opening Player-Data//16-T-64/Inputs-T-P5-1
Opening Player-Data//16-T-64/Inputs-T-P6-1
Opening Player-Data//16-T-64/Inputs-T-P7-1
Opening Player-Data//16-T-64/Inputs-T-P8-1
Opening Player-Data//16-T-64/Inputs-T-P9-1
Opening Player-Data//16-T-64/Inputs-T-P10-1
Opening Player-Data//16-T-64/Inputs-T-P11-1
Opening Player-Data//16-T-64/Inputs-T-P12-1
Opening Player-Data//16-T-64/Inputs-T-P13-1
Opening Player-Data//16-T-64/Inputs-T-P14-1
Opening Player-Data//16-T-64/Inputs-T-P15-1
Opening Player-Data//16-T-64/Inputs-T-P0-2
Opening Player-Data//16-T-64/Inputs-T-P1-2
Opening Player-Data//16-T-64/Inputs-T-P2-2
Opening Player-Data//16-T-64/Inputs-T-P3-2
Opening Player-Data//16-T-64/Inputs-T-P4-2
Opening Player-Data//16-T-64/Inputs-T-P5-2
Opening Player-Data//16-T-64/Inputs-T-P6-2
Opening Player-Data//16-T-64/Inputs-T-P7-2
Opening Player-Data//16-T-64/Inputs-T-P8-2
Opening Player-Data//16-T-64/Inputs-T-P9-2
Opening Player-Data//16-T-64/Inputs-T-P10-2
Opening Player-Data//16-T-64/Inputs-T-P11-2
Opening Player-Data//16-T-64/Inputs-T-P12-2
Opening Player-Data//16-T-64/Inputs-T-P13-2
Opening Player-Data//16-T-64/Inputs-T-P14-2
Opening Player-Data//16-T-64/Inputs-T-P15-2
Opening Player-Data//16-T-64/Inputs-T-P0-3
Opening Player-Data//16-T-64/Inputs-T-P1-3
Opening Player-Data//16-T-64/Inputs-T-P2-3
Opening Player-Data//16-T-64/Inputs-T-P3-3
Opening Player-Data//16-T-64/Inputs-T-P4-3
Opening Player-Data//16-T-64/Inputs-T-P5-3
Opening Player-Data//16-T-64/Inputs-T-P6-3
Opening Player-Data//16-T-64/Inputs-T-P7-3
Opening Player-Data//16-T-64/Inputs-T-P8-3
Opening Player-Data//16-T-64/Inputs-T-P9-3
Opening Player-Data//16-T-64/Inputs-T-P10-3
Opening Player-Data//16-T-64/Inputs-T-P11-3
Opening Player-Data//16-T-64/Inputs-T-P12-3
Opening Player-Data//16-T-64/Inputs-T-P13-3
Opening Player-Data//16-T-64/Inputs-T-P14-3
Opening Player-Data//16-T-64/Inputs-T-P15-3
Opening Player-Data//16-T-64/Inputs-T-P0-4
Opening Player-Data//16-T-64/Inputs-T-P1-4
Opening Player-Data//16-T-64/Inputs-T-P2-4
Opening Player-Data//16-T-64/Inputs-T-P3-4
Opening Player-Data//16-T-64/Inputs-T-P4-4
Opening Player-Data//16-T-64/Inputs-T-P5-4
Opening Player-Data//16-T-64/Inputs-T-P6-4
Opening Player-Data//16-T-64/Inputs-T-P7-4
Opening Player-Data//16-T-64/Inputs-T-P8-4
Opening Player-Data//16-T-64/Inputs-T-P9-4
Opening Player-Data//16-T-64/Inputs-T-P10-4
Opening Player-Data//16-T-64/Inputs-T-P11-4
Opening Player-Data//16-T-64/Inputs-T-P12-4
Opening Player-Data//16-T-64/Inputs-T-P13-4
Opening Player-Data//16-T-64/Inputs-T-P14-4
Opening Player-Data//16-T-64/Inputs-T-P15-4
Opening Player-Data//16-T-64/Inputs-T-P0-5
Opening Player-Data//16-T-64/Inputs-T-P1-5
Opening Player-Data//16-T-64/Inputs-T-P2-5
Opening Player-Data//16-T-64/Inputs-T-P3-5
Opening Player-Data//16-T-64/Inputs-T-P4-5
Opening Player-Data//16-T-64/Inputs-T-P5-5
Opening Player-Data//16-T-64/Inputs-T-P6-5
Opening Player-Data//16-T-64/Inputs-T-P7-5
Opening Player-Data//16-T-64/Inputs-T-P8-5
Opening Player-Data//16-T-64/Inputs-T-P9-5
Opening Player-Data//16-T-64/Inputs-T-P10-5
Opening Player-Data//16-T-64/Inputs-T-P11-5
Opening Player-Data//16-T-64/Inputs-T-P12-5
Opening Player-Data//16-T-64/Inputs-T-P13-5
Opening Player-Data//16-T-64/Inputs-T-P14-5
Opening Player-Data//16-T-64/Inputs-T-P15-5
Opening Player-Data//16-T-64/Inputs-T-P0-6
Opening Player-Data//16-T-64/Inputs-T-P1-6
Opening Player-Data//16-T-64/Inputs-T-P2-6
Opening Player-Data//16-T-64/Inputs-T-P3-6
Opening Player-Data//16-T-64/Inputs-T-P4-6
Opening Player-Data//16-T-64/Inputs-T-P5-6
Opening Player-Data//16-T-64/Inputs-T-P6-6
Opening Player-Data//16-T-64/Inputs-T-P7-6
Opening Player-Data//16-T-64/Inputs-T-P8-6
Opening Player-Data//16-T-64/Inputs-T-P9-6
Opening Player-Data//16-T-64/Inputs-T-P10-6
Opening Player-Data//16-T-64/Inputs-T-P11-6
Opening Player-Data//16-T-64/Inputs-T-P12-6
Opening Player-Data//16-T-64/Inputs-T-P13-6
Opening Player-Data//16-T-64/Inputs-T-P14-6
Opening Player-Data//16-T-64/Inputs-T-P15-6
Opening Player-Data//16-T-64/Inputs-T-P0-7
Opening Player-Data//16-T-64/Inputs-T-P1-7
Opening Player-Data//16-T-64/Inputs-T-P2-7
Opening Player-Data//16-T-64/Inputs-T-P3-7
Opening Player-Data//16-T-64/Inputs-T-P4-7
Opening Player-Data//16-T-64/Inputs-T-P5-7
Opening Player-Data//16-T-64/Inputs-T-P6-7
Opening Player-Data//16-T-64/Inputs-T-P7-7
Opening Player-Data//16-T-64/Inputs-T-P8-7
Opening Player-Data//16-T-64/Inputs-T-P9-7
Opening Player-Data//16-T-64/Inputs-T-P10-7
Opening Player-Data//16-T-64/Inputs-T-P11-7
Opening Player-Data//16-T-64/Inputs-T-P12-7
Opening Player-Data//16-T-64/Inputs-T-P13-7
Opening Player-Data//16-T-64/Inputs-T-P14-7
Opening Player-Data//16-T-64/Inputs-T-P15-7
Opening Player-Data//16-T-64/Inputs-T-P0-8
Opening Player-Data//16-T-64/Inputs-T-P1-8
Opening Player-Data//16-T-64/Inputs-T-P2-8
Opening Player-Data//16-T-64/Inputs-T-P3-8
Opening Player-Data//16-T-64/Inputs-T-P4-8
Opening Player-Data//16-T-64/Inputs-T-P5-8
Opening Player-Data//16-T-64/Inputs-T-P6-8
Opening Player-Data//16-T-64/Inputs-T-P7-8
Opening Player-Data//16-T-64/Inputs-T-P8-8
Opening Player-Data//16-T-64/Inputs-T-P9-8
Opening Player-Data//16-T-64/Inputs-T-P10-8
Opening Player-Data//16-T-64/Inputs-T-P11-8
Opening Player-Data//16-T-64/Inputs-T-P12-8
Opening Player-Data//16-T-64/Inputs-T-P13-8
Opening Player-Data//16-T-64/Inputs-T-P14-8
Opening Player-Data//16-T-64/Inputs-T-P15-8
Opening Player-Data//16-T-64/Inputs-T-P0-9
Opening Player-Data//16-T-64/Inputs-T-P1-9
Opening Player-Data//16-T-64/Inputs-T-P2-9
Opening Player-Data//16-T-64/Inputs-T-P3-9
Opening Player-Data//16-T-64/Inputs-T-P4-9
Opening Player-Data//16-T-64/Inputs-T-P5-9
Opening Player-Data//16-T-64/Inputs-T-P6-9
Opening Player-Data//16-T-64/Inputs-T-P7-9
Opening Player-Data//16-T-64/Inputs-T-P8-9
Opening Player-Data//16-T-64/Inputs-T-P9-9
Opening Player-Data//16-T-64/Inputs-T-P10-9
Opening Player-Data//16-T-64/Inputs-T-P11-9
Opening Player-Data//16-T-64/Inputs-T-P12-9
Opening Player-Data//16-T-64/Inputs-T-P13-9
Opening Player-Data//16-T-64/Inputs-T-P14-9
Opening Player-Data//16-T-64/Inputs-T-P15-9
Opening Player-Data//16-T-64/Inputs-T-P0-10
Opening Player-Data//16-T-64/Inputs-T-P1-10
Opening Player-Data//16-T-64/Inputs-T-P2-10
Opening Player-Data//16-T-64/Inputs-T-P3-10
Opening Player-Data//16-T-64/Inputs-T-P4-10
Opening Player-Data//16-T-64/Inputs-T-P5-10
Opening Player-Data//16-T-64/Inputs-T-P6-10
Opening Player-Data//16-T-64/Inputs-T-P7-10
Opening Player-Data//16-T-64/Inputs-T-P8-10
Opening Player-Data//16-T-64/Inputs-T-P9-10
Opening Player-Data//16-T-64/Inputs-T-P10-10
Opening Player-Data//16-T-64/Inputs-T-P11-10
Opening Player-Data//16-T-64/Inputs-T-P12-10
Opening Player-Data//16-T-64/Inputs-T-P13-10
Opening Player-Data//16-T-64/Inputs-T-P14-10
Opening Player-Data//16-T-64/Inputs-T-P15-10
Opening Player-Data//16-T-64/Inputs-T-P0-11
Opening Player-Data//16-T-64/Inputs-T-P1-11
Opening Player-Data//16-T-64/Inputs-T-P2-11
Opening Player-Data//16-T-64/Inputs-T-P3-11
Opening Player-Data//16-T-64/Inputs-T-P4-11
Opening Player-Data//16-T-64/Inputs-T-P5-11
Opening Player-Data//16-T-64/Inputs-T-P6-11
Opening Player-Data//16-T-64/Inputs-T-P7-11
Opening Player-Data//16-T-64/Inputs-T-P8-11
Opening Player-Data//16-T-64/Inputs-T-P9-11
Opening Player-Data//16-T-64/Inputs-T-P10-11
Opening Player-Data//16-T-64/Inputs-T-P11-11
Opening Player-Data//16-T-64/Inputs-T-P12-11
Opening Player-Data//16-T-64/Inputs-T-P13-11
Opening Player-Data//16-T-64/Inputs-T-P14-11
Opening Player-Data//16-T-64/Inputs-T-P15-11
Opening Player-Data//16-T-64/Inputs-T-P0-12
Opening Player-Data//16-T-64/Inputs-T-P1-12
Opening Player-Data//16-T-64/Inputs-T-P2-12
Opening Player-Data//16-T-64/Inputs-T-P3-12
Opening Player-Data//16-T-64/Inputs-T-P4-12
Opening Player-Data//16-T-64/Inputs-T-P5-12
Opening Player-Data//16-T-64/Inputs-T-P6-12
Opening Player-Data//16-T-64/Inputs-T-P7-12
Opening Player-Data//16-T-64/Inputs-T-P8-12
Opening Player-Data//16-T-64/Inputs-T-P9-12
Opening Player-Data//16-T-64/Inputs-T-P10-12
Opening Player-Data//16-T-64/Inputs-T-P11-12
Opening Player-Data//16-T-64/Inputs-T-P12-12
Opening Player-Data//16-T-64/Inputs-T-P13-12
Opening Player-Data//16-T-64/Inputs-T-P14-12
Opening Player-Data//16-T-64/Inputs-T-P15-12
Opening Player-Data//16-T-64/Inputs-T-P0-13
Opening Player-Data//16-T-64/Inputs-T-P1-13
Opening Player-Data//16-T-64/Inputs-T-P2-13
Opening Player-Data//16-T-64/Inputs-T-P3-13
Opening Player-Data//16-T-64/Inputs-T-P4-13
Opening Player-Data//16-T-64/Inputs-T-P5-13
Opening Player-Data//16-T-64/Inputs-T-P6-13
Opening Player-Data//16-T-64/Inputs-T-P7-13
Opening Player-Data//16-T-64/Inputs-T-P8-13
Opening Player-Data//16-T-64/Inputs-T-P9-13
Opening Player-Data//16-T-64/Inputs-T-P10-13
Opening Player-Data//16-T-64/Inputs-T-P11-13
Opening Player-Data//16-T-64/Inputs-T-P12-13
Opening Player-Data//16-T-64/Inputs-T-P13-13
Opening Player-Data//16-T-64/Inputs-T-P14-13
Opening Player-Data//16-T-64/Inputs-T-P15-13
Opening Player-Data//16-T-64/Inputs-T-P0-14
Opening Player-Data//16-T-64/Inputs-T-P1-14
Opening Player-Data//16-T-64/Inputs-T-P2-14
Opening Player-Data//16-T-64/Inputs-T-P3-14
Opening Player-Data//16-T-64/Inputs-T-P4-14
Opening Player-Data//16-T-64/Inputs-T-P5-14
Opening Player-Data//16-T-64/Inputs-T-P6-14
Opening Player-Data//16-T-64/Inputs-T-P7-14
Opening Player-Data//16-T-64/Inputs-T-P8-14
Opening Player-Data//16-T-64/Inputs-T-P9-14
Opening Player-Data//16-T-64/Inputs-T-P10-14
Opening Player-Data//16-T-64/Inputs-T-P11-14
Opening Player-Data//16-T-64/Inputs-T-P12-14
Opening Player-Data//16-T-64/Inputs-T-P13-14
Opening Player-Data//16-T-64/Inputs-T-P14-14
Opening Player-Data//16-T-64/Inputs-T-P15-14
Opening Player-Data//16-T-64/Inputs-T-P0-15
Opening Player-Data//16-T-64/Inputs-T-P1-15
Opening Player-Data//16-T-64/Inputs-T-P2-15
Opening Player-Data//16-T-64/Inputs-T-P3-15
Opening Player-Data//16-T-64/Inputs-T-P4-15
Opening Player-Data//16-T-64/Inputs-T-P5-15
Opening Player-Data//16-T-64/Inputs-T-P6-15
Opening Player-Data//16-T-64/Inputs-T-P7-15
Opening Player-Data//16-T-64/Inputs-T-P8-15
Opening Player-Data//16-T-64/Inputs-T-P9-15
Opening Player-Data//16-T-64/Inputs-T-P10-15
Opening Player-Data//16-T-64/Inputs-T-P11-15
Opening Player-Data//16-T-64/Inputs-T-P12-15
Opening Player-Data//16-T-64/Inputs-T-P13-15
Opening Player-Data//16-T-64/Inputs-T-P14-15
Opening Player-Data//16-T-64/Inputs-T-P15-15
No MAC key share for player 0, generating a fresh ones
Written new MAC key share to Player-Data//16-TT-8//Player-MAC-Keys-2-P0
 Key 0: 35fff75a71
Written new MAC key share to Player-Data//16-TT-8//Player-MAC-Keys-2-P1
 Key 1: b43d3cf633
Written new MAC key share to Player-Data//16-TT-8//Player-MAC-Keys-2-P2
 Key 2: 1d081aa597
Written new MAC key share to Player-Data//16-TT-8//Player-MAC-Keys-2-P3
 Key 3: b83167d78f
Written new MAC key share to Player-Data//16-TT-8//Player-MAC-Keys-2-P4
 Key 4: 4af6c289aa
Written new MAC key share to Player-Data//16-TT-8//Player-MAC-Keys-2-P5
 Key 5: 79d65c85f9
Written new MAC key share to Player-Data//16-TT-8//Player-MAC-Keys-2-P6
 Key 6: eaf71d9477
Written new MAC key share to Player-Data//16-TT-8//Player-MAC-Keys-2-P7
 Key 7: 27f69c5537
Written new MAC key share to Player-Data//16-TT-8//Player-MAC-Keys-2-P8
 Key 8: 13f0658513
Written new MAC key share to Player-Data//16-TT-8//Player-MAC-Keys-2-P9
 Key 9: 38e5ac2b69
Written new MAC key share to Player-Data//16-TT-8//Player-MAC-Keys-2-P10
 Key 10: 4f3eb6fae4
Written new MAC key share to Player-Data//16-TT-8//Player-MAC-Keys-2-P11
 Key 11: d8f0f6f30e
Written new MAC key share to Player-Data//16-TT-8//Player-MAC-Keys-2-P12
 Key 12: c451ffa79e
Written new MAC key share to Player-Data//16-TT-8//Player-MAC-Keys-2-P13
 Key 13: 915471b5ad
Written new MAC key share to Player-Data//16-TT-8//Player-MAC-Keys-2-P14
 Key 14: 27ad50c618
Written new MAC key share to Player-Data//16-TT-8//Player-MAC-Keys-2-P15
 Key 15: 5898067a43
--------------
Final Key: 4c31f81ab1
Opening Player-Data//16-TT-8/Triples-TT-P0
Opening Player-Data//16-TT-8/Triples-TT-P1
Opening Player-Data//16-TT-8/Triples-TT-P2
Opening Player-Data//16-TT-8/Triples-TT-P3
Opening Player-Data//16-TT-8/Triples-TT-P4
Opening Player-Data//16-TT-8/Triples-TT-P5
Opening Player-Data//16-TT-8/Triples-TT-P6
Opening Player-Data//16-TT-8/Triples-TT-P7
Opening Player-Data//16-TT-8/Triples-TT-P8
Opening Player-Data//16-TT-8/Triples-TT-P9
Opening Player-Data//16-TT-8/Triples-TT-P10
Opening Player-Data//16-TT-8/Triples-TT-P11
Opening Player-Data//16-TT-8/Triples-TT-P12
Opening Player-Data//16-TT-8/Triples-TT-P13
Opening Player-Data//16-TT-8/Triples-TT-P14
Opening Player-Data//16-TT-8/Triples-TT-P15
Opening Player-Data//16-TT-8/Bits-TT-P0
Opening Player-Data//16-TT-8/Bits-TT-P1
Opening Player-Data//16-TT-8/Bits-TT-P2
Opening Player-Data//16-TT-8/Bits-TT-P3
Opening Player-Data//16-TT-8/Bits-TT-P4
Opening Player-Data//16-TT-8/Bits-TT-P5
Opening Player-Data//16-TT-8/Bits-TT-P6
Opening Player-Data//16-TT-8/Bits-TT-P7
Opening Player-Data//16-TT-8/Bits-TT-P8
Opening Player-Data//16-TT-8/Bits-TT-P9
Opening Player-Data//16-TT-8/Bits-TT-P10
Opening Player-Data//16-TT-8/Bits-TT-P11
Opening Player-Data//16-TT-8/Bits-TT-P12
Opening Player-Data//16-TT-8/Bits-TT-P13
Opening Player-Data//16-TT-8/Bits-TT-P14
Opening Player-Data//16-TT-8/Bits-TT-P15
Opening Player-Data//16-TT-8/Inputs-TT-P0-0
Opening Player-Data//16-TT-8/Inputs-TT-P1-0
Opening Player-Data//16-TT-8/Inputs-TT-P2-0
Opening Player-Data//16-TT-8/Inputs-TT-P3-0
Opening Player-Data//16-TT-8/Inputs-TT-P4-0
Opening Player-Data//16-TT-8/Inputs-TT-P5-0
Opening Player-Data//16-TT-8/Inputs-TT-P6-0
Opening Player-Data//16-TT-8/Inputs-TT-P7-0
Opening Player-Data//16-TT-8/Inputs-TT-P8-0
Opening Player-Data//16-TT-8/Inputs-TT-P9-0
Opening Player-Data//16-TT-8/Inputs-TT-P10-0
Opening Player-Data//16-TT-8/Inputs-TT-P11-0
Opening Player-Data//16-TT-8/Inputs-TT-P12-0
Opening Player-Data//16-TT-8/Inputs-TT-P13-0
Opening Player-Data//16-TT-8/Inputs-TT-P14-0
Opening Player-Data//16-TT-8/Inputs-TT-P15-0
Opening Player-Data//16-TT-8/Inputs-TT-P0-1
Opening Player-Data//16-TT-8/Inputs-TT-P1-1
Opening Player-Data//16-TT-8/Inputs-TT-P2-1
Opening Player-Data//16-TT-8/Inputs-TT-P3-1
Opening Player-Data//16-TT-8/Inputs-TT-P4-1
Opening Player-Data//16-TT-8/Inputs-TT-P5-1
Opening Player-Data//16-TT-8/Inputs-TT-P6-1
Opening Player-Data//16-TT-8/Inputs-TT-P7-1
Opening Player-Data//16-TT-8/Inputs-TT-P8-1
Opening Player-Data//16-TT-8/Inputs-TT-P9-1
Opening Player-Data//16-TT-8/Inputs-TT-P10-1
Opening Player-Data//16-TT-8/Inputs-TT-P11-1
Opening Player-Data//16-TT-8/Inputs-TT-P12-1
Opening Player-Data//16-TT-8/Inputs-TT-P13-1
Opening Player-Data//16-TT-8/Inputs-TT-P14-1
Opening Player-Data//16-TT-8/Inputs-TT-P15-1
Opening Player-Data//16-TT-8/Inputs-TT-P0-2
Opening Player-Data//16-TT-8/Inputs-TT-P1-2
Opening Player-Data//16-TT-8/Inputs-TT-P2-2
Opening Player-Data//16-TT-8/Inputs-TT-P3-2
Opening Player-Data//16-TT-8/Inputs-TT-P4-2
Opening Player-Data//16-TT-8/Inputs-TT-P5-2
Opening Player-Data//16-TT-8/Inputs-TT-P6-2
Opening Player-Data//16-TT-8/Inputs-TT-P7-2
Opening Player-Data//16-TT-8/Inputs-TT-P8-2
Opening Player-Data//16-TT-8/Inputs-TT-P9-2
Opening Player-Data//16-TT-8/Inputs-TT-P10-2
Opening Player-Data//16-TT-8/Inputs-TT-P11-2
Opening Player-Data//16-TT-8/Inputs-TT-P12-2
Opening Player-Data//16-TT-8/Inputs-TT-P13-2
Opening Player-Data//16-TT-8/Inputs-TT-P14-2
Opening Player-Data//16-TT-8/Inputs-TT-P15-2
Opening Player-Data//16-TT-8/Inputs-TT-P0-3
Opening Player-Data//16-TT-8/Inputs-TT-P1-3
Opening Player-Data//16-TT-8/Inputs-TT-P2-3
Opening Player-Data//16-TT-8/Inputs-TT-P3-3
Opening Player-Data//16-TT-8/Inputs-TT-P4-3
Opening Player-Data//16-TT-8/Inputs-TT-P5-3
Opening Player-Data//16-TT-8/Inputs-TT-P6-3
Opening Player-Data//16-TT-8/Inputs-TT-P7-3
Opening Player-Data//16-TT-8/Inputs-TT-P8-3
Opening Player-Data//16-TT-8/Inputs-TT-P9-3
Opening Player-Data//16-TT-8/Inputs-TT-P10-3
Opening Player-Data//16-TT-8/Inputs-TT-P11-3
Opening Player-Data//16-TT-8/Inputs-TT-P12-3
Opening Player-Data//16-TT-8/Inputs-TT-P13-3
Opening Player-Data//16-TT-8/Inputs-TT-P14-3
Opening Player-Data//16-TT-8/Inputs-TT-P15-3
Opening Player-Data//16-TT-8/Inputs-TT-P0-4
Opening Player-Data//16-TT-8/Inputs-TT-P1-4
Opening Player-Data//16-TT-8/Inputs-TT-P2-4
Opening Player-Data//16-TT-8/Inputs-TT-P3-4
Opening Player-Data//16-TT-8/Inputs-TT-P4-4
Opening Player-Data//16-TT-8/Inputs-TT-P5-4
Opening Player-Data//16-TT-8/Inputs-TT-P6-4
Opening Player-Data//16-TT-8/Inputs-TT-P7-4
Opening Player-Data//16-TT-8/Inputs-TT-P8-4
Opening Player-Data//16-TT-8/Inputs-TT-P9-4
Opening Player-Data//16-TT-8/Inputs-TT-P10-4
Opening Player-Data//16-TT-8/Inputs-TT-P11-4
Opening Player-Data//16-TT-8/Inputs-TT-P12-4
Opening Player-Data//16-TT-8/Inputs-TT-P13-4
Opening Player-Data//16-TT-8/Inputs-TT-P14-4
Opening Player-Data//16-TT-8/Inputs-TT-P15-4
Opening Player-Data//16-TT-8/Inputs-TT-P0-5
Opening Player-Data//16-TT-8/Inputs-TT-P1-5
Opening Player-Data//16-TT-8/Inputs-TT-P2-5
Opening Player-Data//16-TT-8/Inputs-TT-P3-5
Opening Player-Data//16-TT-8/Inputs-TT-P4-5
Opening Player-Data//16-TT-8/Inputs-TT-P5-5
Opening Player-Data//16-TT-8/Inputs-TT-P6-5
Opening Player-Data//16-TT-8/Inputs-TT-P7-5
Opening Player-Data//16-TT-8/Inputs-TT-P8-5
Opening Player-Data//16-TT-8/Inputs-TT-P9-5
Opening Player-Data//16-TT-8/Inputs-TT-P10-5
Opening Player-Data//16-TT-8/Inputs-TT-P11-5
Opening Player-Data//16-TT-8/Inputs-TT-P12-5
Opening Player-Data//16-TT-8/Inputs-TT-P13-5
Opening Player-Data//16-TT-8/Inputs-TT-P14-5
Opening Player-Data//16-TT-8/Inputs-TT-P15-5
Opening Player-Data//16-TT-8/Inputs-TT-P0-6
Opening Player-Data//16-TT-8/Inputs-TT-P1-6
Opening Player-Data//16-TT-8/Inputs-TT-P2-6
Opening Player-Data//16-TT-8/Inputs-TT-P3-6
Opening Player-Data//16-TT-8/Inputs-TT-P4-6
Opening Player-Data//16-TT-8/Inputs-TT-P5-6
Opening Player-Data//16-TT-8/Inputs-TT-P6-6
Opening Player-Data//16-TT-8/Inputs-TT-P7-6
Opening Player-Data//16-TT-8/Inputs-TT-P8-6
Opening Player-Data//16-TT-8/Inputs-TT-P9-6
Opening Player-Data//16-TT-8/Inputs-TT-P10-6
Opening Player-Data//16-TT-8/Inputs-TT-P11-6
Opening Player-Data//16-TT-8/Inputs-TT-P12-6
Opening Player-Data//16-TT-8/Inputs-TT-P13-6
Opening Player-Data//16-TT-8/Inputs-TT-P14-6
Opening Player-Data//16-TT-8/Inputs-TT-P15-6
Opening Player-Data//16-TT-8/Inputs-TT-P0-7
Opening Player-Data//16-TT-8/Inputs-TT-P1-7
Opening Player-Data//16-TT-8/Inputs-TT-P2-7
Opening Player-Data//16-TT-8/Inputs-TT-P3-7
Opening Player-Data//16-TT-8/Inputs-TT-P4-7
Opening Player-Data//16-TT-8/Inputs-TT-P5-7
Opening Player-Data//16-TT-8/Inputs-TT-P6-7
Opening Player-Data//16-TT-8/Inputs-TT-P7-7
Opening Player-Data//16-TT-8/Inputs-TT-P8-7
Opening Player-Data//16-TT-8/Inputs-TT-P9-7
Opening Player-Data//16-TT-8/Inputs-TT-P10-7
Opening Player-Data//16-TT-8/Inputs-TT-P11-7
Opening Player-Data//16-TT-8/Inputs-TT-P12-7
Opening Player-Data//16-TT-8/Inputs-TT-P13-7
Opening Player-Data//16-TT-8/Inputs-TT-P14-7
Opening Player-Data//16-TT-8/Inputs-TT-P15-7
Opening Player-Data//16-TT-8/Inputs-TT-P0-8
Opening Player-Data//16-TT-8/Inputs-TT-P1-8
Opening Player-Data//16-TT-8/Inputs-TT-P2-8
Opening Player-Data//16-TT-8/Inputs-TT-P3-8
Opening Player-Data//16-TT-8/Inputs-TT-P4-8
Opening Player-Data//16-TT-8/Inputs-TT-P5-8
Opening Player-Data//16-TT-8/Inputs-TT-P6-8
Opening Player-Data//16-TT-8/Inputs-TT-P7-8
Opening Player-Data//16-TT-8/Inputs-TT-P8-8
Opening Player-Data//16-TT-8/Inputs-TT-P9-8
Opening Player-Data//16-TT-8/Inputs-TT-P10-8
Opening Player-Data//16-TT-8/Inputs-TT-P11-8
Opening Player-Data//16-TT-8/Inputs-TT-P12-8
Opening Player-Data//16-TT-8/Inputs-TT-P13-8
Opening Player-Data//16-TT-8/Inputs-TT-P14-8
Opening Player-Data//16-TT-8/Inputs-TT-P15-8
Opening Player-Data//16-TT-8/Inputs-TT-P0-9
Opening Player-Data//16-TT-8/Inputs-TT-P1-9
Opening Player-Data//16-TT-8/Inputs-TT-P2-9
Opening Player-Data//16-TT-8/Inputs-TT-P3-9
Opening Player-Data//16-TT-8/Inputs-TT-P4-9
Opening Player-Data//16-TT-8/Inputs-TT-P5-9
Opening Player-Data//16-TT-8/Inputs-TT-P6-9
Opening Player-Data//16-TT-8/Inputs-TT-P7-9
Opening Player-Data//16-TT-8/Inputs-TT-P8-9
Opening Player-Data//16-TT-8/Inputs-TT-P9-9
Opening Player-Data//16-TT-8/Inputs-TT-P10-9
Opening Player-Data//16-TT-8/Inputs-TT-P11-9
Opening Player-Data//16-TT-8/Inputs-TT-P12-9
Opening Player-Data//16-TT-8/Inputs-TT-P13-9
Opening Player-Data//16-TT-8/Inputs-TT-P14-9
Opening Player-Data//16-TT-8/Inputs-TT-P15-9
Opening Player-Data//16-TT-8/Inputs-TT-P0-10
Opening Player-Data//16-TT-8/Inputs-TT-P1-10
Opening Player-Data//16-TT-8/Inputs-TT-P2-10
Opening Player-Data//16-TT-8/Inputs-TT-P3-10
Opening Player-Data//16-TT-8/Inputs-TT-P4-10
Opening Player-Data//16-TT-8/Inputs-TT-P5-10
Opening Player-Data//16-TT-8/Inputs-TT-P6-10
Opening Player-Data//16-TT-8/Inputs-TT-P7-10
Opening Player-Data//16-TT-8/Inputs-TT-P8-10
Opening Player-Data//16-TT-8/Inputs-TT-P9-10
Opening Player-Data//16-TT-8/Inputs-TT-P10-10
Opening Player-Data//16-TT-8/Inputs-TT-P11-10
Opening Player-Data//16-TT-8/Inputs-TT-P12-10
Opening Player-Data//16-TT-8/Inputs-TT-P13-10
Opening Player-Data//16-TT-8/Inputs-TT-P14-10
Opening Player-Data//16-TT-8/Inputs-TT-P15-10
Opening Player-Data//16-TT-8/Inputs-TT-P0-11
Opening Player-Data//16-TT-8/Inputs-TT-P1-11
Opening Player-Data//16-TT-8/Inputs-TT-P2-11
Opening Player-Data//16-TT-8/Inputs-TT-P3-11
Opening Player-Data//16-TT-8/Inputs-TT-P4-11
Opening Player-Data//16-TT-8/Inputs-TT-P5-11
Opening Player-Data//16-TT-8/Inputs-TT-P6-11
Opening Player-Data//16-TT-8/Inputs-TT-P7-11
Opening Player-Data//16-TT-8/Inputs-TT-P8-11
Opening Player-Data//16-TT-8/Inputs-TT-P9-11
Opening Player-Data//16-TT-8/Inputs-TT-P10-11
Opening Player-Data//16-TT-8/Inputs-TT-P11-11
Opening Player-Data//16-TT-8/Inputs-TT-P12-11
Opening Player-Data//16-TT-8/Inputs-TT-P13-11
Opening Player-Data//16-TT-8/Inputs-TT-P14-11
Opening Player-Data//16-TT-8/Inputs-TT-P15-11
Opening Player-Data//16-TT-8/Inputs-TT-P0-12
Opening Player-Data//16-TT-8/Inputs-TT-P1-12
Opening Player-Data//16-TT-8/Inputs-TT-P2-12
Opening Player-Data//16-TT-8/Inputs-TT-P3-12
Opening Player-Data//16-TT-8/Inputs-TT-P4-12
Opening Player-Data//16-TT-8/Inputs-TT-P5-12
Opening Player-Data//16-TT-8/Inputs-TT-P6-12
Opening Player-Data//16-TT-8/Inputs-TT-P7-12
Opening Player-Data//16-TT-8/Inputs-TT-P8-12
Opening Player-Data//16-TT-8/Inputs-TT-P9-12
Opening Player-Data//16-TT-8/Inputs-TT-P10-12
Opening Player-Data//16-TT-8/Inputs-TT-P11-12
Opening Player-Data//16-TT-8/Inputs-TT-P12-12
Opening Player-Data//16-TT-8/Inputs-TT-P13-12
Opening Player-Data//16-TT-8/Inputs-TT-P14-12
Opening Player-Data//16-TT-8/Inputs-TT-P15-12
Opening Player-Data//16-TT-8/Inputs-TT-P0-13
Opening Player-Data//16-TT-8/Inputs-TT-P1-13
Opening Player-Data//16-TT-8/Inputs-TT-P2-13
Opening Player-Data//16-TT-8/Inputs-TT-P3-13
Opening Player-Data//16-TT-8/Inputs-TT-P4-13
Opening Player-Data//16-TT-8/Inputs-TT-P5-13
Opening Player-Data//16-TT-8/Inputs-TT-P6-13
Opening Player-Data//16-TT-8/Inputs-TT-P7-13
Opening Player-Data//16-TT-8/Inputs-TT-P8-13
Opening Player-Data//16-TT-8/Inputs-TT-P9-13
Opening Player-Data//16-TT-8/Inputs-TT-P10-13
Opening Player-Data//16-TT-8/Inputs-TT-P11-13
Opening Player-Data//16-TT-8/Inputs-TT-P12-13
Opening Player-Data//16-TT-8/Inputs-TT-P13-13
Opening Player-Data//16-TT-8/Inputs-TT-P14-13
Opening Player-Data//16-TT-8/Inputs-TT-P15-13
Opening Player-Data//16-TT-8/Inputs-TT-P0-14
Opening Player-Data//16-TT-8/Inputs-TT-P1-14
Opening Player-Data//16-TT-8/Inputs-TT-P2-14
Opening Player-Data//16-TT-8/Inputs-TT-P3-14
Opening Player-Data//16-TT-8/Inputs-TT-P4-14
Opening Player-Data//16-TT-8/Inputs-TT-P5-14
Opening Player-Data//16-TT-8/Inputs-TT-P6-14
Opening Player-Data//16-TT-8/Inputs-TT-P7-14
Opening Player-Data//16-TT-8/Inputs-TT-P8-14
Opening Player-Data//16-TT-8/Inputs-TT-P9-14
Opening Player-Data//16-TT-8/Inputs-TT-P10-14
Opening Player-Data//16-TT-8/Inputs-TT-P11-14
Opening Player-Data//16-TT-8/Inputs-TT-P12-14
Opening Player-Data//16-TT-8/Inputs-TT-P13-14
Opening Player-Data//16-TT-8/Inputs-TT-P14-14
Opening Player-Data//16-TT-8/Inputs-TT-P15-14
Opening Player-Data//16-TT-8/Inputs-TT-P0-15
Opening Player-Data//16-TT-8/Inputs-TT-P1-15
Opening Player-Data//16-TT-8/Inputs-TT-P2-15
Opening Player-Data//16-TT-8/Inputs-TT-P3-15
Opening Player-Data//16-TT-8/Inputs-TT-P4-15
Opening Player-Data//16-TT-8/Inputs-TT-P5-15
Opening Player-Data//16-TT-8/Inputs-TT-P6-15
Opening Player-Data//16-TT-8/Inputs-TT-P7-15
Opening Player-Data//16-TT-8/Inputs-TT-P8-15
Opening Player-Data//16-TT-8/Inputs-TT-P9-15
Opening Player-Data//16-TT-8/Inputs-TT-P10-15
Opening Player-Data//16-TT-8/Inputs-TT-P11-15
Opening Player-Data//16-TT-8/Inputs-TT-P12-15
Opening Player-Data//16-TT-8/Inputs-TT-P13-15
Opening Player-Data//16-TT-8/Inputs-TT-P14-15
Opening Player-Data//16-TT-8/Inputs-TT-P15-15
Opening Player-Data//16-Z64,64-64/daBits-Z64,64-P0
Opening Player-Data//16-Z64,64-64/daBits-Z64,64-P1
Opening Player-Data//16-Z64,64-64/daBits-Z64,64-P2
Opening Player-Data//16-Z64,64-64/daBits-Z64,64-P3
Opening Player-Data//16-Z64,64-64/daBits-Z64,64-P4
Opening Player-Data//16-Z64,64-64/daBits-Z64,64-P5
Opening Player-Data//16-Z64,64-64/daBits-Z64,64-P6
Opening Player-Data//16-Z64,64-64/daBits-Z64,64-P7
Opening Player-Data//16-Z64,64-64/daBits-Z64,64-P8
Opening Player-Data//16-Z64,64-64/daBits-Z64,64-P9
Opening Player-Data//16-Z64,64-64/daBits-Z64,64-P10
Opening Player-Data//16-Z64,64-64/daBits-Z64,64-P11
Opening Player-Data//16-Z64,64-64/daBits-Z64,64-P12
Opening Player-Data//16-Z64,64-64/daBits-Z64,64-P13
Opening Player-Data//16-Z64,64-64/daBits-Z64,64-P14
Opening Player-Data//16-Z64,64-64/daBits-Z64,64-P15
Opening Player-Data//16-MS2-8/Triples-MS2-P0
Opening Player-Data//16-MS2-8/Triples-MS2-P1
Opening Player-Data//16-MS2-8/Triples-MS2-P2
Opening Player-Data//16-MS2-8/Triples-MS2-P3
Opening Player-Data//16-MS2-8/Triples-MS2-P4
Opening Player-Data//16-MS2-8/Triples-MS2-P5
Opening Player-Data//16-MS2-8/Triples-MS2-P6
Opening Player-Data//16-MS2-8/Triples-MS2-P7
Opening Player-Data//16-MS2-8/Triples-MS2-P8
Opening Player-Data//16-MS2-8/Triples-MS2-P9
Opening Player-Data//16-MS2-8/Triples-MS2-P10
Opening Player-Data//16-MS2-8/Triples-MS2-P11
Opening Player-Data//16-MS2-8/Triples-MS2-P12
Opening Player-Data//16-MS2-8/Triples-MS2-P13
Opening Player-Data//16-MS2-8/Triples-MS2-P14
Opening Player-Data//16-MS2-8/Triples-MS2-P15
Opening Player-Data//16-MS2-8/Bits-MS2-P0
Opening Player-Data//16-MS2-8/Bits-MS2-P1
Opening Player-Data//16-MS2-8/Bits-MS2-P2
Opening Player-Data//16-MS2-8/Bits-MS2-P3
Opening Player-Data//16-MS2-8/Bits-MS2-P4
Opening Player-Data//16-MS2-8/Bits-MS2-P5
Opening Player-Data//16-MS2-8/Bits-MS2-P6
Opening Player-Data//16-MS2-8/Bits-MS2-P7
Opening Player-Data//16-MS2-8/Bits-MS2-P8
Opening Player-Data//16-MS2-8/Bits-MS2-P9
Opening Player-Data//16-MS2-8/Bits-MS2-P10
Opening Player-Data//16-MS2-8/Bits-MS2-P11
Opening Player-Data//16-MS2-8/Bits-MS2-P12
Opening Player-Data//16-MS2-8/Bits-MS2-P13
Opening Player-Data//16-MS2-8/Bits-MS2-P14
Opening Player-Data//16-MS2-8/Bits-MS2-P15
Opening Player-Data//16-D2-128/Triples-D2-P0
Opening Player-Data//16-D2-128/Triples-D2-P1
Opening Player-Data//16-D2-128/Triples-D2-P2
Opening Player-Data//16-D2-128/Triples-D2-P3
Opening Player-Data//16-D2-128/Triples-D2-P4
Opening Player-Data//16-D2-128/Triples-D2-P5
Opening Player-Data//16-D2-128/Triples-D2-P6
Opening Player-Data//16-D2-128/Triples-D2-P7
Opening Player-Data//16-D2-128/Triples-D2-P8
Opening Player-Data//16-D2-128/Triples-D2-P9
Opening Player-Data//16-D2-128/Triples-D2-P10
Opening Player-Data//16-D2-128/Triples-D2-P11
Opening Player-Data//16-D2-128/Triples-D2-P12
Opening Player-Data//16-D2-128/Triples-D2-P13
Opening Player-Data//16-D2-128/Triples-D2-P14
Opening Player-Data//16-D2-128/Triples-D2-P15
Opening Player-Data//16-D2-128/Bits-D2-P0
Opening Player-Data//16-D2-128/Bits-D2-P1
Opening Player-Data//16-D2-128/Bits-D2-P2
Opening Player-Data//16-D2-128/Bits-D2-P3
Opening Player-Data//16-D2-128/Bits-D2-P4
Opening Player-Data//16-D2-128/Bits-D2-P5
Opening Player-Data//16-D2-128/Bits-D2-P6
Opening Player-Data//16-D2-128/Bits-D2-P7
Opening Player-Data//16-D2-128/Bits-D2-P8
Opening Player-Data//16-D2-128/Bits-D2-P9
Opening Player-Data//16-D2-128/Bits-D2-P10
Opening Player-Data//16-D2-128/Bits-D2-P11
Opening Player-Data//16-D2-128/Bits-D2-P12
Opening Player-Data//16-D2-128/Bits-D2-P13
Opening Player-Data//16-D2-128/Bits-D2-P14
Opening Player-Data//16-D2-128/Bits-D2-P15
Opening Player-Data//16-D2-128/Inputs-D2-P0-0
Opening Player-Data//16-D2-128/Inputs-D2-P1-0
Opening Player-Data//16-D2-128/Inputs-D2-P2-0
Opening Player-Data//16-D2-128/Inputs-D2-P3-0
Opening Player-Data//16-D2-128/Inputs-D2-P4-0
Opening Player-Data//16-D2-128/Inputs-D2-P5-0
Opening Player-Data//16-D2-128/Inputs-D2-P6-0
Opening Player-Data//16-D2-128/Inputs-D2-P7-0
Opening Player-Data//16-D2-128/Inputs-D2-P8-0
Opening Player-Data//16-D2-128/Inputs-D2-P9-0
Opening Player-Data//16-D2-128/Inputs-D2-P10-0
Opening Player-Data//16-D2-128/Inputs-D2-P11-0
Opening Player-Data//16-D2-128/Inputs-D2-P12-0
Opening Player-Data//16-D2-128/Inputs-D2-P13-0
Opening Player-Data//16-D2-128/Inputs-D2-P14-0
Opening Player-Data//16-D2-128/Inputs-D2-P15-0
Opening Player-Data//16-D2-128/Inputs-D2-P0-1
Opening Player-Data//16-D2-128/Inputs-D2-P1-1
Opening Player-Data//16-D2-128/Inputs-D2-P2-1
Opening Player-Data//16-D2-128/Inputs-D2-P3-1
Opening Player-Data//16-D2-128/Inputs-D2-P4-1
Opening Player-Data//16-D2-128/Inputs-D2-P5-1
Opening Player-Data//16-D2-128/Inputs-D2-P6-1
Opening Player-Data//16-D2-128/Inputs-D2-P7-1
Opening Player-Data//16-D2-128/Inputs-D2-P8-1
Opening Player-Data//16-D2-128/Inputs-D2-P9-1
Opening Player-Data//16-D2-128/Inputs-D2-P10-1
Opening Player-Data//16-D2-128/Inputs-D2-P11-1
Opening Player-Data//16-D2-128/Inputs-D2-P12-1
Opening Player-Data//16-D2-128/Inputs-D2-P13-1
Opening Player-Data//16-D2-128/Inputs-D2-P14-1
Opening Player-Data//16-D2-128/Inputs-D2-P15-1
Opening Player-Data//16-D2-128/Inputs-D2-P0-2
Opening Player-Data//16-D2-128/Inputs-D2-P1-2
Opening Player-Data//16-D2-128/Inputs-D2-P2-2
Opening Player-Data//16-D2-128/Inputs-D2-P3-2
Opening Player-Data//16-D2-128/Inputs-D2-P4-2
Opening Player-Data//16-D2-128/Inputs-D2-P5-2
Opening Player-Data//16-D2-128/Inputs-D2-P6-2
Opening Player-Data//16-D2-128/Inputs-D2-P7-2
Opening Player-Data//16-D2-128/Inputs-D2-P8-2
Opening Player-Data//16-D2-128/Inputs-D2-P9-2
Opening Player-Data//16-D2-128/Inputs-D2-P10-2
Opening Player-Data//16-D2-128/Inputs-D2-P11-2
Opening Player-Data//16-D2-128/Inputs-D2-P12-2
Opening Player-Data//16-D2-128/Inputs-D2-P13-2
Opening Player-Data//16-D2-128/Inputs-D2-P14-2
Opening Player-Data//16-D2-128/Inputs-D2-P15-2
Opening Player-Data//16-D2-128/Inputs-D2-P0-3
Opening Player-Data//16-D2-128/Inputs-D2-P1-3
Opening Player-Data//16-D2-128/Inputs-D2-P2-3
Opening Player-Data//16-D2-128/Inputs-D2-P3-3
Opening Player-Data//16-D2-128/Inputs-D2-P4-3
Opening Player-Data//16-D2-128/Inputs-D2-P5-3
Opening Player-Data//16-D2-128/Inputs-D2-P6-3
Opening Player-Data//16-D2-128/Inputs-D2-P7-3
Opening Player-Data//16-D2-128/Inputs-D2-P8-3
Opening Player-Data//16-D2-128/Inputs-D2-P9-3
Opening Player-Data//16-D2-128/Inputs-D2-P10-3
Opening Player-Data//16-D2-128/Inputs-D2-P11-3
Opening Player-Data//16-D2-128/Inputs-D2-P12-3
Opening Player-Data//16-D2-128/Inputs-D2-P13-3
Opening Player-Data//16-D2-128/Inputs-D2-P14-3
Opening Player-Data//16-D2-128/Inputs-D2-P15-3
Opening Player-Data//16-D2-128/Inputs-D2-P0-4
Opening Player-Data//16-D2-128/Inputs-D2-P1-4
Opening Player-Data//16-D2-128/Inputs-D2-P2-4
Opening Player-Data//16-D2-128/Inputs-D2-P3-4
Opening Player-Data//16-D2-128/Inputs-D2-P4-4
Opening Player-Data//16-D2-128/Inputs-D2-P5-4
Opening Player-Data//16-D2-128/Inputs-D2-P6-4
Opening Player-Data//16-D2-128/Inputs-D2-P7-4
Opening Player-Data//16-D2-128/Inputs-D2-P8-4
Opening Player-Data//16-D2-128/Inputs-D2-P9-4
Opening Player-Data//16-D2-128/Inputs-D2-P10-4
Opening Player-Data//16-D2-128/Inputs-D2-P11-4
Opening Player-Data//16-D2-128/Inputs-D2-P12-4
Opening Player-Data//16-D2-128/Inputs-D2-P13-4
Opening Player-Data//16-D2-128/Inputs-D2-P14-4
Opening Player-Data//16-D2-128/Inputs-D2-P15-4
Opening Player-Data//16-D2-128/Inputs-D2-P0-5
Opening Player-Data//16-D2-128/Inputs-D2-P1-5
Opening Player-Data//16-D2-128/Inputs-D2-P2-5
Opening Player-Data//16-D2-128/Inputs-D2-P3-5
Opening Player-Data//16-D2-128/Inputs-D2-P4-5
Opening Player-Data//16-D2-128/Inputs-D2-P5-5
Opening Player-Data//16-D2-128/Inputs-D2-P6-5
Opening Player-Data//16-D2-128/Inputs-D2-P7-5
Opening Player-Data//16-D2-128/Inputs-D2-P8-5
Opening Player-Data//16-D2-128/Inputs-D2-P9-5
Opening Player-Data//16-D2-128/Inputs-D2-P10-5
Opening Player-Data//16-D2-128/Inputs-D2-P11-5
Opening Player-Data//16-D2-128/Inputs-D2-P12-5
Opening Player-Data//16-D2-128/Inputs-D2-P13-5
Opening Player-Data//16-D2-128/Inputs-D2-P14-5
Opening Player-Data//16-D2-128/Inputs-D2-P15-5
Opening Player-Data//16-D2-128/Inputs-D2-P0-6
Opening Player-Data//16-D2-128/Inputs-D2-P1-6
Opening Player-Data//16-D2-128/Inputs-D2-P2-6
Opening Player-Data//16-D2-128/Inputs-D2-P3-6
Opening Player-Data//16-D2-128/Inputs-D2-P4-6
Opening Player-Data//16-D2-128/Inputs-D2-P5-6
Opening Player-Data//16-D2-128/Inputs-D2-P6-6
Opening Player-Data//16-D2-128/Inputs-D2-P7-6
Opening Player-Data//16-D2-128/Inputs-D2-P8-6
Opening Player-Data//16-D2-128/Inputs-D2-P9-6
Opening Player-Data//16-D2-128/Inputs-D2-P10-6
Opening Player-Data//16-D2-128/Inputs-D2-P11-6
Opening Player-Data//16-D2-128/Inputs-D2-P12-6
Opening Player-Data//16-D2-128/Inputs-D2-P13-6
Opening Player-Data//16-D2-128/Inputs-D2-P14-6
Opening Player-Data//16-D2-128/Inputs-D2-P15-6
Opening Player-Data//16-D2-128/Inputs-D2-P0-7
Opening Player-Data//16-D2-128/Inputs-D2-P1-7
Opening Player-Data//16-D2-128/Inputs-D2-P2-7
Opening Player-Data//16-D2-128/Inputs-D2-P3-7
Opening Player-Data//16-D2-128/Inputs-D2-P4-7
Opening Player-Data//16-D2-128/Inputs-D2-P5-7
Opening Player-Data//16-D2-128/Inputs-D2-P6-7
Opening Player-Data//16-D2-128/Inputs-D2-P7-7
Opening Player-Data//16-D2-128/Inputs-D2-P8-7
Opening Player-Data//16-D2-128/Inputs-D2-P9-7
Opening Player-Data//16-D2-128/Inputs-D2-P10-7
Opening Player-Data//16-D2-128/Inputs-D2-P11-7
Opening Player-Data//16-D2-128/Inputs-D2-P12-7
Opening Player-Data//16-D2-128/Inputs-D2-P13-7
Opening Player-Data//16-D2-128/Inputs-D2-P14-7
Opening Player-Data//16-D2-128/Inputs-D2-P15-7
Opening Player-Data//16-D2-128/Inputs-D2-P0-8
Opening Player-Data//16-D2-128/Inputs-D2-P1-8
Opening Player-Data//16-D2-128/Inputs-D2-P2-8
Opening Player-Data//16-D2-128/Inputs-D2-P3-8
Opening Player-Data//16-D2-128/Inputs-D2-P4-8
Opening Player-Data//16-D2-128/Inputs-D2-P5-8
Opening Player-Data//16-D2-128/Inputs-D2-P6-8
Opening Player-Data//16-D2-128/Inputs-D2-P7-8
Opening Player-Data//16-D2-128/Inputs-D2-P8-8
Opening Player-Data//16-D2-128/Inputs-D2-P9-8
Opening Player-Data//16-D2-128/Inputs-D2-P10-8
Opening Player-Data//16-D2-128/Inputs-D2-P11-8
Opening Player-Data//16-D2-128/Inputs-D2-P12-8
Opening Player-Data//16-D2-128/Inputs-D2-P13-8
Opening Player-Data//16-D2-128/Inputs-D2-P14-8
Opening Player-Data//16-D2-128/Inputs-D2-P15-8
Opening Player-Data//16-D2-128/Inputs-D2-P0-9
Opening Player-Data//16-D2-128/Inputs-D2-P1-9
Opening Player-Data//16-D2-128/Inputs-D2-P2-9
Opening Player-Data//16-D2-128/Inputs-D2-P3-9
Opening Player-Data//16-D2-128/Inputs-D2-P4-9
Opening Player-Data//16-D2-128/Inputs-D2-P5-9
Opening Player-Data//16-D2-128/Inputs-D2-P6-9
Opening Player-Data//16-D2-128/Inputs-D2-P7-9
Opening Player-Data//16-D2-128/Inputs-D2-P8-9
Opening Player-Data//16-D2-128/Inputs-D2-P9-9
Opening Player-Data//16-D2-128/Inputs-D2-P10-9
Opening Player-Data//16-D2-128/Inputs-D2-P11-9
Opening Player-Data//16-D2-128/Inputs-D2-P12-9
Opening Player-Data//16-D2-128/Inputs-D2-P13-9
Opening Player-Data//16-D2-128/Inputs-D2-P14-9
Opening Player-Data//16-D2-128/Inputs-D2-P15-9
Opening Player-Data//16-D2-128/Inputs-D2-P0-10
Opening Player-Data//16-D2-128/Inputs-D2-P1-10
Opening Player-Data//16-D2-128/Inputs-D2-P2-10
Opening Player-Data//16-D2-128/Inputs-D2-P3-10
Opening Player-Data//16-D2-128/Inputs-D2-P4-10
Opening Player-Data//16-D2-128/Inputs-D2-P5-10
Opening Player-Data//16-D2-128/Inputs-D2-P6-10
Opening Player-Data//16-D2-128/Inputs-D2-P7-10
Opening Player-Data//16-D2-128/Inputs-D2-P8-10
Opening Player-Data//16-D2-128/Inputs-D2-P9-10
Opening Player-Data//16-D2-128/Inputs-D2-P10-10
Opening Player-Data//16-D2-128/Inputs-D2-P11-10
Opening Player-Data//16-D2-128/Inputs-D2-P12-10
Opening Player-Data//16-D2-128/Inputs-D2-P13-10
Opening Player-Data//16-D2-128/Inputs-D2-P14-10
Opening Player-Data//16-D2-128/Inputs-D2-P15-10
Opening Player-Data//16-D2-128/Inputs-D2-P0-11
Opening Player-Data//16-D2-128/Inputs-D2-P1-11
Opening Player-Data//16-D2-128/Inputs-D2-P2-11
Opening Player-Data//16-D2-128/Inputs-D2-P3-11
Opening Player-Data//16-D2-128/Inputs-D2-P4-11
Opening Player-Data//16-D2-128/Inputs-D2-P5-11
Opening Player-Data//16-D2-128/Inputs-D2-P6-11
Opening Player-Data//16-D2-128/Inputs-D2-P7-11
Opening Player-Data//16-D2-128/Inputs-D2-P8-11
Opening Player-Data//16-D2-128/Inputs-D2-P9-11
Opening Player-Data//16-D2-128/Inputs-D2-P10-11
Opening Player-Data//16-D2-128/Inputs-D2-P11-11
Opening Player-Data//16-D2-128/Inputs-D2-P12-11
Opening Player-Data//16-D2-128/Inputs-D2-P13-11
Opening Player-Data//16-D2-128/Inputs-D2-P14-11
Opening Player-Data//16-D2-128/Inputs-D2-P15-11
Opening Player-Data//16-D2-128/Inputs-D2-P0-12
Opening Player-Data//16-D2-128/Inputs-D2-P1-12
Opening Player-Data//16-D2-128/Inputs-D2-P2-12
Opening Player-Data//16-D2-128/Inputs-D2-P3-12
Opening Player-Data//16-D2-128/Inputs-D2-P4-12
Opening Player-Data//16-D2-128/Inputs-D2-P5-12
Opening Player-Data//16-D2-128/Inputs-D2-P6-12
Opening Player-Data//16-D2-128/Inputs-D2-P7-12
Opening Player-Data//16-D2-128/Inputs-D2-P8-12
Opening Player-Data//16-D2-128/Inputs-D2-P9-12
Opening Player-Data//16-D2-128/Inputs-D2-P10-12
Opening Player-Data//16-D2-128/Inputs-D2-P11-12
Opening Player-Data//16-D2-128/Inputs-D2-P12-12
Opening Player-Data//16-D2-128/Inputs-D2-P13-12
Opening Player-Data//16-D2-128/Inputs-D2-P14-12
Opening Player-Data//16-D2-128/Inputs-D2-P15-12
Opening Player-Data//16-D2-128/Inputs-D2-P0-13
Opening Player-Data//16-D2-128/Inputs-D2-P1-13
Opening Player-Data//16-D2-128/Inputs-D2-P2-13
Opening Player-Data//16-D2-128/Inputs-D2-P3-13
Opening Player-Data//16-D2-128/Inputs-D2-P4-13
Opening Player-Data//16-D2-128/Inputs-D2-P5-13
Opening Player-Data//16-D2-128/Inputs-D2-P6-13
Opening Player-Data//16-D2-128/Inputs-D2-P7-13
Opening Player-Data//16-D2-128/Inputs-D2-P8-13
Opening Player-Data//16-D2-128/Inputs-D2-P9-13
Opening Player-Data//16-D2-128/Inputs-D2-P10-13
Opening Player-Data//16-D2-128/Inputs-D2-P11-13
Opening Player-Data//16-D2-128/Inputs-D2-P12-13
Opening Player-Data//16-D2-128/Inputs-D2-P13-13
Opening Player-Data//16-D2-128/Inputs-D2-P14-13
Opening Player-Data//16-D2-128/Inputs-D2-P15-13
Opening Player-Data//16-D2-128/Inputs-D2-P0-14
Opening Player-Data//16-D2-128/Inputs-D2-P1-14
Opening Player-Data//16-D2-128/Inputs-D2-P2-14
Opening Player-Data//16-D2-128/Inputs-D2-P3-14
Opening Player-Data//16-D2-128/Inputs-D2-P4-14
Opening Player-Data//16-D2-128/Inputs-D2-P5-14
Opening Player-Data//16-D2-128/Inputs-D2-P6-14
Opening Player-Data//16-D2-128/Inputs-D2-P7-14
Opening Player-Data//16-D2-128/Inputs-D2-P8-14
Opening Player-Data//16-D2-128/Inputs-D2-P9-14
Opening Player-Data//16-D2-128/Inputs-D2-P10-14
Opening Player-Data//16-D2-128/Inputs-D2-P11-14
Opening Player-Data//16-D2-128/Inputs-D2-P12-14
Opening Player-Data//16-D2-128/Inputs-D2-P13-14
Opening Player-Data//16-D2-128/Inputs-D2-P14-14
Opening Player-Data//16-D2-128/Inputs-D2-P15-14
Opening Player-Data//16-D2-128/Inputs-D2-P0-15
Opening Player-Data//16-D2-128/Inputs-D2-P1-15
Opening Player-Data//16-D2-128/Inputs-D2-P2-15
Opening Player-Data//16-D2-128/Inputs-D2-P3-15
Opening Player-Data//16-D2-128/Inputs-D2-P4-15
Opening Player-Data//16-D2-128/Inputs-D2-P5-15
Opening Player-Data//16-D2-128/Inputs-D2-P6-15
Opening Player-Data//16-D2-128/Inputs-D2-P7-15
Opening Player-Data//16-D2-128/Inputs-D2-P8-15
Opening Player-Data//16-D2-128/Inputs-D2-P9-15
Opening Player-Data//16-D2-128/Inputs-D2-P10-15
Opening Player-Data//16-D2-128/Inputs-D2-P11-15
Opening Player-Data//16-D2-128/Inputs-D2-P12-15
Opening Player-Data//16-D2-128/Inputs-D2-P13-15
Opening Player-Data//16-D2-128/Inputs-D2-P14-15
Opening Player-Data//16-D2-128/Inputs-D2-P15-15
Opening Player-Data//16-D2-128/Squares-D2-P0
Opening Player-Data//16-D2-128/Squares-D2-P1
Opening Player-Data//16-D2-128/Squares-D2-P2
Opening Player-Data//16-D2-128/Squares-D2-P3
Opening Player-Data//16-D2-128/Squares-D2-P4
Opening Player-Data//16-D2-128/Squares-D2-P5
Opening Player-Data//16-D2-128/Squares-D2-P6
Opening Player-Data//16-D2-128/Squares-D2-P7
Opening Player-Data//16-D2-128/Squares-D2-P8
Opening Player-Data//16-D2-128/Squares-D2-P9
Opening Player-Data//16-D2-128/Squares-D2-P10
Opening Player-Data//16-D2-128/Squares-D2-P11
Opening Player-Data//16-D2-128/Squares-D2-P12
Opening Player-Data//16-D2-128/Squares-D2-P13
Opening Player-Data//16-D2-128/Squares-D2-P14
Opening Player-Data//16-D2-128/Squares-D2-P15
Opening Player-Data//16-D2-128/daBits-D2-P0
Opening Player-Data//16-D2-128/daBits-D2-P1
Opening Player-Data//16-D2-128/daBits-D2-P2
Opening Player-Data//16-D2-128/daBits-D2-P3
Opening Player-Data//16-D2-128/daBits-D2-P4
Opening Player-Data//16-D2-128/daBits-D2-P5
Opening Player-Data//16-D2-128/daBits-D2-P6
Opening Player-Data//16-D2-128/daBits-D2-P7
Opening Player-Data//16-D2-128/daBits-D2-P8
Opening Player-Data//16-D2-128/daBits-D2-P9
Opening Player-Data//16-D2-128/daBits-D2-P10
Opening Player-Data//16-D2-128/daBits-D2-P11
Opening Player-Data//16-D2-128/daBits-D2-P12
Opening Player-Data//16-D2-128/daBits-D2-P13
Opening Player-Data//16-D2-128/daBits-D2-P14
Opening Player-Data//16-D2-128/daBits-D2-P15
Opening Player-Data//16-D2-128/Inverses-D2-P0
Opening Player-Data//16-D2-128/Inverses-D2-P1
Opening Player-Data//16-D2-128/Inverses-D2-P2
Opening Player-Data//16-D2-128/Inverses-D2-P3
Opening Player-Data//16-D2-128/Inverses-D2-P4
Opening Player-Data//16-D2-128/Inverses-D2-P5
Opening Player-Data//16-D2-128/Inverses-D2-P6
Opening Player-Data//16-D2-128/Inverses-D2-P7
Opening Player-Data//16-D2-128/Inverses-D2-P8
Opening Player-Data//16-D2-128/Inverses-D2-P9
Opening Player-Data//16-D2-128/Inverses-D2-P10
Opening Player-Data//16-D2-128/Inverses-D2-P11
Opening Player-Data//16-D2-128/Inverses-D2-P12
Opening Player-Data//16-D2-128/Inverses-D2-P13
Opening Player-Data//16-D2-128/Inverses-D2-P14
Opening Player-Data//16-D2-128/Inverses-D2-P15
Opening Player-Data//16-DD2-128/Triples-DD2-P0
Opening Player-Data//16-DD2-128/Triples-DD2-P1
Opening Player-Data//16-DD2-128/Triples-DD2-P2
Opening Player-Data//16-DD2-128/Triples-DD2-P3
Opening Player-Data//16-DD2-128/Triples-DD2-P4
Opening Player-Data//16-DD2-128/Triples-DD2-P5
Opening Player-Data//16-DD2-128/Triples-DD2-P6
Opening Player-Data//16-DD2-128/Triples-DD2-P7
Opening Player-Data//16-DD2-128/Triples-DD2-P8
Opening Player-Data//16-DD2-128/Triples-DD2-P9
Opening Player-Data//16-DD2-128/Triples-DD2-P10
Opening Player-Data//16-DD2-128/Triples-DD2-P11
Opening Player-Data//16-DD2-128/Triples-DD2-P12
Opening Player-Data//16-DD2-128/Triples-DD2-P13
Opening Player-Data//16-DD2-128/Triples-DD2-P14
Opening Player-Data//16-DD2-128/Triples-DD2-P15
Opening Player-Data//16-DD2-128/Bits-DD2-P0
Opening Player-Data//16-DD2-128/Bits-DD2-P1
Opening Player-Data//16-DD2-128/Bits-DD2-P2
Opening Player-Data//16-DD2-128/Bits-DD2-P3
Opening Player-Data//16-DD2-128/Bits-DD2-P4
Opening Player-Data//16-DD2-128/Bits-DD2-P5
Opening Player-Data//16-DD2-128/Bits-DD2-P6
Opening Player-Data//16-DD2-128/Bits-DD2-P7
Opening Player-Data//16-DD2-128/Bits-DD2-P8
Opening Player-Data//16-DD2-128/Bits-DD2-P9
Opening Player-Data//16-DD2-128/Bits-DD2-P10
Opening Player-Data//16-DD2-128/Bits-DD2-P11
Opening Player-Data//16-DD2-128/Bits-DD2-P12
Opening Player-Data//16-DD2-128/Bits-DD2-P13
Opening Player-Data//16-DD2-128/Bits-DD2-P14
Opening Player-Data//16-DD2-128/Bits-DD2-P15
Opening Player-Data//16-DD2-128/Inputs-DD2-P0-0
Opening Player-Data//16-DD2-128/Inputs-DD2-P1-0
Opening Player-Data//16-DD2-128/Inputs-DD2-P2-0
Opening Player-Data//16-DD2-128/Inputs-DD2-P3-0
Opening Player-Data//16-DD2-128/Inputs-DD2-P4-0
Opening Player-Data//16-DD2-128/Inputs-DD2-P5-0
Opening Player-Data//16-DD2-128/Inputs-DD2-P6-0
Opening Player-Data//16-DD2-128/Inputs-DD2-P7-0
Opening Player-Data//16-DD2-128/Inputs-DD2-P8-0
Opening Player-Data//16-DD2-128/Inputs-DD2-P9-0
Opening Player-Data//16-DD2-128/Inputs-DD2-P10-0
Opening Player-Data//16-DD2-128/Inputs-DD2-P11-0
Opening Player-Data//16-DD2-128/Inputs-DD2-P12-0
Opening Player-Data//16-DD2-128/Inputs-DD2-P13-0
Opening Player-Data//16-DD2-128/Inputs-DD2-P14-0
Opening Player-Data//16-DD2-128/Inputs-DD2-P15-0
Opening Player-Data//16-DD2-128/Inputs-DD2-P0-1
Opening Player-Data//16-DD2-128/Inputs-DD2-P1-1
Opening Player-Data//16-DD2-128/Inputs-DD2-P2-1
Opening Player-Data//16-DD2-128/Inputs-DD2-P3-1
Opening Player-Data//16-DD2-128/Inputs-DD2-P4-1
Opening Player-Data//16-DD2-128/Inputs-DD2-P5-1
Opening Player-Data//16-DD2-128/Inputs-DD2-P6-1
Opening Player-Data//16-DD2-128/Inputs-DD2-P7-1
Opening Player-Data//16-DD2-128/Inputs-DD2-P8-1
Opening Player-Data//16-DD2-128/Inputs-DD2-P9-1
Opening Player-Data//16-DD2-128/Inputs-DD2-P10-1
Opening Player-Data//16-DD2-128/Inputs-DD2-P11-1
Opening Player-Data//16-DD2-128/Inputs-DD2-P12-1
Opening Player-Data//16-DD2-128/Inputs-DD2-P13-1
Opening Player-Data//16-DD2-128/Inputs-DD2-P14-1
Opening Player-Data//16-DD2-128/Inputs-DD2-P15-1
Opening Player-Data//16-DD2-128/Inputs-DD2-P0-2
Opening Player-Data//16-DD2-128/Inputs-DD2-P1-2
Opening Player-Data//16-DD2-128/Inputs-DD2-P2-2
Opening Player-Data//16-DD2-128/Inputs-DD2-P3-2
Opening Player-Data//16-DD2-128/Inputs-DD2-P4-2
Opening Player-Data//16-DD2-128/Inputs-DD2-P5-2
Opening Player-Data//16-DD2-128/Inputs-DD2-P6-2
Opening Player-Data//16-DD2-128/Inputs-DD2-P7-2
Opening Player-Data//16-DD2-128/Inputs-DD2-P8-2
Opening Player-Data//16-DD2-128/Inputs-DD2-P9-2
Opening Player-Data//16-DD2-128/Inputs-DD2-P10-2
Opening Player-Data//16-DD2-128/Inputs-DD2-P11-2
Opening Player-Data//16-DD2-128/Inputs-DD2-P12-2
Opening Player-Data//16-DD2-128/Inputs-DD2-P13-2
Opening Player-Data//16-DD2-128/Inputs-DD2-P14-2
Opening Player-Data//16-DD2-128/Inputs-DD2-P15-2
Opening Player-Data//16-DD2-128/Inputs-DD2-P0-3
Opening Player-Data//16-DD2-128/Inputs-DD2-P1-3
Opening Player-Data//16-DD2-128/Inputs-DD2-P2-3
Opening Player-Data//16-DD2-128/Inputs-DD2-P3-3
Opening Player-Data//16-DD2-128/Inputs-DD2-P4-3
Opening Player-Data//16-DD2-128/Inputs-DD2-P5-3
Opening Player-Data//16-DD2-128/Inputs-DD2-P6-3
Opening Player-Data//16-DD2-128/Inputs-DD2-P7-3
Opening Player-Data//16-DD2-128/Inputs-DD2-P8-3
Opening Player-Data//16-DD2-128/Inputs-DD2-P9-3
Opening Player-Data//16-DD2-128/Inputs-DD2-P10-3
Opening Player-Data//16-DD2-128/Inputs-DD2-P11-3
Opening Player-Data//16-DD2-128/Inputs-DD2-P12-3
Opening Player-Data//16-DD2-128/Inputs-DD2-P13-3
Opening Player-Data//16-DD2-128/Inputs-DD2-P14-3
Opening Player-Data//16-DD2-128/Inputs-DD2-P15-3
Opening Player-Data//16-DD2-128/Inputs-DD2-P0-4
Opening Player-Data//16-DD2-128/Inputs-DD2-P1-4
Opening Player-Data//16-DD2-128/Inputs-DD2-P2-4
Opening Player-Data//16-DD2-128/Inputs-DD2-P3-4
Opening Player-Data//16-DD2-128/Inputs-DD2-P4-4
Opening Player-Data//16-DD2-128/Inputs-DD2-P5-4
Opening Player-Data//16-DD2-128/Inputs-DD2-P6-4
Opening Player-Data//16-DD2-128/Inputs-DD2-P7-4
Opening Player-Data//16-DD2-128/Inputs-DD2-P8-4
Opening Player-Data//16-DD2-128/Inputs-DD2-P9-4
Opening Player-Data//16-DD2-128/Inputs-DD2-P10-4
Opening Player-Data//16-DD2-128/Inputs-DD2-P11-4
Opening Player-Data//16-DD2-128/Inputs-DD2-P12-4
Opening Player-Data//16-DD2-128/Inputs-DD2-P13-4
Opening Player-Data//16-DD2-128/Inputs-DD2-P14-4
Opening Player-Data//16-DD2-128/Inputs-DD2-P15-4
Opening Player-Data//16-DD2-128/Inputs-DD2-P0-5
Opening Player-Data//16-DD2-128/Inputs-DD2-P1-5
Opening Player-Data//16-DD2-128/Inputs-DD2-P2-5
Opening Player-Data//16-DD2-128/Inputs-DD2-P3-5
Opening Player-Data//16-DD2-128/Inputs-DD2-P4-5
Opening Player-Data//16-DD2-128/Inputs-DD2-P5-5
Opening Player-Data//16-DD2-128/Inputs-DD2-P6-5
Opening Player-Data//16-DD2-128/Inputs-DD2-P7-5
Opening Player-Data//16-DD2-128/Inputs-DD2-P8-5
Opening Player-Data//16-DD2-128/Inputs-DD2-P9-5
Opening Player-Data//16-DD2-128/Inputs-DD2-P10-5
Opening Player-Data//16-DD2-128/Inputs-DD2-P11-5
Opening Player-Data//16-DD2-128/Inputs-DD2-P12-5
Opening Player-Data//16-DD2-128/Inputs-DD2-P13-5
Opening Player-Data//16-DD2-128/Inputs-DD2-P14-5
Opening Player-Data//16-DD2-128/Inputs-DD2-P15-5
Opening Player-Data//16-DD2-128/Inputs-DD2-P0-6
Opening Player-Data//16-DD2-128/Inputs-DD2-P1-6
Opening Player-Data//16-DD2-128/Inputs-DD2-P2-6
Opening Player-Data//16-DD2-128/Inputs-DD2-P3-6
Opening Player-Data//16-DD2-128/Inputs-DD2-P4-6
Opening Player-Data//16-DD2-128/Inputs-DD2-P5-6
Opening Player-Data//16-DD2-128/Inputs-DD2-P6-6
Opening Player-Data//16-DD2-128/Inputs-DD2-P7-6
Opening Player-Data//16-DD2-128/Inputs-DD2-P8-6
Opening Player-Data//16-DD2-128/Inputs-DD2-P9-6
Opening Player-Data//16-DD2-128/Inputs-DD2-P10-6
Opening Player-Data//16-DD2-128/Inputs-DD2-P11-6
Opening Player-Data//16-DD2-128/Inputs-DD2-P12-6
Opening Player-Data//16-DD2-128/Inputs-DD2-P13-6
Opening Player-Data//16-DD2-128/Inputs-DD2-P14-6
Opening Player-Data//16-DD2-128/Inputs-DD2-P15-6
Opening Player-Data//16-DD2-128/Inputs-DD2-P0-7
Opening Player-Data//16-DD2-128/Inputs-DD2-P1-7
Opening Player-Data//16-DD2-128/Inputs-DD2-P2-7
Opening Player-Data//16-DD2-128/Inputs-DD2-P3-7
Opening Player-Data//16-DD2-128/Inputs-DD2-P4-7
Opening Player-Data//16-DD2-128/Inputs-DD2-P5-7
Opening Player-Data//16-DD2-128/Inputs-DD2-P6-7
Opening Player-Data//16-DD2-128/Inputs-DD2-P7-7
Opening Player-Data//16-DD2-128/Inputs-DD2-P8-7
Opening Player-Data//16-DD2-128/Inputs-DD2-P9-7
Opening Player-Data//16-DD2-128/Inputs-DD2-P10-7
Opening Player-Data//16-DD2-128/Inputs-DD2-P11-7
Opening Player-Data//16-DD2-128/Inputs-DD2-P12-7
Opening Player-Data//16-DD2-128/Inputs-DD2-P13-7
Opening Player-Data//16-DD2-128/Inputs-DD2-P14-7
Opening Player-Data//16-DD2-128/Inputs-DD2-P15-7
Opening Player-Data//16-DD2-128/Inputs-DD2-P0-8
Opening Player-Data//16-DD2-128/Inputs-DD2-P1-8
Opening Player-Data//16-DD2-128/Inputs-DD2-P2-8
Opening Player-Data//16-DD2-128/Inputs-DD2-P3-8
Opening Player-Data//16-DD2-128/Inputs-DD2-P4-8
Opening Player-Data//16-DD2-128/Inputs-DD2-P5-8
Opening Player-Data//16-DD2-128/Inputs-DD2-P6-8
Opening Player-Data//16-DD2-128/Inputs-DD2-P7-8
Opening Player-Data//16-DD2-128/Inputs-DD2-P8-8
Opening Player-Data//16-DD2-128/Inputs-DD2-P9-8
Opening Player-Data//16-DD2-128/Inputs-DD2-P10-8
Opening Player-Data//16-DD2-128/Inputs-DD2-P11-8
Opening Player-Data//16-DD2-128/Inputs-DD2-P12-8
Opening Player-Data//16-DD2-128/Inputs-DD2-P13-8
Opening Player-Data//16-DD2-128/Inputs-DD2-P14-8
Opening Player-Data//16-DD2-128/Inputs-DD2-P15-8
Opening Player-Data//16-DD2-128/Inputs-DD2-P0-9
Opening Player-Data//16-DD2-128/Inputs-DD2-P1-9
Opening Player-Data//16-DD2-128/Inputs-DD2-P2-9
Opening Player-Data//16-DD2-128/Inputs-DD2-P3-9
Opening Player-Data//16-DD2-128/Inputs-DD2-P4-9
Opening Player-Data//16-DD2-128/Inputs-DD2-P5-9
Opening Player-Data//16-DD2-128/Inputs-DD2-P6-9
Opening Player-Data//16-DD2-128/Inputs-DD2-P7-9
Opening Player-Data//16-DD2-128/Inputs-DD2-P8-9
Opening Player-Data//16-DD2-128/Inputs-DD2-P9-9
Opening Player-Data//16-DD2-128/Inputs-DD2-P10-9
Opening Player-Data//16-DD2-128/Inputs-DD2-P11-9
Opening Player-Data//16-DD2-128/Inputs-DD2-P12-9
Opening Player-Data//16-DD2-128/Inputs-DD2-P13-9
Opening Player-Data//16-DD2-128/Inputs-DD2-P14-9
Opening Player-Data//16-DD2-128/Inputs-DD2-P15-9
Opening Player-Data//16-DD2-128/Inputs-DD2-P0-10
Opening Player-Data//16-DD2-128/Inputs-DD2-P1-10
Opening Player-Data//16-DD2-128/Inputs-DD2-P2-10
Opening Player-Data//16-DD2-128/Inputs-DD2-P3-10
Opening Player-Data//16-DD2-128/Inputs-DD2-P4-10
Opening Player-Data//16-DD2-128/Inputs-DD2-P5-10
Opening Player-Data//16-DD2-128/Inputs-DD2-P6-10
Opening Player-Data//16-DD2-128/Inputs-DD2-P7-10
Opening Player-Data//16-DD2-128/Inputs-DD2-P8-10
Opening Player-Data//16-DD2-128/Inputs-DD2-P9-10
Opening Player-Data//16-DD2-128/Inputs-DD2-P10-10
Opening Player-Data//16-DD2-128/Inputs-DD2-P11-10
Opening Player-Data//16-DD2-128/Inputs-DD2-P12-10
Opening Player-Data//16-DD2-128/Inputs-DD2-P13-10
Opening Player-Data//16-DD2-128/Inputs-DD2-P14-10
Opening Player-Data//16-DD2-128/Inputs-DD2-P15-10
Opening Player-Data//16-DD2-128/Inputs-DD2-P0-11
Opening Player-Data//16-DD2-128/Inputs-DD2-P1-11
Opening Player-Data//16-DD2-128/Inputs-DD2-P2-11
Opening Player-Data//16-DD2-128/Inputs-DD2-P3-11
Opening Player-Data//16-DD2-128/Inputs-DD2-P4-11
Opening Player-Data//16-DD2-128/Inputs-DD2-P5-11
Opening Player-Data//16-DD2-128/Inputs-DD2-P6-11
Opening Player-Data//16-DD2-128/Inputs-DD2-P7-11
Opening Player-Data//16-DD2-128/Inputs-DD2-P8-11
Opening Player-Data//16-DD2-128/Inputs-DD2-P9-11
Opening Player-Data//16-DD2-128/Inputs-DD2-P10-11
Opening Player-Data//16-DD2-128/Inputs-DD2-P11-11
Opening Player-Data//16-DD2-128/Inputs-DD2-P12-11
Opening Player-Data//16-DD2-128/Inputs-DD2-P13-11
Opening Player-Data//16-DD2-128/Inputs-DD2-P14-11
Opening Player-Data//16-DD2-128/Inputs-DD2-P15-11
Opening Player-Data//16-DD2-128/Inputs-DD2-P0-12
Opening Player-Data//16-DD2-128/Inputs-DD2-P1-12
Opening Player-Data//16-DD2-128/Inputs-DD2-P2-12
Opening Player-Data//16-DD2-128/Inputs-DD2-P3-12
Opening Player-Data//16-DD2-128/Inputs-DD2-P4-12
Opening Player-Data//16-DD2-128/Inputs-DD2-P5-12
Opening Player-Data//16-DD2-128/Inputs-DD2-P6-12
Opening Player-Data//16-DD2-128/Inputs-DD2-P7-12
Opening Player-Data//16-DD2-128/Inputs-DD2-P8-12
Opening Player-Data//16-DD2-128/Inputs-DD2-P9-12
Opening Player-Data//16-DD2-128/Inputs-DD2-P10-12
Opening Player-Data//16-DD2-128/Inputs-DD2-P11-12
Opening Player-Data//16-DD2-128/Inputs-DD2-P12-12
Opening Player-Data//16-DD2-128/Inputs-DD2-P13-12
Opening Player-Data//16-DD2-128/Inputs-DD2-P14-12
Opening Player-Data//16-DD2-128/Inputs-DD2-P15-12
Opening Player-Data//16-DD2-128/Inputs-DD2-P0-13
Opening Player-Data//16-DD2-128/Inputs-DD2-P1-13
Opening Player-Data//16-DD2-128/Inputs-DD2-P2-13
Opening Player-Data//16-DD2-128/Inputs-DD2-P3-13
Opening Player-Data//16-DD2-128/Inputs-DD2-P4-13
Opening Player-Data//16-DD2-128/Inputs-DD2-P5-13
Opening Player-Data//16-DD2-128/Inputs-DD2-P6-13
Opening Player-Data//16-DD2-128/Inputs-DD2-P7-13
Opening Player-Data//16-DD2-128/Inputs-DD2-P8-13
Opening Player-Data//16-DD2-128/Inputs-DD2-P9-13
Opening Player-Data//16-DD2-128/Inputs-DD2-P10-13
Opening Player-Data//16-DD2-128/Inputs-DD2-P11-13
Opening Player-Data//16-DD2-128/Inputs-DD2-P12-13
Opening Player-Data//16-DD2-128/Inputs-DD2-P13-13
Opening Player-Data//16-DD2-128/Inputs-DD2-P14-13
Opening Player-Data//16-DD2-128/Inputs-DD2-P15-13
Opening Player-Data//16-DD2-128/Inputs-DD2-P0-14
Opening Player-Data//16-DD2-128/Inputs-DD2-P1-14
Opening Player-Data//16-DD2-128/Inputs-DD2-P2-14
Opening Player-Data//16-DD2-128/Inputs-DD2-P3-14
Opening Player-Data//16-DD2-128/Inputs-DD2-P4-14
Opening Player-Data//16-DD2-128/Inputs-DD2-P5-14
Opening Player-Data//16-DD2-128/Inputs-DD2-P6-14
Opening Player-Data//16-DD2-128/Inputs-DD2-P7-14
Opening Player-Data//16-DD2-128/Inputs-DD2-P8-14
Opening Player-Data//16-DD2-128/Inputs-DD2-P9-14
Opening Player-Data//16-DD2-128/Inputs-DD2-P10-14
Opening Player-Data//16-DD2-128/Inputs-DD2-P11-14
Opening Player-Data//16-DD2-128/Inputs-DD2-P12-14
Opening Player-Data//16-DD2-128/Inputs-DD2-P13-14
Opening Player-Data//16-DD2-128/Inputs-DD2-P14-14
Opening Player-Data//16-DD2-128/Inputs-DD2-P15-14
Opening Player-Data//16-DD2-128/Inputs-DD2-P0-15
Opening Player-Data//16-DD2-128/Inputs-DD2-P1-15
Opening Player-Data//16-DD2-128/Inputs-DD2-P2-15
Opening Player-Data//16-DD2-128/Inputs-DD2-P3-15
Opening Player-Data//16-DD2-128/Inputs-DD2-P4-15
Opening Player-Data//16-DD2-128/Inputs-DD2-P5-15
Opening Player-Data//16-DD2-128/Inputs-DD2-P6-15
Opening Player-Data//16-DD2-128/Inputs-DD2-P7-15
Opening Player-Data//16-DD2-128/Inputs-DD2-P8-15
Opening Player-Data//16-DD2-128/Inputs-DD2-P9-15
Opening Player-Data//16-DD2-128/Inputs-DD2-P10-15
Opening Player-Data//16-DD2-128/Inputs-DD2-P11-15
Opening Player-Data//16-DD2-128/Inputs-DD2-P12-15
Opening Player-Data//16-DD2-128/Inputs-DD2-P13-15
Opening Player-Data//16-DD2-128/Inputs-DD2-P14-15
Opening Player-Data//16-DD2-128/Inputs-DD2-P15-15
Opening Player-Data//16-DD2-128/Squares-DD2-P0
Opening Player-Data//16-DD2-128/Squares-DD2-P1
Opening Player-Data//16-DD2-128/Squares-DD2-P2
Opening Player-Data//16-DD2-128/Squares-DD2-P3
Opening Player-Data//16-DD2-128/Squares-DD2-P4
Opening Player-Data//16-DD2-128/Squares-DD2-P5
Opening Player-Data//16-DD2-128/Squares-DD2-P6
Opening Player-Data//16-DD2-128/Squares-DD2-P7
Opening Player-Data//16-DD2-128/Squares-DD2-P8
Opening Player-Data//16-DD2-128/Squares-DD2-P9
Opening Player-Data//16-DD2-128/Squares-DD2-P10
Opening Player-Data//16-DD2-128/Squares-DD2-P11
Opening Player-Data//16-DD2-128/Squares-DD2-P12
Opening Player-Data//16-DD2-128/Squares-DD2-P13
Opening Player-Data//16-DD2-128/Squares-DD2-P14
Opening Player-Data//16-DD2-128/Squares-DD2-P15
Opening Player-Data//16-DD2-128/daBits-DD2-P0
Opening Player-Data//16-DD2-128/daBits-DD2-P1
Opening Player-Data//16-DD2-128/daBits-DD2-P2
Opening Player-Data//16-DD2-128/daBits-DD2-P3
Opening Player-Data//16-DD2-128/daBits-DD2-P4
Opening Player-Data//16-DD2-128/daBits-DD2-P5
Opening Player-Data//16-DD2-128/daBits-DD2-P6
Opening Player-Data//16-DD2-128/daBits-DD2-P7
Opening Player-Data//16-DD2-128/daBits-DD2-P8
Opening Player-Data//16-DD2-128/daBits-DD2-P9
Opening Player-Data//16-DD2-128/daBits-DD2-P10
Opening Player-Data//16-DD2-128/daBits-DD2-P11
Opening Player-Data//16-DD2-128/daBits-DD2-P12
Opening Player-Data//16-DD2-128/daBits-DD2-P13
Opening Player-Data//16-DD2-128/daBits-DD2-P14
Opening Player-Data//16-DD2-128/daBits-DD2-P15
Opening Player-Data//16-DD2-128/Inverses-DD2-P0
Opening Player-Data//16-DD2-128/Inverses-DD2-P1
Opening Player-Data//16-DD2-128/Inverses-DD2-P2
Opening Player-Data//16-DD2-128/Inverses-DD2-P3
Opening Player-Data//16-DD2-128/Inverses-DD2-P4
Opening Player-Data//16-DD2-128/Inverses-DD2-P5
Opening Player-Data//16-DD2-128/Inverses-DD2-P6
Opening Player-Data//16-DD2-128/Inverses-DD2-P7
Opening Player-Data//16-DD2-128/Inverses-DD2-P8
Opening Player-Data//16-DD2-128/Inverses-DD2-P9
Opening Player-Data//16-DD2-128/Inverses-DD2-P10
Opening Player-Data//16-DD2-128/Inverses-DD2-P11
Opening Player-Data//16-DD2-128/Inverses-DD2-P12
Opening Player-Data//16-DD2-128/Inverses-DD2-P13
Opening Player-Data//16-DD2-128/Inverses-DD2-P14
Opening Player-Data//16-DD2-128/Inverses-DD2-P15
Opening Player-Data//16-S2-128/Triples-S2-P0
Opening Player-Data//16-S2-128/Triples-S2-P1
Opening Player-Data//16-S2-128/Triples-S2-P2
Opening Player-Data//16-S2-128/Triples-S2-P3
Opening Player-Data//16-S2-128/Triples-S2-P4
Opening Player-Data//16-S2-128/Triples-S2-P5
Opening Player-Data//16-S2-128/Triples-S2-P6
Opening Player-Data//16-S2-128/Triples-S2-P7
Opening Player-Data//16-S2-128/Triples-S2-P8
Opening Player-Data//16-S2-128/Triples-S2-P9
Opening Player-Data//16-S2-128/Triples-S2-P10
Opening Player-Data//16-S2-128/Triples-S2-P11
Opening Player-Data//16-S2-128/Triples-S2-P12
Opening Player-Data//16-S2-128/Triples-S2-P13
Opening Player-Data//16-S2-128/Triples-S2-P14
Opening Player-Data//16-S2-128/Triples-S2-P15
Opening Player-Data//16-S2-128/Bits-S2-P0
Opening Player-Data//16-S2-128/Bits-S2-P1
Opening Player-Data//16-S2-128/Bits-S2-P2
Opening Player-Data//16-S2-128/Bits-S2-P3
Opening Player-Data//16-S2-128/Bits-S2-P4
Opening Player-Data//16-S2-128/Bits-S2-P5
Opening Player-Data//16-S2-128/Bits-S2-P6
Opening Player-Data//16-S2-128/Bits-S2-P7
Opening Player-Data//16-S2-128/Bits-S2-P8
Opening Player-Data//16-S2-128/Bits-S2-P9
Opening Player-Data//16-S2-128/Bits-S2-P10
Opening Player-Data//16-S2-128/Bits-S2-P11
Opening Player-Data//16-S2-128/Bits-S2-P12
Opening Player-Data//16-S2-128/Bits-S2-P13
Opening Player-Data//16-S2-128/Bits-S2-P14
Opening Player-Data//16-S2-128/Bits-S2-P15
Opening Player-Data//16-S2-128/Inputs-S2-P0-0
Opening Player-Data//16-S2-128/Inputs-S2-P1-0
Opening Player-Data//16-S2-128/Inputs-S2-P2-0
Opening Player-Data//16-S2-128/Inputs-S2-P3-0
Opening Player-Data//16-S2-128/Inputs-S2-P4-0
Opening Player-Data//16-S2-128/Inputs-S2-P5-0
Opening Player-Data//16-S2-128/Inputs-S2-P6-0
Opening Player-Data//16-S2-128/Inputs-S2-P7-0
Opening Player-Data//16-S2-128/Inputs-S2-P8-0
Opening Player-Data//16-S2-128/Inputs-S2-P9-0
Opening Player-Data//16-S2-128/Inputs-S2-P10-0
Opening Player-Data//16-S2-128/Inputs-S2-P11-0
Opening Player-Data//16-S2-128/Inputs-S2-P12-0
Opening Player-Data//16-S2-128/Inputs-S2-P13-0
Opening Player-Data//16-S2-128/Inputs-S2-P14-0
Opening Player-Data//16-S2-128/Inputs-S2-P15-0
Opening Player-Data//16-S2-128/Inputs-S2-P0-1
Opening Player-Data//16-S2-128/Inputs-S2-P1-1
Opening Player-Data//16-S2-128/Inputs-S2-P2-1
Opening Player-Data//16-S2-128/Inputs-S2-P3-1
Opening Player-Data//16-S2-128/Inputs-S2-P4-1
Opening Player-Data//16-S2-128/Inputs-S2-P5-1
Opening Player-Data//16-S2-128/Inputs-S2-P6-1
Opening Player-Data//16-S2-128/Inputs-S2-P7-1
Opening Player-Data//16-S2-128/Inputs-S2-P8-1
Opening Player-Data//16-S2-128/Inputs-S2-P9-1
Opening Player-Data//16-S2-128/Inputs-S2-P10-1
Opening Player-Data//16-S2-128/Inputs-S2-P11-1
Opening Player-Data//16-S2-128/Inputs-S2-P12-1
Opening Player-Data//16-S2-128/Inputs-S2-P13-1
Opening Player-Data//16-S2-128/Inputs-S2-P14-1
Opening Player-Data//16-S2-128/Inputs-S2-P15-1
Opening Player-Data//16-S2-128/Inputs-S2-P0-2
Opening Player-Data//16-S2-128/Inputs-S2-P1-2
Opening Player-Data//16-S2-128/Inputs-S2-P2-2
Opening Player-Data//16-S2-128/Inputs-S2-P3-2
Opening Player-Data//16-S2-128/Inputs-S2-P4-2
Opening Player-Data//16-S2-128/Inputs-S2-P5-2
Opening Player-Data//16-S2-128/Inputs-S2-P6-2
Opening Player-Data//16-S2-128/Inputs-S2-P7-2
Opening Player-Data//16-S2-128/Inputs-S2-P8-2
Opening Player-Data//16-S2-128/Inputs-S2-P9-2
Opening Player-Data//16-S2-128/Inputs-S2-P10-2
Opening Player-Data//16-S2-128/Inputs-S2-P11-2
Opening Player-Data//16-S2-128/Inputs-S2-P12-2
Opening Player-Data//16-S2-128/Inputs-S2-P13-2
Opening Player-Data//16-S2-128/Inputs-S2-P14-2
Opening Player-Data//16-S2-128/Inputs-S2-P15-2
Opening Player-Data//16-S2-128/Inputs-S2-P0-3
Opening Player-Data//16-S2-128/Inputs-S2-P1-3
Opening Player-Data//16-S2-128/Inputs-S2-P2-3
Opening Player-Data//16-S2-128/Inputs-S2-P3-3
Opening Player-Data//16-S2-128/Inputs-S2-P4-3
Opening Player-Data//16-S2-128/Inputs-S2-P5-3
Opening Player-Data//16-S2-128/Inputs-S2-P6-3
Opening Player-Data//16-S2-128/Inputs-S2-P7-3
Opening Player-Data//16-S2-128/Inputs-S2-P8-3
Opening Player-Data//16-S2-128/Inputs-S2-P9-3
Opening Player-Data//16-S2-128/Inputs-S2-P10-3
Opening Player-Data//16-S2-128/Inputs-S2-P11-3
Opening Player-Data//16-S2-128/Inputs-S2-P12-3
Opening Player-Data//16-S2-128/Inputs-S2-P13-3
Opening Player-Data//16-S2-128/Inputs-S2-P14-3
Opening Player-Data//16-S2-128/Inputs-S2-P15-3
Opening Player-Data//16-S2-128/Inputs-S2-P0-4
Opening Player-Data//16-S2-128/Inputs-S2-P1-4
Opening Player-Data//16-S2-128/Inputs-S2-P2-4
Opening Player-Data//16-S2-128/Inputs-S2-P3-4
Opening Player-Data//16-S2-128/Inputs-S2-P4-4
Opening Player-Data//16-S2-128/Inputs-S2-P5-4
Opening Player-Data//16-S2-128/Inputs-S2-P6-4
Opening Player-Data//16-S2-128/Inputs-S2-P7-4
Opening Player-Data//16-S2-128/Inputs-S2-P8-4
Opening Player-Data//16-S2-128/Inputs-S2-P9-4
Opening Player-Data//16-S2-128/Inputs-S2-P10-4
Opening Player-Data//16-S2-128/Inputs-S2-P11-4
Opening Player-Data//16-S2-128/Inputs-S2-P12-4
Opening Player-Data//16-S2-128/Inputs-S2-P13-4
Opening Player-Data//16-S2-128/Inputs-S2-P14-4
Opening Player-Data//16-S2-128/Inputs-S2-P15-4
Opening Player-Data//16-S2-128/Inputs-S2-P0-5
Opening Player-Data//16-S2-128/Inputs-S2-P1-5
Opening Player-Data//16-S2-128/Inputs-S2-P2-5
Opening Player-Data//16-S2-128/Inputs-S2-P3-5
Opening Player-Data//16-S2-128/Inputs-S2-P4-5
Opening Player-Data//16-S2-128/Inputs-S2-P5-5
Opening Player-Data//16-S2-128/Inputs-S2-P6-5
Opening Player-Data//16-S2-128/Inputs-S2-P7-5
Opening Player-Data//16-S2-128/Inputs-S2-P8-5
Opening Player-Data//16-S2-128/Inputs-S2-P9-5
Opening Player-Data//16-S2-128/Inputs-S2-P10-5
Opening Player-Data//16-S2-128/Inputs-S2-P11-5
Opening Player-Data//16-S2-128/Inputs-S2-P12-5
Opening Player-Data//16-S2-128/Inputs-S2-P13-5
Opening Player-Data//16-S2-128/Inputs-S2-P14-5
Opening Player-Data//16-S2-128/Inputs-S2-P15-5
Opening Player-Data//16-S2-128/Inputs-S2-P0-6
Opening Player-Data//16-S2-128/Inputs-S2-P1-6
Opening Player-Data//16-S2-128/Inputs-S2-P2-6
Opening Player-Data//16-S2-128/Inputs-S2-P3-6
Opening Player-Data//16-S2-128/Inputs-S2-P4-6
Opening Player-Data//16-S2-128/Inputs-S2-P5-6
Opening Player-Data//16-S2-128/Inputs-S2-P6-6
Opening Player-Data//16-S2-128/Inputs-S2-P7-6
Opening Player-Data//16-S2-128/Inputs-S2-P8-6
Opening Player-Data//16-S2-128/Inputs-S2-P9-6
Opening Player-Data//16-S2-128/Inputs-S2-P10-6
Opening Player-Data//16-S2-128/Inputs-S2-P11-6
Opening Player-Data//16-S2-128/Inputs-S2-P12-6
Opening Player-Data//16-S2-128/Inputs-S2-P13-6
Opening Player-Data//16-S2-128/Inputs-S2-P14-6
Opening Player-Data//16-S2-128/Inputs-S2-P15-6
Opening Player-Data//16-S2-128/Inputs-S2-P0-7
Opening Player-Data//16-S2-128/Inputs-S2-P1-7
Opening Player-Data//16-S2-128/Inputs-S2-P2-7
Opening Player-Data//16-S2-128/Inputs-S2-P3-7
Opening Player-Data//16-S2-128/Inputs-S2-P4-7
Opening Player-Data//16-S2-128/Inputs-S2-P5-7
Opening Player-Data//16-S2-128/Inputs-S2-P6-7
Opening Player-Data//16-S2-128/Inputs-S2-P7-7
Opening Player-Data//16-S2-128/Inputs-S2-P8-7
Opening Player-Data//16-S2-128/Inputs-S2-P9-7
Opening Player-Data//16-S2-128/Inputs-S2-P10-7
Opening Player-Data//16-S2-128/Inputs-S2-P11-7
Opening Player-Data//16-S2-128/Inputs-S2-P12-7
Opening Player-Data//16-S2-128/Inputs-S2-P13-7
Opening Player-Data//16-S2-128/Inputs-S2-P14-7
Opening Player-Data//16-S2-128/Inputs-S2-P15-7
Opening Player-Data//16-S2-128/Inputs-S2-P0-8
Opening Player-Data//16-S2-128/Inputs-S2-P1-8
Opening Player-Data//16-S2-128/Inputs-S2-P2-8
Opening Player-Data//16-S2-128/Inputs-S2-P3-8
Opening Player-Data//16-S2-128/Inputs-S2-P4-8
Opening Player-Data//16-S2-128/Inputs-S2-P5-8
Opening Player-Data//16-S2-128/Inputs-S2-P6-8
Opening Player-Data//16-S2-128/Inputs-S2-P7-8
Opening Player-Data//16-S2-128/Inputs-S2-P8-8
Opening Player-Data//16-S2-128/Inputs-S2-P9-8
Opening Player-Data//16-S2-128/Inputs-S2-P10-8
Opening Player-Data//16-S2-128/Inputs-S2-P11-8
Opening Player-Data//16-S2-128/Inputs-S2-P12-8
Opening Player-Data//16-S2-128/Inputs-S2-P13-8
Opening Player-Data//16-S2-128/Inputs-S2-P14-8
Opening Player-Data//16-S2-128/Inputs-S2-P15-8
Opening Player-Data//16-S2-128/Inputs-S2-P0-9
Opening Player-Data//16-S2-128/Inputs-S2-P1-9
Opening Player-Data//16-S2-128/Inputs-S2-P2-9
Opening Player-Data//16-S2-128/Inputs-S2-P3-9
Opening Player-Data//16-S2-128/Inputs-S2-P4-9
Opening Player-Data//16-S2-128/Inputs-S2-P5-9
Opening Player-Data//16-S2-128/Inputs-S2-P6-9
Opening Player-Data//16-S2-128/Inputs-S2-P7-9
Opening Player-Data//16-S2-128/Inputs-S2-P8-9
Opening Player-Data//16-S2-128/Inputs-S2-P9-9
Opening Player-Data//16-S2-128/Inputs-S2-P10-9
Opening Player-Data//16-S2-128/Inputs-S2-P11-9
Opening Player-Data//16-S2-128/Inputs-S2-P12-9
Opening Player-Data//16-S2-128/Inputs-S2-P13-9
Opening Player-Data//16-S2-128/Inputs-S2-P14-9
Opening Player-Data//16-S2-128/Inputs-S2-P15-9
Opening Player-Data//16-S2-128/Inputs-S2-P0-10
Opening Player-Data//16-S2-128/Inputs-S2-P1-10
Opening Player-Data//16-S2-128/Inputs-S2-P2-10
Opening Player-Data//16-S2-128/Inputs-S2-P3-10
Opening Player-Data//16-S2-128/Inputs-S2-P4-10
Opening Player-Data//16-S2-128/Inputs-S2-P5-10
Opening Player-Data//16-S2-128/Inputs-S2-P6-10
Opening Player-Data//16-S2-128/Inputs-S2-P7-10
Opening Player-Data//16-S2-128/Inputs-S2-P8-10
Opening Player-Data//16-S2-128/Inputs-S2-P9-10
Opening Player-Data//16-S2-128/Inputs-S2-P10-10
Opening Player-Data//16-S2-128/Inputs-S2-P11-10
Opening Player-Data//16-S2-128/Inputs-S2-P12-10
Opening Player-Data//16-S2-128/Inputs-S2-P13-10
Opening Player-Data//16-S2-128/Inputs-S2-P14-10
Opening Player-Data//16-S2-128/Inputs-S2-P15-10
Opening Player-Data//16-S2-128/Inputs-S2-P0-11
Opening Player-Data//16-S2-128/Inputs-S2-P1-11
Opening Player-Data//16-S2-128/Inputs-S2-P2-11
Opening Player-Data//16-S2-128/Inputs-S2-P3-11
Opening Player-Data//16-S2-128/Inputs-S2-P4-11
Opening Player-Data//16-S2-128/Inputs-S2-P5-11
Opening Player-Data//16-S2-128/Inputs-S2-P6-11
Opening Player-Data//16-S2-128/Inputs-S2-P7-11
Opening Player-Data//16-S2-128/Inputs-S2-P8-11
Opening Player-Data//16-S2-128/Inputs-S2-P9-11
Opening Player-Data//16-S2-128/Inputs-S2-P10-11
Opening Player-Data//16-S2-128/Inputs-S2-P11-11
Opening Player-Data//16-S2-128/Inputs-S2-P12-11
Opening Player-Data//16-S2-128/Inputs-S2-P13-11
Opening Player-Data//16-S2-128/Inputs-S2-P14-11
Opening Player-Data//16-S2-128/Inputs-S2-P15-11
Opening Player-Data//16-S2-128/Inputs-S2-P0-12
Opening Player-Data//16-S2-128/Inputs-S2-P1-12
Opening Player-Data//16-S2-128/Inputs-S2-P2-12
Opening Player-Data//16-S2-128/Inputs-S2-P3-12
Opening Player-Data//16-S2-128/Inputs-S2-P4-12
Opening Player-Data//16-S2-128/Inputs-S2-P5-12
Opening Player-Data//16-S2-128/Inputs-S2-P6-12
Opening Player-Data//16-S2-128/Inputs-S2-P7-12
Opening Player-Data//16-S2-128/Inputs-S2-P8-12
Opening Player-Data//16-S2-128/Inputs-S2-P9-12
Opening Player-Data//16-S2-128/Inputs-S2-P10-12
Opening Player-Data//16-S2-128/Inputs-S2-P11-12
Opening Player-Data//16-S2-128/Inputs-S2-P12-12
Opening Player-Data//16-S2-128/Inputs-S2-P13-12
Opening Player-Data//16-S2-128/Inputs-S2-P14-12
Opening Player-Data//16-S2-128/Inputs-S2-P15-12
Opening Player-Data//16-S2-128/Inputs-S2-P0-13
Opening Player-Data//16-S2-128/Inputs-S2-P1-13
Opening Player-Data//16-S2-128/Inputs-S2-P2-13
Opening Player-Data//16-S2-128/Inputs-S2-P3-13
Opening Player-Data//16-S2-128/Inputs-S2-P4-13
Opening Player-Data//16-S2-128/Inputs-S2-P5-13
Opening Player-Data//16-S2-128/Inputs-S2-P6-13
Opening Player-Data//16-S2-128/Inputs-S2-P7-13
Opening Player-Data//16-S2-128/Inputs-S2-P8-13
Opening Player-Data//16-S2-128/Inputs-S2-P9-13
Opening Player-Data//16-S2-128/Inputs-S2-P10-13
Opening Player-Data//16-S2-128/Inputs-S2-P11-13
Opening Player-Data//16-S2-128/Inputs-S2-P12-13
Opening Player-Data//16-S2-128/Inputs-S2-P13-13
Opening Player-Data//16-S2-128/Inputs-S2-P14-13
Opening Player-Data//16-S2-128/Inputs-S2-P15-13
Opening Player-Data//16-S2-128/Inputs-S2-P0-14
Opening Player-Data//16-S2-128/Inputs-S2-P1-14
Opening Player-Data//16-S2-128/Inputs-S2-P2-14
Opening Player-Data//16-S2-128/Inputs-S2-P3-14
Opening Player-Data//16-S2-128/Inputs-S2-P4-14
Opening Player-Data//16-S2-128/Inputs-S2-P5-14
Opening Player-Data//16-S2-128/Inputs-S2-P6-14
Opening Player-Data//16-S2-128/Inputs-S2-P7-14
Opening Player-Data//16-S2-128/Inputs-S2-P8-14
Opening Player-Data//16-S2-128/Inputs-S2-P9-14
Opening Player-Data//16-S2-128/Inputs-S2-P10-14
Opening Player-Data//16-S2-128/Inputs-S2-P11-14
Opening Player-Data//16-S2-128/Inputs-S2-P12-14
Opening Player-Data//16-S2-128/Inputs-S2-P13-14
Opening Player-Data//16-S2-128/Inputs-S2-P14-14
Opening Player-Data//16-S2-128/Inputs-S2-P15-14
Opening Player-Data//16-S2-128/Inputs-S2-P0-15
Opening Player-Data//16-S2-128/Inputs-S2-P1-15
Opening Player-Data//16-S2-128/Inputs-S2-P2-15
Opening Player-Data//16-S2-128/Inputs-S2-P3-15
Opening Player-Data//16-S2-128/Inputs-S2-P4-15
Opening Player-Data//16-S2-128/Inputs-S2-P5-15
Opening Player-Data//16-S2-128/Inputs-S2-P6-15
Opening Player-Data//16-S2-128/Inputs-S2-P7-15
Opening Player-Data//16-S2-128/Inputs-S2-P8-15
Opening Player-Data//16-S2-128/Inputs-S2-P9-15
Opening Player-Data//16-S2-128/Inputs-S2-P10-15
Opening Player-Data//16-S2-128/Inputs-S2-P11-15
Opening Player-Data//16-S2-128/Inputs-S2-P12-15
Opening Player-Data//16-S2-128/Inputs-S2-P13-15
Opening Player-Data//16-S2-128/Inputs-S2-P14-15
Opening Player-Data//16-S2-128/Inputs-S2-P15-15
Opening Player-Data//16-S2-128/Squares-S2-P0
Opening Player-Data//16-S2-128/Squares-S2-P1
Opening Player-Data//16-S2-128/Squares-S2-P2
Opening Player-Data//16-S2-128/Squares-S2-P3
Opening Player-Data//16-S2-128/Squares-S2-P4
Opening Player-Data//16-S2-128/Squares-S2-P5
Opening Player-Data//16-S2-128/Squares-S2-P6
Opening Player-Data//16-S2-128/Squares-S2-P7
Opening Player-Data//16-S2-128/Squares-S2-P8
Opening Player-Data//16-S2-128/Squares-S2-P9
Opening Player-Data//16-S2-128/Squares-S2-P10
Opening Player-Data//16-S2-128/Squares-S2-P11
Opening Player-Data//16-S2-128/Squares-S2-P12
Opening Player-Data//16-S2-128/Squares-S2-P13
Opening Player-Data//16-S2-128/Squares-S2-P14
Opening Player-Data//16-S2-128/Squares-S2-P15
Opening Player-Data//16-S2-128/daBits-S2-P0
Opening Player-Data//16-S2-128/daBits-S2-P1
Opening Player-Data//16-S2-128/daBits-S2-P2
Opening Player-Data//16-S2-128/daBits-S2-P3
Opening Player-Data//16-S2-128/daBits-S2-P4
Opening Player-Data//16-S2-128/daBits-S2-P5
Opening Player-Data//16-S2-128/daBits-S2-P6
Opening Player-Data//16-S2-128/daBits-S2-P7
Opening Player-Data//16-S2-128/daBits-S2-P8
Opening Player-Data//16-S2-128/daBits-S2-P9
Opening Player-Data//16-S2-128/daBits-S2-P10
Opening Player-Data//16-S2-128/daBits-S2-P11
Opening Player-Data//16-S2-128/daBits-S2-P12
Opening Player-Data//16-S2-128/daBits-S2-P13
Opening Player-Data//16-S2-128/daBits-S2-P14
Opening Player-Data//16-S2-128/daBits-S2-P15
Opening Player-Data//16-S2-128/Inverses-S2-P0
Opening Player-Data//16-S2-128/Inverses-S2-P1
Opening Player-Data//16-S2-128/Inverses-S2-P2
Opening Player-Data//16-S2-128/Inverses-S2-P3
Opening Player-Data//16-S2-128/Inverses-S2-P4
Opening Player-Data//16-S2-128/Inverses-S2-P5
Opening Player-Data//16-S2-128/Inverses-S2-P6
Opening Player-Data//16-S2-128/Inverses-S2-P7
Opening Player-Data//16-S2-128/Inverses-S2-P8
Opening Player-Data//16-S2-128/Inverses-S2-P9
Opening Player-Data//16-S2-128/Inverses-S2-P10
Opening Player-Data//16-S2-128/Inverses-S2-P11
Opening Player-Data//16-S2-128/Inverses-S2-P12
Opening Player-Data//16-S2-128/Inverses-S2-P13
Opening Player-Data//16-S2-128/Inverses-S2-P14
Opening Player-Data//16-S2-128/Inverses-S2-P15
Opening Player-Data//16-MS2-128/Triples-MS2-P0
Opening Player-Data//16-MS2-128/Triples-MS2-P1
Opening Player-Data//16-MS2-128/Triples-MS2-P2
Opening Player-Data//16-MS2-128/Triples-MS2-P3
Opening Player-Data//16-MS2-128/Triples-MS2-P4
Opening Player-Data//16-MS2-128/Triples-MS2-P5
Opening Player-Data//16-MS2-128/Triples-MS2-P6
Opening Player-Data//16-MS2-128/Triples-MS2-P7
Opening Player-Data//16-MS2-128/Triples-MS2-P8
Opening Player-Data//16-MS2-128/Triples-MS2-P9
Opening Player-Data//16-MS2-128/Triples-MS2-P10
Opening Player-Data//16-MS2-128/Triples-MS2-P11
Opening Player-Data//16-MS2-128/Triples-MS2-P12
Opening Player-Data//16-MS2-128/Triples-MS2-P13
Opening Player-Data//16-MS2-128/Triples-MS2-P14
Opening Player-Data//16-MS2-128/Triples-MS2-P15
Opening Player-Data//16-MS2-128/Bits-MS2-P0
Opening Player-Data//16-MS2-128/Bits-MS2-P1
Opening Player-Data//16-MS2-128/Bits-MS2-P2
Opening Player-Data//16-MS2-128/Bits-MS2-P3
Opening Player-Data//16-MS2-128/Bits-MS2-P4
Opening Player-Data//16-MS2-128/Bits-MS2-P5
Opening Player-Data//16-MS2-128/Bits-MS2-P6
Opening Player-Data//16-MS2-128/Bits-MS2-P7
Opening Player-Data//16-MS2-128/Bits-MS2-P8
Opening Player-Data//16-MS2-128/Bits-MS2-P9
Opening Player-Data//16-MS2-128/Bits-MS2-P10
Opening Player-Data//16-MS2-128/Bits-MS2-P11
Opening Player-Data//16-MS2-128/Bits-MS2-P12
Opening Player-Data//16-MS2-128/Bits-MS2-P13
Opening Player-Data//16-MS2-128/Bits-MS2-P14
Opening Player-Data//16-MS2-128/Bits-MS2-P15
Opening Player-Data//16-MS2-128/Inputs-MS2-P0-0
Opening Player-Data//16-MS2-128/Inputs-MS2-P1-0
Opening Player-Data//16-MS2-128/Inputs-MS2-P2-0
Opening Player-Data//16-MS2-128/Inputs-MS2-P3-0
Opening Player-Data//16-MS2-128/Inputs-MS2-P4-0
Opening Player-Data//16-MS2-128/Inputs-MS2-P5-0
Opening Player-Data//16-MS2-128/Inputs-MS2-P6-0
Opening Player-Data//16-MS2-128/Inputs-MS2-P7-0
Opening Player-Data//16-MS2-128/Inputs-MS2-P8-0
Opening Player-Data//16-MS2-128/Inputs-MS2-P9-0
Opening Player-Data//16-MS2-128/Inputs-MS2-P10-0
Opening Player-Data//16-MS2-128/Inputs-MS2-P11-0
Opening Player-Data//16-MS2-128/Inputs-MS2-P12-0
Opening Player-Data//16-MS2-128/Inputs-MS2-P13-0
Opening Player-Data//16-MS2-128/Inputs-MS2-P14-0
Opening Player-Data//16-MS2-128/Inputs-MS2-P15-0
Opening Player-Data//16-MS2-128/Inputs-MS2-P0-1
Opening Player-Data//16-MS2-128/Inputs-MS2-P1-1
Opening Player-Data//16-MS2-128/Inputs-MS2-P2-1
Opening Player-Data//16-MS2-128/Inputs-MS2-P3-1
Opening Player-Data//16-MS2-128/Inputs-MS2-P4-1
Opening Player-Data//16-MS2-128/Inputs-MS2-P5-1
Opening Player-Data//16-MS2-128/Inputs-MS2-P6-1
Opening Player-Data//16-MS2-128/Inputs-MS2-P7-1
Opening Player-Data//16-MS2-128/Inputs-MS2-P8-1
Opening Player-Data//16-MS2-128/Inputs-MS2-P9-1
Opening Player-Data//16-MS2-128/Inputs-MS2-P10-1
Opening Player-Data//16-MS2-128/Inputs-MS2-P11-1
Opening Player-Data//16-MS2-128/Inputs-MS2-P12-1
Opening Player-Data//16-MS2-128/Inputs-MS2-P13-1
Opening Player-Data//16-MS2-128/Inputs-MS2-P14-1
Opening Player-Data//16-MS2-128/Inputs-MS2-P15-1
Opening Player-Data//16-MS2-128/Inputs-MS2-P0-2
Opening Player-Data//16-MS2-128/Inputs-MS2-P1-2
Opening Player-Data//16-MS2-128/Inputs-MS2-P2-2
Opening Player-Data//16-MS2-128/Inputs-MS2-P3-2
Opening Player-Data//16-MS2-128/Inputs-MS2-P4-2
Opening Player-Data//16-MS2-128/Inputs-MS2-P5-2
Opening Player-Data//16-MS2-128/Inputs-MS2-P6-2
Opening Player-Data//16-MS2-128/Inputs-MS2-P7-2
Opening Player-Data//16-MS2-128/Inputs-MS2-P8-2
Opening Player-Data//16-MS2-128/Inputs-MS2-P9-2
Opening Player-Data//16-MS2-128/Inputs-MS2-P10-2
Opening Player-Data//16-MS2-128/Inputs-MS2-P11-2
Opening Player-Data//16-MS2-128/Inputs-MS2-P12-2
Opening Player-Data//16-MS2-128/Inputs-MS2-P13-2
Opening Player-Data//16-MS2-128/Inputs-MS2-P14-2
Opening Player-Data//16-MS2-128/Inputs-MS2-P15-2
Opening Player-Data//16-MS2-128/Inputs-MS2-P0-3
Opening Player-Data//16-MS2-128/Inputs-MS2-P1-3
Opening Player-Data//16-MS2-128/Inputs-MS2-P2-3
Opening Player-Data//16-MS2-128/Inputs-MS2-P3-3
Opening Player-Data//16-MS2-128/Inputs-MS2-P4-3
Opening Player-Data//16-MS2-128/Inputs-MS2-P5-3
Opening Player-Data//16-MS2-128/Inputs-MS2-P6-3
Opening Player-Data//16-MS2-128/Inputs-MS2-P7-3
Opening Player-Data//16-MS2-128/Inputs-MS2-P8-3
Opening Player-Data//16-MS2-128/Inputs-MS2-P9-3
Opening Player-Data//16-MS2-128/Inputs-MS2-P10-3
Opening Player-Data//16-MS2-128/Inputs-MS2-P11-3
Opening Player-Data//16-MS2-128/Inputs-MS2-P12-3
Opening Player-Data//16-MS2-128/Inputs-MS2-P13-3
Opening Player-Data//16-MS2-128/Inputs-MS2-P14-3
Opening Player-Data//16-MS2-128/Inputs-MS2-P15-3
Opening Player-Data//16-MS2-128/Inputs-MS2-P0-4
Opening Player-Data//16-MS2-128/Inputs-MS2-P1-4
Opening Player-Data//16-MS2-128/Inputs-MS2-P2-4
Opening Player-Data//16-MS2-128/Inputs-MS2-P3-4
Opening Player-Data//16-MS2-128/Inputs-MS2-P4-4
Opening Player-Data//16-MS2-128/Inputs-MS2-P5-4
Opening Player-Data//16-MS2-128/Inputs-MS2-P6-4
Opening Player-Data//16-MS2-128/Inputs-MS2-P7-4
Opening Player-Data//16-MS2-128/Inputs-MS2-P8-4
Opening Player-Data//16-MS2-128/Inputs-MS2-P9-4
Opening Player-Data//16-MS2-128/Inputs-MS2-P10-4
Opening Player-Data//16-MS2-128/Inputs-MS2-P11-4
Opening Player-Data//16-MS2-128/Inputs-MS2-P12-4
Opening Player-Data//16-MS2-128/Inputs-MS2-P13-4
Opening Player-Data//16-MS2-128/Inputs-MS2-P14-4
Opening Player-Data//16-MS2-128/Inputs-MS2-P15-4
Opening Player-Data//16-MS2-128/Inputs-MS2-P0-5
Opening Player-Data//16-MS2-128/Inputs-MS2-P1-5
Opening Player-Data//16-MS2-128/Inputs-MS2-P2-5
Opening Player-Data//16-MS2-128/Inputs-MS2-P3-5
Opening Player-Data//16-MS2-128/Inputs-MS2-P4-5
Opening Player-Data//16-MS2-128/Inputs-MS2-P5-5
Opening Player-Data//16-MS2-128/Inputs-MS2-P6-5
Opening Player-Data//16-MS2-128/Inputs-MS2-P7-5
Opening Player-Data//16-MS2-128/Inputs-MS2-P8-5
Opening Player-Data//16-MS2-128/Inputs-MS2-P9-5
Opening Player-Data//16-MS2-128/Inputs-MS2-P10-5
Opening Player-Data//16-MS2-128/Inputs-MS2-P11-5
Opening Player-Data//16-MS2-128/Inputs-MS2-P12-5
Opening Player-Data//16-MS2-128/Inputs-MS2-P13-5
Opening Player-Data//16-MS2-128/Inputs-MS2-P14-5
Opening Player-Data//16-MS2-128/Inputs-MS2-P15-5
Opening Player-Data//16-MS2-128/Inputs-MS2-P0-6
Opening Player-Data//16-MS2-128/Inputs-MS2-P1-6
Opening Player-Data//16-MS2-128/Inputs-MS2-P2-6
Opening Player-Data//16-MS2-128/Inputs-MS2-P3-6
Opening Player-Data//16-MS2-128/Inputs-MS2-P4-6
Opening Player-Data//16-MS2-128/Inputs-MS2-P5-6
Opening Player-Data//16-MS2-128/Inputs-MS2-P6-6
Opening Player-Data//16-MS2-128/Inputs-MS2-P7-6
Opening Player-Data//16-MS2-128/Inputs-MS2-P8-6
Opening Player-Data//16-MS2-128/Inputs-MS2-P9-6
Opening Player-Data//16-MS2-128/Inputs-MS2-P10-6
Opening Player-Data//16-MS2-128/Inputs-MS2-P11-6
Opening Player-Data//16-MS2-128/Inputs-MS2-P12-6
Opening Player-Data//16-MS2-128/Inputs-MS2-P13-6
Opening Player-Data//16-MS2-128/Inputs-MS2-P14-6
Opening Player-Data//16-MS2-128/Inputs-MS2-P15-6
Opening Player-Data//16-MS2-128/Inputs-MS2-P0-7
Opening Player-Data//16-MS2-128/Inputs-MS2-P1-7
Opening Player-Data//16-MS2-128/Inputs-MS2-P2-7
Opening Player-Data//16-MS2-128/Inputs-MS2-P3-7
Opening Player-Data//16-MS2-128/Inputs-MS2-P4-7
Opening Player-Data//16-MS2-128/Inputs-MS2-P5-7
Opening Player-Data//16-MS2-128/Inputs-MS2-P6-7
Opening Player-Data//16-MS2-128/Inputs-MS2-P7-7
Opening Player-Data//16-MS2-128/Inputs-MS2-P8-7
Opening Player-Data//16-MS2-128/Inputs-MS2-P9-7
Opening Player-Data//16-MS2-128/Inputs-MS2-P10-7
Opening Player-Data//16-MS2-128/Inputs-MS2-P11-7
Opening Player-Data//16-MS2-128/Inputs-MS2-P12-7
Opening Player-Data//16-MS2-128/Inputs-MS2-P13-7
Opening Player-Data//16-MS2-128/Inputs-MS2-P14-7
Opening Player-Data//16-MS2-128/Inputs-MS2-P15-7
Opening Player-Data//16-MS2-128/Inputs-MS2-P0-8
Opening Player-Data//16-MS2-128/Inputs-MS2-P1-8
Opening Player-Data//16-MS2-128/Inputs-MS2-P2-8
Opening Player-Data//16-MS2-128/Inputs-MS2-P3-8
Opening Player-Data//16-MS2-128/Inputs-MS2-P4-8
Opening Player-Data//16-MS2-128/Inputs-MS2-P5-8
Opening Player-Data//16-MS2-128/Inputs-MS2-P6-8
Opening Player-Data//16-MS2-128/Inputs-MS2-P7-8
Opening Player-Data//16-MS2-128/Inputs-MS2-P8-8
Opening Player-Data//16-MS2-128/Inputs-MS2-P9-8
Opening Player-Data//16-MS2-128/Inputs-MS2-P10-8
Opening Player-Data//16-MS2-128/Inputs-MS2-P11-8
Opening Player-Data//16-MS2-128/Inputs-MS2-P12-8
Opening Player-Data//16-MS2-128/Inputs-MS2-P13-8
Opening Player-Data//16-MS2-128/Inputs-MS2-P14-8
Opening Player-Data//16-MS2-128/Inputs-MS2-P15-8
Opening Player-Data//16-MS2-128/Inputs-MS2-P0-9
Opening Player-Data//16-MS2-128/Inputs-MS2-P1-9
Opening Player-Data//16-MS2-128/Inputs-MS2-P2-9
Opening Player-Data//16-MS2-128/Inputs-MS2-P3-9
Opening Player-Data//16-MS2-128/Inputs-MS2-P4-9
Opening Player-Data//16-MS2-128/Inputs-MS2-P5-9
Opening Player-Data//16-MS2-128/Inputs-MS2-P6-9
Opening Player-Data//16-MS2-128/Inputs-MS2-P7-9
Opening Player-Data//16-MS2-128/Inputs-MS2-P8-9
Opening Player-Data//16-MS2-128/Inputs-MS2-P9-9
Opening Player-Data//16-MS2-128/Inputs-MS2-P10-9
Opening Player-Data//16-MS2-128/Inputs-MS2-P11-9
Opening Player-Data//16-MS2-128/Inputs-MS2-P12-9
Opening Player-Data//16-MS2-128/Inputs-MS2-P13-9
Opening Player-Data//16-MS2-128/Inputs-MS2-P14-9
Opening Player-Data//16-MS2-128/Inputs-MS2-P15-9
Opening Player-Data//16-MS2-128/Inputs-MS2-P0-10
Opening Player-Data//16-MS2-128/Inputs-MS2-P1-10
Opening Player-Data//16-MS2-128/Inputs-MS2-P2-10
Opening Player-Data//16-MS2-128/Inputs-MS2-P3-10
Opening Player-Data//16-MS2-128/Inputs-MS2-P4-10
Opening Player-Data//16-MS2-128/Inputs-MS2-P5-10
Opening Player-Data//16-MS2-128/Inputs-MS2-P6-10
Opening Player-Data//16-MS2-128/Inputs-MS2-P7-10
Opening Player-Data//16-MS2-128/Inputs-MS2-P8-10
Opening Player-Data//16-MS2-128/Inputs-MS2-P9-10
Opening Player-Data//16-MS2-128/Inputs-MS2-P10-10
Opening Player-Data//16-MS2-128/Inputs-MS2-P11-10
Opening Player-Data//16-MS2-128/Inputs-MS2-P12-10
Opening Player-Data//16-MS2-128/Inputs-MS2-P13-10
Opening Player-Data//16-MS2-128/Inputs-MS2-P14-10
Opening Player-Data//16-MS2-128/Inputs-MS2-P15-10
Opening Player-Data//16-MS2-128/Inputs-MS2-P0-11
Opening Player-Data//16-MS2-128/Inputs-MS2-P1-11
Opening Player-Data//16-MS2-128/Inputs-MS2-P2-11
Opening Player-Data//16-MS2-128/Inputs-MS2-P3-11
Opening Player-Data//16-MS2-128/Inputs-MS2-P4-11
Opening Player-Data//16-MS2-128/Inputs-MS2-P5-11
Opening Player-Data//16-MS2-128/Inputs-MS2-P6-11
Opening Player-Data//16-MS2-128/Inputs-MS2-P7-11
Opening Player-Data//16-MS2-128/Inputs-MS2-P8-11
Opening Player-Data//16-MS2-128/Inputs-MS2-P9-11
Opening Player-Data//16-MS2-128/Inputs-MS2-P10-11
Opening Player-Data//16-MS2-128/Inputs-MS2-P11-11
Opening Player-Data//16-MS2-128/Inputs-MS2-P12-11
Opening Player-Data//16-MS2-128/Inputs-MS2-P13-11
Opening Player-Data//16-MS2-128/Inputs-MS2-P14-11
Opening Player-Data//16-MS2-128/Inputs-MS2-P15-11
Opening Player-Data//16-MS2-128/Inputs-MS2-P0-12
Opening Player-Data//16-MS2-128/Inputs-MS2-P1-12
Opening Player-Data//16-MS2-128/Inputs-MS2-P2-12
Opening Player-Data//16-MS2-128/Inputs-MS2-P3-12
Opening Player-Data//16-MS2-128/Inputs-MS2-P4-12
Opening Player-Data//16-MS2-128/Inputs-MS2-P5-12
Opening Player-Data//16-MS2-128/Inputs-MS2-P6-12
Opening Player-Data//16-MS2-128/Inputs-MS2-P7-12
Opening Player-Data//16-MS2-128/Inputs-MS2-P8-12
Opening Player-Data//16-MS2-128/Inputs-MS2-P9-12
Opening Player-Data//16-MS2-128/Inputs-MS2-P10-12
Opening Player-Data//16-MS2-128/Inputs-MS2-P11-12
Opening Player-Data//16-MS2-128/Inputs-MS2-P12-12
Opening Player-Data//16-MS2-128/Inputs-MS2-P13-12
Opening Player-Data//16-MS2-128/Inputs-MS2-P14-12
Opening Player-Data//16-MS2-128/Inputs-MS2-P15-12
Opening Player-Data//16-MS2-128/Inputs-MS2-P0-13
Opening Player-Data//16-MS2-128/Inputs-MS2-P1-13
Opening Player-Data//16-MS2-128/Inputs-MS2-P2-13
Opening Player-Data//16-MS2-128/Inputs-MS2-P3-13
Opening Player-Data//16-MS2-128/Inputs-MS2-P4-13
Opening Player-Data//16-MS2-128/Inputs-MS2-P5-13
Opening Player-Data//16-MS2-128/Inputs-MS2-P6-13
Opening Player-Data//16-MS2-128/Inputs-MS2-P7-13
Opening Player-Data//16-MS2-128/Inputs-MS2-P8-13
Opening Player-Data//16-MS2-128/Inputs-MS2-P9-13
Opening Player-Data//16-MS2-128/Inputs-MS2-P10-13
Opening Player-Data//16-MS2-128/Inputs-MS2-P11-13
Opening Player-Data//16-MS2-128/Inputs-MS2-P12-13
Opening Player-Data//16-MS2-128/Inputs-MS2-P13-13
Opening Player-Data//16-MS2-128/Inputs-MS2-P14-13
Opening Player-Data//16-MS2-128/Inputs-MS2-P15-13
Opening Player-Data//16-MS2-128/Inputs-MS2-P0-14
Opening Player-Data//16-MS2-128/Inputs-MS2-P1-14
Opening Player-Data//16-MS2-128/Inputs-MS2-P2-14
Opening Player-Data//16-MS2-128/Inputs-MS2-P3-14
Opening Player-Data//16-MS2-128/Inputs-MS2-P4-14
Opening Player-Data//16-MS2-128/Inputs-MS2-P5-14
Opening Player-Data//16-MS2-128/Inputs-MS2-P6-14
Opening Player-Data//16-MS2-128/Inputs-MS2-P7-14
Opening Player-Data//16-MS2-128/Inputs-MS2-P8-14
Opening Player-Data//16-MS2-128/Inputs-MS2-P9-14
Opening Player-Data//16-MS2-128/Inputs-MS2-P10-14
Opening Player-Data//16-MS2-128/Inputs-MS2-P11-14
Opening Player-Data//16-MS2-128/Inputs-MS2-P12-14
Opening Player-Data//16-MS2-128/Inputs-MS2-P13-14
Opening Player-Data//16-MS2-128/Inputs-MS2-P14-14
Opening Player-Data//16-MS2-128/Inputs-MS2-P15-14
Opening Player-Data//16-MS2-128/Inputs-MS2-P0-15
Opening Player-Data//16-MS2-128/Inputs-MS2-P1-15
Opening Player-Data//16-MS2-128/Inputs-MS2-P2-15
Opening Player-Data//16-MS2-128/Inputs-MS2-P3-15
Opening Player-Data//16-MS2-128/Inputs-MS2-P4-15
Opening Player-Data//16-MS2-128/Inputs-MS2-P5-15
Opening Player-Data//16-MS2-128/Inputs-MS2-P6-15
Opening Player-Data//16-MS2-128/Inputs-MS2-P7-15
Opening Player-Data//16-MS2-128/Inputs-MS2-P8-15
Opening Player-Data//16-MS2-128/Inputs-MS2-P9-15
Opening Player-Data//16-MS2-128/Inputs-MS2-P10-15
Opening Player-Data//16-MS2-128/Inputs-MS2-P11-15
Opening Player-Data//16-MS2-128/Inputs-MS2-P12-15
Opening Player-Data//16-MS2-128/Inputs-MS2-P13-15
Opening Player-Data//16-MS2-128/Inputs-MS2-P14-15
Opening Player-Data//16-MS2-128/Inputs-MS2-P15-15
Opening Player-Data//16-MS2-128/Squares-MS2-P0
Opening Player-Data//16-MS2-128/Squares-MS2-P1
Opening Player-Data//16-MS2-128/Squares-MS2-P2
Opening Player-Data//16-MS2-128/Squares-MS2-P3
Opening Player-Data//16-MS2-128/Squares-MS2-P4
Opening Player-Data//16-MS2-128/Squares-MS2-P5
Opening Player-Data//16-MS2-128/Squares-MS2-P6
Opening Player-Data//16-MS2-128/Squares-MS2-P7
Opening Player-Data//16-MS2-128/Squares-MS2-P8
Opening Player-Data//16-MS2-128/Squares-MS2-P9
Opening Player-Data//16-MS2-128/Squares-MS2-P10
Opening Player-Data//16-MS2-128/Squares-MS2-P11
Opening Player-Data//16-MS2-128/Squares-MS2-P12
Opening Player-Data//16-MS2-128/Squares-MS2-P13
Opening Player-Data//16-MS2-128/Squares-MS2-P14
Opening Player-Data//16-MS2-128/Squares-MS2-P15
Opening Player-Data//16-MS2-128/daBits-MS2-P0
Opening Player-Data//16-MS2-128/daBits-MS2-P1
Opening Player-Data//16-MS2-128/daBits-MS2-P2
Opening Player-Data//16-MS2-128/daBits-MS2-P3
Opening Player-Data//16-MS2-128/daBits-MS2-P4
Opening Player-Data//16-MS2-128/daBits-MS2-P5
Opening Player-Data//16-MS2-128/daBits-MS2-P6
Opening Player-Data//16-MS2-128/daBits-MS2-P7
Opening Player-Data//16-MS2-128/daBits-MS2-P8
Opening Player-Data//16-MS2-128/daBits-MS2-P9
Opening Player-Data//16-MS2-128/daBits-MS2-P10
Opening Player-Data//16-MS2-128/daBits-MS2-P11
Opening Player-Data//16-MS2-128/daBits-MS2-P12
Opening Player-Data//16-MS2-128/daBits-MS2-P13
Opening Player-Data//16-MS2-128/daBits-MS2-P14
Opening Player-Data//16-MS2-128/daBits-MS2-P15
Opening Player-Data//16-MS2-128/Inverses-MS2-P0
Opening Player-Data//16-MS2-128/Inverses-MS2-P1
Opening Player-Data//16-MS2-128/Inverses-MS2-P2
Opening Player-Data//16-MS2-128/Inverses-MS2-P3
Opening Player-Data//16-MS2-128/Inverses-MS2-P4
Opening Player-Data//16-MS2-128/Inverses-MS2-P5
Opening Player-Data//16-MS2-128/Inverses-MS2-P6
Opening Player-Data//16-MS2-128/Inverses-MS2-P7
Opening Player-Data//16-MS2-128/Inverses-MS2-P8
Opening Player-Data//16-MS2-128/Inverses-MS2-P9
Opening Player-Data//16-MS2-128/Inverses-MS2-P10
Opening Player-Data//16-MS2-128/Inverses-MS2-P11
Opening Player-Data//16-MS2-128/Inverses-MS2-P12
Opening Player-Data//16-MS2-128/Inverses-MS2-P13
Opening Player-Data//16-MS2-128/Inverses-MS2-P14
Opening Player-Data//16-MS2-128/Inverses-MS2-P15
No MAC key share for player 0, generating a fresh ones
Written new MAC key share to Player-Data//16-SYMS2-128//Player-MAC-Keys-MS2-P0
 Key 0: d543e692f3f4bbc9f8a45928ce7b6545
Written new MAC key share to Player-Data//16-SYMS2-128//Player-MAC-Keys-MS2-P1
 Key 1: ac4d7a9659a98aac58099bb4a0efceae
Written new MAC key share to Player-Data//16-SYMS2-128//Player-MAC-Keys-MS2-P2
 Key 2: 8e079d622698acd92be0740b26038950
Written new MAC key share to Player-Data//16-SYMS2-128//Player-MAC-Keys-MS2-P3
 Key 3: 1fe63b36345617574a8e1c0489ebf89f
Written new MAC key share to Player-Data//16-SYMS2-128//Player-MAC-Keys-MS2-P4
 Key 4: 79e9019ec78235616ca60b10a7248414
Written new MAC key share to Player-Data//16-SYMS2-128//Player-MAC-Keys-MS2-P5
 Key 5: 0782e7656f978f14ef5c5edbad4c38f0
Written new MAC key share to Player-Data//16-SYMS2-128//Player-MAC-Keys-MS2-P6
 Key 6: b0cf5e3834d02eaf4e436bfc66e22f3c
Written new MAC key share to Player-Data//16-SYMS2-128//Player-MAC-Keys-MS2-P7
 Key 7: 68ddbc5a8821550607fadc4e4879494b
Written new MAC key share to Player-Data//16-SYMS2-128//Player-MAC-Keys-MS2-P8
 Key 8: 63491220d80937aab0876611a873dfa0
Written new MAC key share to Player-Data//16-SYMS2-128//Player-MAC-Keys-MS2-P9
 Key 9: a33d021cfa7eb7aaa734b8cf37dd73dc
Written new MAC key share to Player-Data//16-SYMS2-128//Player-MAC-Keys-MS2-P10
 Key 10: 1215faa207fbc29fc77b42a22b85e834
Written new MAC key share to Player-Data//16-SYMS2-128//Player-MAC-Keys-MS2-P11
 Key 11: 69588c93c9df89f11a12baca2c5d9c90
Written new MAC key share to Player-Data//16-SYMS2-128//Player-MAC-Keys-MS2-P12
 Key 12: 621ffd59d1892a8728ce01305a9fd17b
Written new MAC key share to Player-Data//16-SYMS2-128//Player-MAC-Keys-MS2-P13
 Key 13: d32fc058bb097b1d3b59258f9889785f
Written new MAC key share to Player-Data//16-SYMS2-128//Player-MAC-Keys-MS2-P14
 Key 14: 3dadfec885a91678f606f57d711aa29f
Written new MAC key share to Player-Data//16-SYMS2-128//Player-MAC-Keys-MS2-P15
 Key 15: d25cea7708c7ebfb43014a9e4372c4b4
--------------
Final Key: 79329b0daf0dc7bb24cbbf9ecef5d3d4
Opening Player-Data//16-SYMS2-128/Triples-SYMS2-P0
Opening Player-Data//16-SYMS2-128/Triples-SYMS2-P1
Opening Player-Data//16-SYMS2-128/Triples-SYMS2-P2
Opening Player-Data//16-SYMS2-128/Triples-SYMS2-P3
Opening Player-Data//16-SYMS2-128/Triples-SYMS2-P4
Opening Player-Data//16-SYMS2-128/Triples-SYMS2-P5
Opening Player-Data//16-SYMS2-128/Triples-SYMS2-P6
Opening Player-Data//16-SYMS2-128/Triples-SYMS2-P7
Opening Player-Data//16-SYMS2-128/Triples-SYMS2-P8
Opening Player-Data//16-SYMS2-128/Triples-SYMS2-P9
Opening Player-Data//16-SYMS2-128/Triples-SYMS2-P10
Opening Player-Data//16-SYMS2-128/Triples-SYMS2-P11
Opening Player-Data//16-SYMS2-128/Triples-SYMS2-P12
Opening Player-Data//16-SYMS2-128/Triples-SYMS2-P13
Opening Player-Data//16-SYMS2-128/Triples-SYMS2-P14
Opening Player-Data//16-SYMS2-128/Triples-SYMS2-P15
Opening Player-Data//16-SYMS2-128/Bits-SYMS2-P0
Opening Player-Data//16-SYMS2-128/Bits-SYMS2-P1
Opening Player-Data//16-SYMS2-128/Bits-SYMS2-P2
Opening Player-Data//16-SYMS2-128/Bits-SYMS2-P3
Opening Player-Data//16-SYMS2-128/Bits-SYMS2-P4
Opening Player-Data//16-SYMS2-128/Bits-SYMS2-P5
Opening Player-Data//16-SYMS2-128/Bits-SYMS2-P6
Opening Player-Data//16-SYMS2-128/Bits-SYMS2-P7
Opening Player-Data//16-SYMS2-128/Bits-SYMS2-P8
Opening Player-Data//16-SYMS2-128/Bits-SYMS2-P9
Opening Player-Data//16-SYMS2-128/Bits-SYMS2-P10
Opening Player-Data//16-SYMS2-128/Bits-SYMS2-P11
Opening Player-Data//16-SYMS2-128/Bits-SYMS2-P12
Opening Player-Data//16-SYMS2-128/Bits-SYMS2-P13
Opening Player-Data//16-SYMS2-128/Bits-SYMS2-P14
Opening Player-Data//16-SYMS2-128/Bits-SYMS2-P15
Opening Player-Data//16-SYMS2-128/Inputs-SYMS2-P0-0
Opening Player-Data//16-SYMS2-128/Inputs-SYMS2-P1-0
Opening Player-Data//16-SYMS2-128/Inputs-SYMS2-P2-0
Opening Player-Data//16-SYMS2-128/Inputs-SYMS2-P3-0
Opening Player-Data//16-SYMS2-128/Inputs-SYMS2-P4-0
Opening Player-Data//16-SYMS2-128/Inputs-SYMS2-P5-0
Opening Player-Data//16-SYMS2-128/Inputs-SYMS2-P6-0
Opening Player-Data//16-SYMS2-128/Inputs-SYMS2-P7-0
Opening Player-Data//16-SYMS2-128/Inputs-SYMS2-P8-0
Opening Player-Data//16-SYMS2-128/Inputs-SYMS2-P9-0
Opening Player-Data//16-SYMS2-128/Inputs-SYMS2-P10-0
Opening Player-Data//16-SYMS2-128/Inputs-SYMS2-P11-0
Opening Player-Data//16-SYMS2-128/Inputs-SYMS2-P12-0
Opening Player-Data//16-SYMS2-128/Inputs-SYMS2-P13-0
Opening Player-Data//16-SYMS2-128/Inputs-SYMS2-P14-0
Opening Player-Data//16-SYMS2-128/Inputs-SYMS2-P15-0
Opening Player-Data//16-SYMS2-128/Inputs-SYMS2-P0-1
Opening Player-Data//16-SYMS2-128/Inputs-SYMS2-P1-1
Opening Player-Data//16-SYMS2-128/Inputs-SYMS2-P2-1
Opening Player-Data//16-SYMS2-128/Inputs-SYMS2-P3-1
Opening Player-Data//16-SYMS2-128/Inputs-SYMS2-P4-1
Opening Player-Data//16-SYMS2-128/Inputs-SYMS2-P5-1
Opening Player-Data//16-SYMS2-128/Inputs-SYMS2-P6-1
Opening Player-Data//16-SYMS2-128/Inputs-SYMS2-P7-1
Opening Player-Data//16-SYMS2-128/Inputs-SYMS2-P8-1
Opening Player-Data//16-SYMS2-128/Inputs-SYMS2-P9-1
Opening Player-Data//16-SYMS2-128/Inputs-SYMS2-P10-1
Opening Player-Data//16-SYMS2-128/Inputs-SYMS2-P11-1
Opening Player-Data//16-SYMS2-128/Inputs-SYMS2-P12-1
Opening Player-Data//16-SYMS2-128/Inputs-SYMS2-P13-1
Opening Player-Data//16-SYMS2-128/Inputs-SYMS2-P14-1
Opening Player-Data//16-SYMS2-128/Inputs-SYMS2-P15-1
Opening Player-Data//16-SYMS2-128/Inputs-SYMS2-P0-2
Opening Player-Data//16-SYMS2-128/Inputs-SYMS2-P1-2
Opening Player-Data//16-SYMS2-128/Inputs-SYMS2-P2-2
Opening Player-Data//16-SYMS2-128/Inputs-SYMS2-P3-2
Opening Player-Data//16-SYMS2-128/Inputs-SYMS2-P4-2
Opening Player-Data//16-SYMS2-128/Inputs-SYMS2-P5-2
Opening Player-Data//16-SYMS2-128/Inputs-SYMS2-P6-2
Opening Player-Data//16-SYMS2-128/Inputs-SYMS2-P7-2
Opening Player-Data//16-SYMS2-128/Inputs-SYMS2-P8-2
Opening Player-Data//16-SYMS2-128/Inputs-SYMS2-P9-2
Opening Player-Data//16-SYMS2-128/Inputs-SYMS2-P10-2
Opening Player-Data//16-SYMS2-128/Inputs-SYMS2-P11-2
Opening Player-Data//16-SYMS2-128/Inputs-SYMS2-P12-2
Opening Player-Data//16-SYMS2-128/Inputs-SYMS2-P13-2
Opening Player-Data//16-SYMS2-128/Inputs-SYMS2-P14-2
Opening Player-Data//16-SYMS2-128/Inputs-SYMS2-P15-2
Opening Player-Data//16-SYMS2-128/Inputs-SYMS2-P0-3
Opening Player-Data//16-SYMS2-128/Inputs-SYMS2-P1-3
Opening Player-Data//16-SYMS2-128/Inputs-SYMS2-P2-3
Opening Player-Data//16-SYMS2-128/Inputs-SYMS2-P3-3
Opening Player-Data//16-SYMS2-128/Inputs-SYMS2-P4-3
Opening Player-Data//16-SYMS2-128/Inputs-SYMS2-P5-3
Opening Player-Data//16-SYMS2-128/Inputs-SYMS2-P6-3
Opening Player-Data//16-SYMS2-128/Inputs-SYMS2-P7-3
Opening Player-Data//16-SYMS2-128/Inputs-SYMS2-P8-3
Opening Player-Data//16-SYMS2-128/Inputs-SYMS2-P9-3
Opening Player-Data//16-SYMS2-128/Inputs-SYMS2-P10-3
Opening Player-Data//16-SYMS2-128/Inputs-SYMS2-P11-3
Opening Player-Data//16-SYMS2-128/Inputs-SYMS2-P12-3
Opening Player-Data//16-SYMS2-128/Inputs-SYMS2-P13-3
Opening Player-Data//16-SYMS2-128/Inputs-SYMS2-P14-3
Opening Player-Data//16-SYMS2-128/Inputs-SYMS2-P15-3
Opening Player-Data//16-SYMS2-128/Inputs-SYMS2-P0-4
Opening Player-Data//16-SYMS2-128/Inputs-SYMS2-P1-4
Opening Player-Data//16-SYMS2-128/Inputs-SYMS2-P2-4
Opening Player-Data//16-SYMS2-128/Inputs-SYMS2-P3-4
Opening Player-Data//16-SYMS2-128/Inputs-SYMS2-P4-4
Opening Player-Data//16-SYMS2-128/Inputs-SYMS2-P5-4
Opening Player-Data//16-SYMS2-128/Inputs-SYMS2-P6-4
Opening Player-Data//16-SYMS2-128/Inputs-SYMS2-P7-4
Opening Player-Data//16-SYMS2-128/Inputs-SYMS2-P8-4
Opening Player-Data//16-SYMS2-128/Inputs-SYMS2-P9-4
Opening Player-Data//16-SYMS2-128/Inputs-SYMS2-P10-4
Opening Player-Data//16-SYMS2-128/Inputs-SYMS2-P11-4
Opening Player-Data//16-SYMS2-128/Inputs-SYMS2-P12-4
Opening Player-Data//16-SYMS2-128/Inputs-SYMS2-P13-4
Opening Player-Data//16-SYMS2-128/Inputs-SYMS2-P14-4
Opening Player-Data//16-SYMS2-128/Inputs-SYMS2-P15-4
Opening Player-Data//16-SYMS2-128/Inputs-SYMS2-P0-5
Opening Player-Data//16-SYMS2-128/Inputs-SYMS2-P1-5
Opening Player-Data//16-SYMS2-128/Inputs-SYMS2-P2-5
Opening Player-Data//16-SYMS2-128/Inputs-SYMS2-P3-5
Opening Player-Data//16-SYMS2-128/Inputs-SYMS2-P4-5
Opening Player-Data//16-SYMS2-128/Inputs-SYMS2-P5-5
Opening Player-Data//16-SYMS2-128/Inputs-SYMS2-P6-5
Opening Player-Data//16-SYMS2-128/Inputs-SYMS2-P7-5
Opening Player-Data//16-SYMS2-128/Inputs-SYMS2-P8-5
Opening Player-Data//16-SYMS2-128/Inputs-SYMS2-P9-5
Opening Player-Data//16-SYMS2-128/Inputs-SYMS2-P10-5
Opening Player-Data//16-SYMS2-128/Inputs-SYMS2-P11-5
Opening Player-Data//16-SYMS2-128/Inputs-SYMS2-P12-5
Opening Player-Data//16-SYMS2-128/Inputs-SYMS2-P13-5
Opening Player-Data//16-SYMS2-128/Inputs-SYMS2-P14-5
Opening Player-Data//16-SYMS2-128/Inputs-SYMS2-P15-5
Opening Player-Data//16-SYMS2-128/Inputs-SYMS2-P0-6
Opening Player-Data//16-SYMS2-128/Inputs-SYMS2-P1-6
Opening Player-Data//16-SYMS2-128/Inputs-SYMS2-P2-6
Opening Player-Data//16-SYMS2-128/Inputs-SYMS2-P3-6
Opening Player-Data//16-SYMS2-128/Inputs-SYMS2-P4-6
Opening Player-Data//16-SYMS2-128/Inputs-SYMS2-P5-6
Opening Player-Data//16-SYMS2-128/Inputs-SYMS2-P6-6
Opening Player-Data//16-SYMS2-128/Inputs-SYMS2-P7-6
Opening Player-Data//16-SYMS2-128/Inputs-SYMS2-P8-6
Opening Player-Data//16-SYMS2-128/Inputs-SYMS2-P9-6
Opening Player-Data//16-SYMS2-128/Inputs-SYMS2-P10-6
Opening Player-Data//16-SYMS2-128/Inputs-SYMS2-P11-6
Opening Player-Data//16-SYMS2-128/Inputs-SYMS2-P12-6
Opening Player-Data//16-SYMS2-128/Inputs-SYMS2-P13-6
Opening Player-Data//16-SYMS2-128/Inputs-SYMS2-P14-6
Opening Player-Data//16-SYMS2-128/Inputs-SYMS2-P15-6
Opening Player-Data//16-SYMS2-128/Inputs-SYMS2-P0-7
Opening Player-Data//16-SYMS2-128/Inputs-SYMS2-P1-7
Opening Player-Data//16-SYMS2-128/Inputs-SYMS2-P2-7
Opening Player-Data//16-SYMS2-128/Inputs-SYMS2-P3-7
Opening Player-Data//16-SYMS2-128/Inputs-SYMS2-P4-7
Opening Player-Data//16-SYMS2-128/Inputs-SYMS2-P5-7
Opening Player-Data//16-SYMS2-128/Inputs-SYMS2-P6-7
Opening Player-Data//16-SYMS2-128/Inputs-SYMS2-P7-7
Opening Player-Data//16-SYMS2-128/Inputs-SYMS2-P8-7
Opening Player-Data//16-SYMS2-128/Inputs-SYMS2-P9-7
Opening Player-Data//16-SYMS2-128/Inputs-SYMS2-P10-7
Opening Player-Data//16-SYMS2-128/Inputs-SYMS2-P11-7
Opening Player-Data//16-SYMS2-128/Inputs-SYMS2-P12-7
Opening Player-Data//16-SYMS2-128/Inputs-SYMS2-P13-7
Opening Player-Data//16-SYMS2-128/Inputs-SYMS2-P14-7
Opening Player-Data//16-SYMS2-128/Inputs-SYMS2-P15-7
Opening Player-Data//16-SYMS2-128/Inputs-SYMS2-P0-8
Opening Player-Data//16-SYMS2-128/Inputs-SYMS2-P1-8
Opening Player-Data//16-SYMS2-128/Inputs-SYMS2-P2-8
Opening Player-Data//16-SYMS2-128/Inputs-SYMS2-P3-8
Opening Player-Data//16-SYMS2-128/Inputs-SYMS2-P4-8
Opening Player-Data//16-SYMS2-128/Inputs-SYMS2-P5-8
Opening Player-Data//16-SYMS2-128/Inputs-SYMS2-P6-8
Opening Player-Data//16-SYMS2-128/Inputs-SYMS2-P7-8
Opening Player-Data//16-SYMS2-128/Inputs-SYMS2-P8-8
Opening Player-Data//16-SYMS2-128/Inputs-SYMS2-P9-8
Opening Player-Data//16-SYMS2-128/Inputs-SYMS2-P10-8
Opening Player-Data//16-SYMS2-128/Inputs-SYMS2-P11-8
Opening Player-Data//16-SYMS2-128/Inputs-SYMS2-P12-8
Opening Player-Data//16-SYMS2-128/Inputs-SYMS2-P13-8
Opening Player-Data//16-SYMS2-128/Inputs-SYMS2-P14-8
Opening Player-Data//16-SYMS2-128/Inputs-SYMS2-P15-8
Opening Player-Data//16-SYMS2-128/Inputs-SYMS2-P0-9
Opening Player-Data//16-SYMS2-128/Inputs-SYMS2-P1-9
Opening Player-Data//16-SYMS2-128/Inputs-SYMS2-P2-9
Opening Player-Data//16-SYMS2-128/Inputs-SYMS2-P3-9
Opening Player-Data//16-SYMS2-128/Inputs-SYMS2-P4-9
Opening Player-Data//16-SYMS2-128/Inputs-SYMS2-P5-9
Opening Player-Data//16-SYMS2-128/Inputs-SYMS2-P6-9
Opening Player-Data//16-SYMS2-128/Inputs-SYMS2-P7-9
Opening Player-Data//16-SYMS2-128/Inputs-SYMS2-P8-9
Opening Player-Data//16-SYMS2-128/Inputs-SYMS2-P9-9
Opening Player-Data//16-SYMS2-128/Inputs-SYMS2-P10-9
Opening Player-Data//16-SYMS2-128/Inputs-SYMS2-P11-9
Opening Player-Data//16-SYMS2-128/Inputs-SYMS2-P12-9
Opening Player-Data//16-SYMS2-128/Inputs-SYMS2-P13-9
Opening Player-Data//16-SYMS2-128/Inputs-SYMS2-P14-9
Opening Player-Data//16-SYMS2-128/Inputs-SYMS2-P15-9
Opening Player-Data//16-SYMS2-128/Inputs-SYMS2-P0-10
Opening Player-Data//16-SYMS2-128/Inputs-SYMS2-P1-10
Opening Player-Data//16-SYMS2-128/Inputs-SYMS2-P2-10
Opening Player-Data//16-SYMS2-128/Inputs-SYMS2-P3-10
Opening Player-Data//16-SYMS2-128/Inputs-SYMS2-P4-10
Opening Player-Data//16-SYMS2-128/Inputs-SYMS2-P5-10
Opening Player-Data//16-SYMS2-128/Inputs-SYMS2-P6-10
Opening Player-Data//16-SYMS2-128/Inputs-SYMS2-P7-10
Opening Player-Data//16-SYMS2-128/Inputs-SYMS2-P8-10
Opening Player-Data//16-SYMS2-128/Inputs-SYMS2-P9-10
Opening Player-Data//16-SYMS2-128/Inputs-SYMS2-P10-10
Opening Player-Data//16-SYMS2-128/Inputs-SYMS2-P11-10
Opening Player-Data//16-SYMS2-128/Inputs-SYMS2-P12-10
Opening Player-Data//16-SYMS2-128/Inputs-SYMS2-P13-10
Opening Player-Data//16-SYMS2-128/Inputs-SYMS2-P14-10
Opening Player-Data//16-SYMS2-128/Inputs-SYMS2-P15-10
Opening Player-Data//16-SYMS2-128/Inputs-SYMS2-P0-11
Opening Player-Data//16-SYMS2-128/Inputs-SYMS2-P1-11
Opening Player-Data//16-SYMS2-128/Inputs-SYMS2-P2-11
Opening Player-Data//16-SYMS2-128/Inputs-SYMS2-P3-11
Opening Player-Data//16-SYMS2-128/Inputs-SYMS2-P4-11
Opening Player-Data//16-SYMS2-128/Inputs-SYMS2-P5-11
Opening Player-Data//16-SYMS2-128/Inputs-SYMS2-P6-11
Opening Player-Data//16-SYMS2-128/Inputs-SYMS2-P7-11
Opening Player-Data//16-SYMS2-128/Inputs-SYMS2-P8-11
Opening Player-Data//16-SYMS2-128/Inputs-SYMS2-P9-11
Opening Player-Data//16-SYMS2-128/Inputs-SYMS2-P10-11
Opening Player-Data//16-SYMS2-128/Inputs-SYMS2-P11-11
Opening Player-Data//16-SYMS2-128/Inputs-SYMS2-P12-11
Opening Player-Data//16-SYMS2-128/Inputs-SYMS2-P13-11
Opening Player-Data//16-SYMS2-128/Inputs-SYMS2-P14-11
Opening Player-Data//16-SYMS2-128/Inputs-SYMS2-P15-11
Opening Player-Data//16-SYMS2-128/Inputs-SYMS2-P0-12
Opening Player-Data//16-SYMS2-128/Inputs-SYMS2-P1-12
Opening Player-Data//16-SYMS2-128/Inputs-SYMS2-P2-12
Opening Player-Data//16-SYMS2-128/Inputs-SYMS2-P3-12
Opening Player-Data//16-SYMS2-128/Inputs-SYMS2-P4-12
Opening Player-Data//16-SYMS2-128/Inputs-SYMS2-P5-12
Opening Player-Data//16-SYMS2-128/Inputs-SYMS2-P6-12
Opening Player-Data//16-SYMS2-128/Inputs-SYMS2-P7-12
Opening Player-Data//16-SYMS2-128/Inputs-SYMS2-P8-12
Opening Player-Data//16-SYMS2-128/Inputs-SYMS2-P9-12
Opening Player-Data//16-SYMS2-128/Inputs-SYMS2-P10-12
Opening Player-Data//16-SYMS2-128/Inputs-SYMS2-P11-12
Opening Player-Data//16-SYMS2-128/Inputs-SYMS2-P12-12
Opening Player-Data//16-SYMS2-128/Inputs-SYMS2-P13-12
Opening Player-Data//16-SYMS2-128/Inputs-SYMS2-P14-12
Opening Player-Data//16-SYMS2-128/Inputs-SYMS2-P15-12
Opening Player-Data//16-SYMS2-128/Inputs-SYMS2-P0-13
Opening Player-Data//16-SYMS2-128/Inputs-SYMS2-P1-13
Opening Player-Data//16-SYMS2-128/Inputs-SYMS2-P2-13
Opening Player-Data//16-SYMS2-128/Inputs-SYMS2-P3-13
Opening Player-Data//16-SYMS2-128/Inputs-SYMS2-P4-13
Opening Player-Data//16-SYMS2-128/Inputs-SYMS2-P5-13
Opening Player-Data//16-SYMS2-128/Inputs-SYMS2-P6-13
Opening Player-Data//16-SYMS2-128/Inputs-SYMS2-P7-13
Opening Player-Data//16-SYMS2-128/Inputs-SYMS2-P8-13
Opening Player-Data//16-SYMS2-128/Inputs-SYMS2-P9-13
Opening Player-Data//16-SYMS2-128/Inputs-SYMS2-P10-13
Opening Player-Data//16-SYMS2-128/Inputs-SYMS2-P11-13
Opening Player-Data//16-SYMS2-128/Inputs-SYMS2-P12-13
Opening Player-Data//16-SYMS2-128/Inputs-SYMS2-P13-13
Opening Player-Data//16-SYMS2-128/Inputs-SYMS2-P14-13
Opening Player-Data//16-SYMS2-128/Inputs-SYMS2-P15-13
Opening Player-Data//16-SYMS2-128/Inputs-SYMS2-P0-14
Opening Player-Data//16-SYMS2-128/Inputs-SYMS2-P1-14
Opening Player-Data//16-SYMS2-128/Inputs-SYMS2-P2-14
Opening Player-Data//16-SYMS2-128/Inputs-SYMS2-P3-14
Opening Player-Data//16-SYMS2-128/Inputs-SYMS2-P4-14
Opening Player-Data//16-SYMS2-128/Inputs-SYMS2-P5-14
Opening Player-Data//16-SYMS2-128/Inputs-SYMS2-P6-14
Opening Player-Data//16-SYMS2-128/Inputs-SYMS2-P7-14
Opening Player-Data//16-SYMS2-128/Inputs-SYMS2-P8-14
Opening Player-Data//16-SYMS2-128/Inputs-SYMS2-P9-14
Opening Player-Data//16-SYMS2-128/Inputs-SYMS2-P10-14
Opening Player-Data//16-SYMS2-128/Inputs-SYMS2-P11-14
Opening Player-Data//16-SYMS2-128/Inputs-SYMS2-P12-14
Opening Player-Data//16-SYMS2-128/Inputs-SYMS2-P13-14
Opening Player-Data//16-SYMS2-128/Inputs-SYMS2-P14-14
Opening Player-Data//16-SYMS2-128/Inputs-SYMS2-P15-14
Opening Player-Data//16-SYMS2-128/Inputs-SYMS2-P0-15
Opening Player-Data//16-SYMS2-128/Inputs-SYMS2-P1-15
Opening Player-Data//16-SYMS2-128/Inputs-SYMS2-P2-15
Opening Player-Data//16-SYMS2-128/Inputs-SYMS2-P3-15
Opening Player-Data//16-SYMS2-128/Inputs-SYMS2-P4-15
Opening Player-Data//16-SYMS2-128/Inputs-SYMS2-P5-15
Opening Player-Data//16-SYMS2-128/Inputs-SYMS2-P6-15
Opening Player-Data//16-SYMS2-128/Inputs-SYMS2-P7-15
Opening Player-Data//16-SYMS2-128/Inputs-SYMS2-P8-15
Opening Player-Data//16-SYMS2-128/Inputs-SYMS2-P9-15
Opening Player-Data//16-SYMS2-128/Inputs-SYMS2-P10-15
Opening Player-Data//16-SYMS2-128/Inputs-SYMS2-P11-15
Opening Player-Data//16-SYMS2-128/Inputs-SYMS2-P12-15
Opening Player-Data//16-SYMS2-128/Inputs-SYMS2-P13-15
Opening Player-Data//16-SYMS2-128/Inputs-SYMS2-P14-15
Opening Player-Data//16-SYMS2-128/Inputs-SYMS2-P15-15
Opening Player-Data//16-SYMS2-128/Squares-SYMS2-P0
Opening Player-Data//16-SYMS2-128/Squares-SYMS2-P1
Opening Player-Data//16-SYMS2-128/Squares-SYMS2-P2
Opening Player-Data//16-SYMS2-128/Squares-SYMS2-P3
Opening Player-Data//16-SYMS2-128/Squares-SYMS2-P4
Opening Player-Data//16-SYMS2-128/Squares-SYMS2-P5
Opening Player-Data//16-SYMS2-128/Squares-SYMS2-P6
Opening Player-Data//16-SYMS2-128/Squares-SYMS2-P7
Opening Player-Data//16-SYMS2-128/Squares-SYMS2-P8
Opening Player-Data//16-SYMS2-128/Squares-SYMS2-P9
Opening Player-Data//16-SYMS2-128/Squares-SYMS2-P10
Opening Player-Data//16-SYMS2-128/Squares-SYMS2-P11
Opening Player-Data//16-SYMS2-128/Squares-SYMS2-P12
Opening Player-Data//16-SYMS2-128/Squares-SYMS2-P13
Opening Player-Data//16-SYMS2-128/Squares-SYMS2-P14
Opening Player-Data//16-SYMS2-128/Squares-SYMS2-P15
Opening Player-Data//16-SYMS2-128/daBits-SYMS2-P0
Opening Player-Data//16-SYMS2-128/daBits-SYMS2-P1
Opening Player-Data//16-SYMS2-128/daBits-SYMS2-P2
Opening Player-Data//16-SYMS2-128/daBits-SYMS2-P3
Opening Player-Data//16-SYMS2-128/daBits-SYMS2-P4
Opening Player-Data//16-SYMS2-128/daBits-SYMS2-P5
Opening Player-Data//16-SYMS2-128/daBits-SYMS2-P6
Opening Player-Data//16-SYMS2-128/daBits-SYMS2-P7
Opening Player-Data//16-SYMS2-128/daBits-SYMS2-P8
Opening Player-Data//16-SYMS2-128/daBits-SYMS2-P9
Opening Player-Data//16-SYMS2-128/daBits-SYMS2-P10
Opening Player-Data//16-SYMS2-128/daBits-SYMS2-P11
Opening Player-Data//16-SYMS2-128/daBits-SYMS2-P12
Opening Player-Data//16-SYMS2-128/daBits-SYMS2-P13
Opening Player-Data//16-SYMS2-128/daBits-SYMS2-P14
Opening Player-Data//16-SYMS2-128/daBits-SYMS2-P15
Opening Player-Data//16-SYMS2-128/Inverses-SYMS2-P0
Opening Player-Data//16-SYMS2-128/Inverses-SYMS2-P1
Opening Player-Data//16-SYMS2-128/Inverses-SYMS2-P2
Opening Player-Data//16-SYMS2-128/Inverses-SYMS2-P3
Opening Player-Data//16-SYMS2-128/Inverses-SYMS2-P4
Opening Player-Data//16-SYMS2-128/Inverses-SYMS2-P5
Opening Player-Data//16-SYMS2-128/Inverses-SYMS2-P6
Opening Player-Data//16-SYMS2-128/Inverses-SYMS2-P7
Opening Player-Data//16-SYMS2-128/Inverses-SYMS2-P8
Opening Player-Data//16-SYMS2-128/Inverses-SYMS2-P9
Opening Player-Data//16-SYMS2-128/Inverses-SYMS2-P10
Opening Player-Data//16-SYMS2-128/Inverses-SYMS2-P11
Opening Player-Data//16-SYMS2-128/Inverses-SYMS2-P12
Opening Player-Data//16-SYMS2-128/Inverses-SYMS2-P13
Opening Player-Data//16-SYMS2-128/Inverses-SYMS2-P14
Opening Player-Data//16-SYMS2-128/Inverses-SYMS2-P15
Opening Player-Data//16-D2-40/Triples-D2-P0
Opening Player-Data//16-D2-40/Triples-D2-P1
Opening Player-Data//16-D2-40/Triples-D2-P2
Opening Player-Data//16-D2-40/Triples-D2-P3
Opening Player-Data//16-D2-40/Triples-D2-P4
Opening Player-Data//16-D2-40/Triples-D2-P5
Opening Player-Data//16-D2-40/Triples-D2-P6
Opening Player-Data//16-D2-40/Triples-D2-P7
Opening Player-Data//16-D2-40/Triples-D2-P8
Opening Player-Data//16-D2-40/Triples-D2-P9
Opening Player-Data//16-D2-40/Triples-D2-P10
Opening Player-Data//16-D2-40/Triples-D2-P11
Opening Player-Data//16-D2-40/Triples-D2-P12
Opening Player-Data//16-D2-40/Triples-D2-P13
Opening Player-Data//16-D2-40/Triples-D2-P14
Opening Player-Data//16-D2-40/Triples-D2-P15
Opening Player-Data//16-D2-40/Bits-D2-P0
Opening Player-Data//16-D2-40/Bits-D2-P1
Opening Player-Data//16-D2-40/Bits-D2-P2
Opening Player-Data//16-D2-40/Bits-D2-P3
Opening Player-Data//16-D2-40/Bits-D2-P4
Opening Player-Data//16-D2-40/Bits-D2-P5
Opening Player-Data//16-D2-40/Bits-D2-P6
Opening Player-Data//16-D2-40/Bits-D2-P7
Opening Player-Data//16-D2-40/Bits-D2-P8
Opening Player-Data//16-D2-40/Bits-D2-P9
Opening Player-Data//16-D2-40/Bits-D2-P10
Opening Player-Data//16-D2-40/Bits-D2-P11
Opening Player-Data//16-D2-40/Bits-D2-P12
Opening Player-Data//16-D2-40/Bits-D2-P13
Opening Player-Data//16-D2-40/Bits-D2-P14
Opening Player-Data//16-D2-40/Bits-D2-P15
Opening Player-Data//16-D2-40/Inputs-D2-P0-0
Opening Player-Data//16-D2-40/Inputs-D2-P1-0
Opening Player-Data//16-D2-40/Inputs-D2-P2-0
Opening Player-Data//16-D2-40/Inputs-D2-P3-0
Opening Player-Data//16-D2-40/Inputs-D2-P4-0
Opening Player-Data//16-D2-40/Inputs-D2-P5-0
Opening Player-Data//16-D2-40/Inputs-D2-P6-0
Opening Player-Data//16-D2-40/Inputs-D2-P7-0
Opening Player-Data//16-D2-40/Inputs-D2-P8-0
Opening Player-Data//16-D2-40/Inputs-D2-P9-0
Opening Player-Data//16-D2-40/Inputs-D2-P10-0
Opening Player-Data//16-D2-40/Inputs-D2-P11-0
Opening Player-Data//16-D2-40/Inputs-D2-P12-0
Opening Player-Data//16-D2-40/Inputs-D2-P13-0
Opening Player-Data//16-D2-40/Inputs-D2-P14-0
Opening Player-Data//16-D2-40/Inputs-D2-P15-0
Opening Player-Data//16-D2-40/Inputs-D2-P0-1
Opening Player-Data//16-D2-40/Inputs-D2-P1-1
Opening Player-Data//16-D2-40/Inputs-D2-P2-1
Opening Player-Data//16-D2-40/Inputs-D2-P3-1
Opening Player-Data//16-D2-40/Inputs-D2-P4-1
Opening Player-Data//16-D2-40/Inputs-D2-P5-1
Opening Player-Data//16-D2-40/Inputs-D2-P6-1
Opening Player-Data//16-D2-40/Inputs-D2-P7-1
Opening Player-Data//16-D2-40/Inputs-D2-P8-1
Opening Player-Data//16-D2-40/Inputs-D2-P9-1
Opening Player-Data//16-D2-40/Inputs-D2-P10-1
Opening Player-Data//16-D2-40/Inputs-D2-P11-1
Opening Player-Data//16-D2-40/Inputs-D2-P12-1
Opening Player-Data//16-D2-40/Inputs-D2-P13-1
Opening Player-Data//16-D2-40/Inputs-D2-P14-1
Opening Player-Data//16-D2-40/Inputs-D2-P15-1
Opening Player-Data//16-D2-40/Inputs-D2-P0-2
Opening Player-Data//16-D2-40/Inputs-D2-P1-2
Opening Player-Data//16-D2-40/Inputs-D2-P2-2
Opening Player-Data//16-D2-40/Inputs-D2-P3-2
Opening Player-Data//16-D2-40/Inputs-D2-P4-2
Opening Player-Data//16-D2-40/Inputs-D2-P5-2
Opening Player-Data//16-D2-40/Inputs-D2-P6-2
Opening Player-Data//16-D2-40/Inputs-D2-P7-2
Opening Player-Data//16-D2-40/Inputs-D2-P8-2
Opening Player-Data//16-D2-40/Inputs-D2-P9-2
Opening Player-Data//16-D2-40/Inputs-D2-P10-2
Opening Player-Data//16-D2-40/Inputs-D2-P11-2
Opening Player-Data//16-D2-40/Inputs-D2-P12-2
Opening Player-Data//16-D2-40/Inputs-D2-P13-2
Opening Player-Data//16-D2-40/Inputs-D2-P14-2
Opening Player-Data//16-D2-40/Inputs-D2-P15-2
Opening Player-Data//16-D2-40/Inputs-D2-P0-3
Opening Player-Data//16-D2-40/Inputs-D2-P1-3
Opening Player-Data//16-D2-40/Inputs-D2-P2-3
Opening Player-Data//16-D2-40/Inputs-D2-P3-3
Opening Player-Data//16-D2-40/Inputs-D2-P4-3
Opening Player-Data//16-D2-40/Inputs-D2-P5-3
Opening Player-Data//16-D2-40/Inputs-D2-P6-3
Opening Player-Data//16-D2-40/Inputs-D2-P7-3
Opening Player-Data//16-D2-40/Inputs-D2-P8-3
Opening Player-Data//16-D2-40/Inputs-D2-P9-3
Opening Player-Data//16-D2-40/Inputs-D2-P10-3
Opening Player-Data//16-D2-40/Inputs-D2-P11-3
Opening Player-Data//16-D2-40/Inputs-D2-P12-3
Opening Player-Data//16-D2-40/Inputs-D2-P13-3
Opening Player-Data//16-D2-40/Inputs-D2-P14-3
Opening Player-Data//16-D2-40/Inputs-D2-P15-3
Opening Player-Data//16-D2-40/Inputs-D2-P0-4
Opening Player-Data//16-D2-40/Inputs-D2-P1-4
Opening Player-Data//16-D2-40/Inputs-D2-P2-4
Opening Player-Data//16-D2-40/Inputs-D2-P3-4
Opening Player-Data//16-D2-40/Inputs-D2-P4-4
Opening Player-Data//16-D2-40/Inputs-D2-P5-4
Opening Player-Data//16-D2-40/Inputs-D2-P6-4
Opening Player-Data//16-D2-40/Inputs-D2-P7-4
Opening Player-Data//16-D2-40/Inputs-D2-P8-4
Opening Player-Data//16-D2-40/Inputs-D2-P9-4
Opening Player-Data//16-D2-40/Inputs-D2-P10-4
Opening Player-Data//16-D2-40/Inputs-D2-P11-4
Opening Player-Data//16-D2-40/Inputs-D2-P12-4
Opening Player-Data//16-D2-40/Inputs-D2-P13-4
Opening Player-Data//16-D2-40/Inputs-D2-P14-4
Opening Player-Data//16-D2-40/Inputs-D2-P15-4
Opening Player-Data//16-D2-40/Inputs-D2-P0-5
Opening Player-Data//16-D2-40/Inputs-D2-P1-5
Opening Player-Data//16-D2-40/Inputs-D2-P2-5
Opening Player-Data//16-D2-40/Inputs-D2-P3-5
Opening Player-Data//16-D2-40/Inputs-D2-P4-5
Opening Player-Data//16-D2-40/Inputs-D2-P5-5
Opening Player-Data//16-D2-40/Inputs-D2-P6-5
Opening Player-Data//16-D2-40/Inputs-D2-P7-5
Opening Player-Data//16-D2-40/Inputs-D2-P8-5
Opening Player-Data//16-D2-40/Inputs-D2-P9-5
Opening Player-Data//16-D2-40/Inputs-D2-P10-5
Opening Player-Data//16-D2-40/Inputs-D2-P11-5
Opening Player-Data//16-D2-40/Inputs-D2-P12-5
Opening Player-Data//16-D2-40/Inputs-D2-P13-5
Opening Player-Data//16-D2-40/Inputs-D2-P14-5
Opening Player-Data//16-D2-40/Inputs-D2-P15-5
Opening Player-Data//16-D2-40/Inputs-D2-P0-6
Opening Player-Data//16-D2-40/Inputs-D2-P1-6
Opening Player-Data//16-D2-40/Inputs-D2-P2-6
Opening Player-Data//16-D2-40/Inputs-D2-P3-6
Opening Player-Data//16-D2-40/Inputs-D2-P4-6
Opening Player-Data//16-D2-40/Inputs-D2-P5-6
Opening Player-Data//16-D2-40/Inputs-D2-P6-6
Opening Player-Data//16-D2-40/Inputs-D2-P7-6
Opening Player-Data//16-D2-40/Inputs-D2-P8-6
Opening Player-Data//16-D2-40/Inputs-D2-P9-6
Opening Player-Data//16-D2-40/Inputs-D2-P10-6
Opening Player-Data//16-D2-40/Inputs-D2-P11-6
Opening Player-Data//16-D2-40/Inputs-D2-P12-6
Opening Player-Data//16-D2-40/Inputs-D2-P13-6
Opening Player-Data//16-D2-40/Inputs-D2-P14-6
Opening Player-Data//16-D2-40/Inputs-D2-P15-6
Opening Player-Data//16-D2-40/Inputs-D2-P0-7
Opening Player-Data//16-D2-40/Inputs-D2-P1-7
Opening Player-Data//16-D2-40/Inputs-D2-P2-7
Opening Player-Data//16-D2-40/Inputs-D2-P3-7
Opening Player-Data//16-D2-40/Inputs-D2-P4-7
Opening Player-Data//16-D2-40/Inputs-D2-P5-7
Opening Player-Data//16-D2-40/Inputs-D2-P6-7
Opening Player-Data//16-D2-40/Inputs-D2-P7-7
Opening Player-Data//16-D2-40/Inputs-D2-P8-7
Opening Player-Data//16-D2-40/Inputs-D2-P9-7
Opening Player-Data//16-D2-40/Inputs-D2-P10-7
Opening Player-Data//16-D2-40/Inputs-D2-P11-7
Opening Player-Data//16-D2-40/Inputs-D2-P12-7
Opening Player-Data//16-D2-40/Inputs-D2-P13-7
Opening Player-Data//16-D2-40/Inputs-D2-P14-7
Opening Player-Data//16-D2-40/Inputs-D2-P15-7
Opening Player-Data//16-D2-40/Inputs-D2-P0-8
Opening Player-Data//16-D2-40/Inputs-D2-P1-8
Opening Player-Data//16-D2-40/Inputs-D2-P2-8
Opening Player-Data//16-D2-40/Inputs-D2-P3-8
Opening Player-Data//16-D2-40/Inputs-D2-P4-8
Opening Player-Data//16-D2-40/Inputs-D2-P5-8
Opening Player-Data//16-D2-40/Inputs-D2-P6-8
Opening Player-Data//16-D2-40/Inputs-D2-P7-8
Opening Player-Data//16-D2-40/Inputs-D2-P8-8
Opening Player-Data//16-D2-40/Inputs-D2-P9-8
Opening Player-Data//16-D2-40/Inputs-D2-P10-8
Opening Player-Data//16-D2-40/Inputs-D2-P11-8
Opening Player-Data//16-D2-40/Inputs-D2-P12-8
Opening Player-Data//16-D2-40/Inputs-D2-P13-8
Opening Player-Data//16-D2-40/Inputs-D2-P14-8
Opening Player-Data//16-D2-40/Inputs-D2-P15-8
Opening Player-Data//16-D2-40/Inputs-D2-P0-9
Opening Player-Data//16-D2-40/Inputs-D2-P1-9
Opening Player-Data//16-D2-40/Inputs-D2-P2-9
Opening Player-Data//16-D2-40/Inputs-D2-P3-9
Opening Player-Data//16-D2-40/Inputs-D2-P4-9
Opening Player-Data//16-D2-40/Inputs-D2-P5-9
Opening Player-Data//16-D2-40/Inputs-D2-P6-9
Opening Player-Data//16-D2-40/Inputs-D2-P7-9
Opening Player-Data//16-D2-40/Inputs-D2-P8-9
Opening Player-Data//16-D2-40/Inputs-D2-P9-9
Opening Player-Data//16-D2-40/Inputs-D2-P10-9
Opening Player-Data//16-D2-40/Inputs-D2-P11-9
Opening Player-Data//16-D2-40/Inputs-D2-P12-9
Opening Player-Data//16-D2-40/Inputs-D2-P13-9
Opening Player-Data//16-D2-40/Inputs-D2-P14-9
Opening Player-Data//16-D2-40/Inputs-D2-P15-9
Opening Player-Data//16-D2-40/Inputs-D2-P0-10
Opening Player-Data//16-D2-40/Inputs-D2-P1-10
Opening Player-Data//16-D2-40/Inputs-D2-P2-10
Opening Player-Data//16-D2-40/Inputs-D2-P3-10
Opening Player-Data//16-D2-40/Inputs-D2-P4-10
Opening Player-Data//16-D2-40/Inputs-D2-P5-10
Opening Player-Data//16-D2-40/Inputs-D2-P6-10
Opening Player-Data//16-D2-40/Inputs-D2-P7-10
Opening Player-Data//16-D2-40/Inputs-D2-P8-10
Opening Player-Data//16-D2-40/Inputs-D2-P9-10
Opening Player-Data//16-D2-40/Inputs-D2-P10-10
Opening Player-Data//16-D2-40/Inputs-D2-P11-10
Opening Player-Data//16-D2-40/Inputs-D2-P12-10
Opening Player-Data//16-D2-40/Inputs-D2-P13-10
Opening Player-Data//16-D2-40/Inputs-D2-P14-10
Opening Player-Data//16-D2-40/Inputs-D2-P15-10
Opening Player-Data//16-D2-40/Inputs-D2-P0-11
Opening Player-Data//16-D2-40/Inputs-D2-P1-11
Opening Player-Data//16-D2-40/Inputs-D2-P2-11
Opening Player-Data//16-D2-40/Inputs-D2-P3-11
Opening Player-Data//16-D2-40/Inputs-D2-P4-11
Opening Player-Data//16-D2-40/Inputs-D2-P5-11
Opening Player-Data//16-D2-40/Inputs-D2-P6-11
Opening Player-Data//16-D2-40/Inputs-D2-P7-11
Opening Player-Data//16-D2-40/Inputs-D2-P8-11
Opening Player-Data//16-D2-40/Inputs-D2-P9-11
Opening Player-Data//16-D2-40/Inputs-D2-P10-11
Opening Player-Data//16-D2-40/Inputs-D2-P11-11
Opening Player-Data//16-D2-40/Inputs-D2-P12-11
Opening Player-Data//16-D2-40/Inputs-D2-P13-11
Opening Player-Data//16-D2-40/Inputs-D2-P14-11
Opening Player-Data//16-D2-40/Inputs-D2-P15-11
Opening Player-Data//16-D2-40/Inputs-D2-P0-12
Opening Player-Data//16-D2-40/Inputs-D2-P1-12
Opening Player-Data//16-D2-40/Inputs-D2-P2-12
Opening Player-Data//16-D2-40/Inputs-D2-P3-12
Opening Player-Data//16-D2-40/Inputs-D2-P4-12
Opening Player-Data//16-D2-40/Inputs-D2-P5-12
Opening Player-Data//16-D2-40/Inputs-D2-P6-12
Opening Player-Data//16-D2-40/Inputs-D2-P7-12
Opening Player-Data//16-D2-40/Inputs-D2-P8-12
Opening Player-Data//16-D2-40/Inputs-D2-P9-12
Opening Player-Data//16-D2-40/Inputs-D2-P10-12
Opening Player-Data//16-D2-40/Inputs-D2-P11-12
Opening Player-Data//16-D2-40/Inputs-D2-P12-12
Opening Player-Data//16-D2-40/Inputs-D2-P13-12
Opening Player-Data//16-D2-40/Inputs-D2-P14-12
Opening Player-Data//16-D2-40/Inputs-D2-P15-12
Opening Player-Data//16-D2-40/Inputs-D2-P0-13
Opening Player-Data//16-D2-40/Inputs-D2-P1-13
Opening Player-Data//16-D2-40/Inputs-D2-P2-13
Opening Player-Data//16-D2-40/Inputs-D2-P3-13
Opening Player-Data//16-D2-40/Inputs-D2-P4-13
Opening Player-Data//16-D2-40/Inputs-D2-P5-13
Opening Player-Data//16-D2-40/Inputs-D2-P6-13
Opening Player-Data//16-D2-40/Inputs-D2-P7-13
Opening Player-Data//16-D2-40/Inputs-D2-P8-13
Opening Player-Data//16-D2-40/Inputs-D2-P9-13
Opening Player-Data//16-D2-40/Inputs-D2-P10-13
Opening Player-Data//16-D2-40/Inputs-D2-P11-13
Opening Player-Data//16-D2-40/Inputs-D2-P12-13
Opening Player-Data//16-D2-40/Inputs-D2-P13-13
Opening Player-Data//16-D2-40/Inputs-D2-P14-13
Opening Player-Data//16-D2-40/Inputs-D2-P15-13
Opening Player-Data//16-D2-40/Inputs-D2-P0-14
Opening Player-Data//16-D2-40/Inputs-D2-P1-14
Opening Player-Data//16-D2-40/Inputs-D2-P2-14
Opening Player-Data//16-D2-40/Inputs-D2-P3-14
Opening Player-Data//16-D2-40/Inputs-D2-P4-14
Opening Player-Data//16-D2-40/Inputs-D2-P5-14
Opening Player-Data//16-D2-40/Inputs-D2-P6-14
Opening Player-Data//16-D2-40/Inputs-D2-P7-14
Opening Player-Data//16-D2-40/Inputs-D2-P8-14
Opening Player-Data//16-D2-40/Inputs-D2-P9-14
Opening Player-Data//16-D2-40/Inputs-D2-P10-14
Opening Player-Data//16-D2-40/Inputs-D2-P11-14
Opening Player-Data//16-D2-40/Inputs-D2-P12-14
Opening Player-Data//16-D2-40/Inputs-D2-P13-14
Opening Player-Data//16-D2-40/Inputs-D2-P14-14
Opening Player-Data//16-D2-40/Inputs-D2-P15-14
Opening Player-Data//16-D2-40/Inputs-D2-P0-15
Opening Player-Data//16-D2-40/Inputs-D2-P1-15
Opening Player-Data//16-D2-40/Inputs-D2-P2-15
Opening Player-Data//16-D2-40/Inputs-D2-P3-15
Opening Player-Data//16-D2-40/Inputs-D2-P4-15
Opening Player-Data//16-D2-40/Inputs-D2-P5-15
Opening Player-Data//16-D2-40/Inputs-D2-P6-15
Opening Player-Data//16-D2-40/Inputs-D2-P7-15
Opening Player-Data//16-D2-40/Inputs-D2-P8-15
Opening Player-Data//16-D2-40/Inputs-D2-P9-15
Opening Player-Data//16-D2-40/Inputs-D2-P10-15
Opening Player-Data//16-D2-40/Inputs-D2-P11-15
Opening Player-Data//16-D2-40/Inputs-D2-P12-15
Opening Player-Data//16-D2-40/Inputs-D2-P13-15
Opening Player-Data//16-D2-40/Inputs-D2-P14-15
Opening Player-Data//16-D2-40/Inputs-D2-P15-15
Opening Player-Data//16-D2-40/Squares-D2-P0
Opening Player-Data//16-D2-40/Squares-D2-P1
Opening Player-Data//16-D2-40/Squares-D2-P2
Opening Player-Data//16-D2-40/Squares-D2-P3
Opening Player-Data//16-D2-40/Squares-D2-P4
Opening Player-Data//16-D2-40/Squares-D2-P5
Opening Player-Data//16-D2-40/Squares-D2-P6
Opening Player-Data//16-D2-40/Squares-D2-P7
Opening Player-Data//16-D2-40/Squares-D2-P8
Opening Player-Data//16-D2-40/Squares-D2-P9
Opening Player-Data//16-D2-40/Squares-D2-P10
Opening Player-Data//16-D2-40/Squares-D2-P11
Opening Player-Data//16-D2-40/Squares-D2-P12
Opening Player-Data//16-D2-40/Squares-D2-P13
Opening Player-Data//16-D2-40/Squares-D2-P14
Opening Player-Data//16-D2-40/Squares-D2-P15
Opening Player-Data//16-D2-40/daBits-D2-P0
Opening Player-Data//16-D2-40/daBits-D2-P1
Opening Player-Data//16-D2-40/daBits-D2-P2
Opening Player-Data//16-D2-40/daBits-D2-P3
Opening Player-Data//16-D2-40/daBits-D2-P4
Opening Player-Data//16-D2-40/daBits-D2-P5
Opening Player-Data//16-D2-40/daBits-D2-P6
Opening Player-Data//16-D2-40/daBits-D2-P7
Opening Player-Data//16-D2-40/daBits-D2-P8
Opening Player-Data//16-D2-40/daBits-D2-P9
Opening Player-Data//16-D2-40/daBits-D2-P10
Opening Player-Data//16-D2-40/daBits-D2-P11
Opening Player-Data//16-D2-40/daBits-D2-P12
Opening Player-Data//16-D2-40/daBits-D2-P13
Opening Player-Data//16-D2-40/daBits-D2-P14
Opening Player-Data//16-D2-40/daBits-D2-P15
Opening Player-Data//16-D2-40/Inverses-D2-P0
Opening Player-Data//16-D2-40/Inverses-D2-P1
Opening Player-Data//16-D2-40/Inverses-D2-P2
Opening Player-Data//16-D2-40/Inverses-D2-P3
Opening Player-Data//16-D2-40/Inverses-D2-P4
Opening Player-Data//16-D2-40/Inverses-D2-P5
Opening Player-Data//16-D2-40/Inverses-D2-P6
Opening Player-Data//16-D2-40/Inverses-D2-P7
Opening Player-Data//16-D2-40/Inverses-D2-P8
Opening Player-Data//16-D2-40/Inverses-D2-P9
Opening Player-Data//16-D2-40/Inverses-D2-P10
Opening Player-Data//16-D2-40/Inverses-D2-P11
Opening Player-Data//16-D2-40/Inverses-D2-P12
Opening Player-Data//16-D2-40/Inverses-D2-P13
Opening Player-Data//16-D2-40/Inverses-D2-P14
Opening Player-Data//16-D2-40/Inverses-D2-P15
Opening Player-Data//16-DD2-40/Triples-DD2-P0
Opening Player-Data//16-DD2-40/Triples-DD2-P1
Opening Player-Data//16-DD2-40/Triples-DD2-P2
Opening Player-Data//16-DD2-40/Triples-DD2-P3
Opening Player-Data//16-DD2-40/Triples-DD2-P4
Opening Player-Data//16-DD2-40/Triples-DD2-P5
Opening Player-Data//16-DD2-40/Triples-DD2-P6
Opening Player-Data//16-DD2-40/Triples-DD2-P7
Opening Player-Data//16-DD2-40/Triples-DD2-P8
Opening Player-Data//16-DD2-40/Triples-DD2-P9
Opening Player-Data//16-DD2-40/Triples-DD2-P10
Opening Player-Data//16-DD2-40/Triples-DD2-P11
Opening Player-Data//16-DD2-40/Triples-DD2-P12
Opening Player-Data//16-DD2-40/Triples-DD2-P13
Opening Player-Data//16-DD2-40/Triples-DD2-P14
Opening Player-Data//16-DD2-40/Triples-DD2-P15
Opening Player-Data//16-DD2-40/Bits-DD2-P0
Opening Player-Data//16-DD2-40/Bits-DD2-P1
Opening Player-Data//16-DD2-40/Bits-DD2-P2
Opening Player-Data//16-DD2-40/Bits-DD2-P3
Opening Player-Data//16-DD2-40/Bits-DD2-P4
Opening Player-Data//16-DD2-40/Bits-DD2-P5
Opening Player-Data//16-DD2-40/Bits-DD2-P6
Opening Player-Data//16-DD2-40/Bits-DD2-P7
Opening Player-Data//16-DD2-40/Bits-DD2-P8
Opening Player-Data//16-DD2-40/Bits-DD2-P9
Opening Player-Data//16-DD2-40/Bits-DD2-P10
Opening Player-Data//16-DD2-40/Bits-DD2-P11
Opening Player-Data//16-DD2-40/Bits-DD2-P12
Opening Player-Data//16-DD2-40/Bits-DD2-P13
Opening Player-Data//16-DD2-40/Bits-DD2-P14
Opening Player-Data//16-DD2-40/Bits-DD2-P15
Opening Player-Data//16-DD2-40/Inputs-DD2-P0-0
Opening Player-Data//16-DD2-40/Inputs-DD2-P1-0
Opening Player-Data//16-DD2-40/Inputs-DD2-P2-0
Opening Player-Data//16-DD2-40/Inputs-DD2-P3-0
Opening Player-Data//16-DD2-40/Inputs-DD2-P4-0
Opening Player-Data//16-DD2-40/Inputs-DD2-P5-0
Opening Player-Data//16-DD2-40/Inputs-DD2-P6-0
Opening Player-Data//16-DD2-40/Inputs-DD2-P7-0
Opening Player-Data//16-DD2-40/Inputs-DD2-P8-0
Opening Player-Data//16-DD2-40/Inputs-DD2-P9-0
Opening Player-Data//16-DD2-40/Inputs-DD2-P10-0
Opening Player-Data//16-DD2-40/Inputs-DD2-P11-0
Opening Player-Data//16-DD2-40/Inputs-DD2-P12-0
Opening Player-Data//16-DD2-40/Inputs-DD2-P13-0
Opening Player-Data//16-DD2-40/Inputs-DD2-P14-0
Opening Player-Data//16-DD2-40/Inputs-DD2-P15-0
Opening Player-Data//16-DD2-40/Inputs-DD2-P0-1
Opening Player-Data//16-DD2-40/Inputs-DD2-P1-1
Opening Player-Data//16-DD2-40/Inputs-DD2-P2-1
Opening Player-Data//16-DD2-40/Inputs-DD2-P3-1
Opening Player-Data//16-DD2-40/Inputs-DD2-P4-1
Opening Player-Data//16-DD2-40/Inputs-DD2-P5-1
Opening Player-Data//16-DD2-40/Inputs-DD2-P6-1
Opening Player-Data//16-DD2-40/Inputs-DD2-P7-1
Opening Player-Data//16-DD2-40/Inputs-DD2-P8-1
Opening Player-Data//16-DD2-40/Inputs-DD2-P9-1
Opening Player-Data//16-DD2-40/Inputs-DD2-P10-1
Opening Player-Data//16-DD2-40/Inputs-DD2-P11-1
Opening Player-Data//16-DD2-40/Inputs-DD2-P12-1
Opening Player-Data//16-DD2-40/Inputs-DD2-P13-1
Opening Player-Data//16-DD2-40/Inputs-DD2-P14-1
Opening Player-Data//16-DD2-40/Inputs-DD2-P15-1
Opening Player-Data//16-DD2-40/Inputs-DD2-P0-2
Opening Player-Data//16-DD2-40/Inputs-DD2-P1-2
Opening Player-Data//16-DD2-40/Inputs-DD2-P2-2
Opening Player-Data//16-DD2-40/Inputs-DD2-P3-2
Opening Player-Data//16-DD2-40/Inputs-DD2-P4-2
Opening Player-Data//16-DD2-40/Inputs-DD2-P5-2
Opening Player-Data//16-DD2-40/Inputs-DD2-P6-2
Opening Player-Data//16-DD2-40/Inputs-DD2-P7-2
Opening Player-Data//16-DD2-40/Inputs-DD2-P8-2
Opening Player-Data//16-DD2-40/Inputs-DD2-P9-2
Opening Player-Data//16-DD2-40/Inputs-DD2-P10-2
Opening Player-Data//16-DD2-40/Inputs-DD2-P11-2
Opening Player-Data//16-DD2-40/Inputs-DD2-P12-2
Opening Player-Data//16-DD2-40/Inputs-DD2-P13-2
Opening Player-Data//16-DD2-40/Inputs-DD2-P14-2
Opening Player-Data//16-DD2-40/Inputs-DD2-P15-2
Opening Player-Data//16-DD2-40/Inputs-DD2-P0-3
Opening Player-Data//16-DD2-40/Inputs-DD2-P1-3
Opening Player-Data//16-DD2-40/Inputs-DD2-P2-3
Opening Player-Data//16-DD2-40/Inputs-DD2-P3-3
Opening Player-Data//16-DD2-40/Inputs-DD2-P4-3
Opening Player-Data//16-DD2-40/Inputs-DD2-P5-3
Opening Player-Data//16-DD2-40/Inputs-DD2-P6-3
Opening Player-Data//16-DD2-40/Inputs-DD2-P7-3
Opening Player-Data//16-DD2-40/Inputs-DD2-P8-3
Opening Player-Data//16-DD2-40/Inputs-DD2-P9-3
Opening Player-Data//16-DD2-40/Inputs-DD2-P10-3
Opening Player-Data//16-DD2-40/Inputs-DD2-P11-3
Opening Player-Data//16-DD2-40/Inputs-DD2-P12-3
Opening Player-Data//16-DD2-40/Inputs-DD2-P13-3
Opening Player-Data//16-DD2-40/Inputs-DD2-P14-3
Opening Player-Data//16-DD2-40/Inputs-DD2-P15-3
Opening Player-Data//16-DD2-40/Inputs-DD2-P0-4
Opening Player-Data//16-DD2-40/Inputs-DD2-P1-4
Opening Player-Data//16-DD2-40/Inputs-DD2-P2-4
Opening Player-Data//16-DD2-40/Inputs-DD2-P3-4
Opening Player-Data//16-DD2-40/Inputs-DD2-P4-4
Opening Player-Data//16-DD2-40/Inputs-DD2-P5-4
Opening Player-Data//16-DD2-40/Inputs-DD2-P6-4
Opening Player-Data//16-DD2-40/Inputs-DD2-P7-4
Opening Player-Data//16-DD2-40/Inputs-DD2-P8-4
Opening Player-Data//16-DD2-40/Inputs-DD2-P9-4
Opening Player-Data//16-DD2-40/Inputs-DD2-P10-4
Opening Player-Data//16-DD2-40/Inputs-DD2-P11-4
Opening Player-Data//16-DD2-40/Inputs-DD2-P12-4
Opening Player-Data//16-DD2-40/Inputs-DD2-P13-4
Opening Player-Data//16-DD2-40/Inputs-DD2-P14-4
Opening Player-Data//16-DD2-40/Inputs-DD2-P15-4
Opening Player-Data//16-DD2-40/Inputs-DD2-P0-5
Opening Player-Data//16-DD2-40/Inputs-DD2-P1-5
Opening Player-Data//16-DD2-40/Inputs-DD2-P2-5
Opening Player-Data//16-DD2-40/Inputs-DD2-P3-5
Opening Player-Data//16-DD2-40/Inputs-DD2-P4-5
Opening Player-Data//16-DD2-40/Inputs-DD2-P5-5
Opening Player-Data//16-DD2-40/Inputs-DD2-P6-5
Opening Player-Data//16-DD2-40/Inputs-DD2-P7-5
Opening Player-Data//16-DD2-40/Inputs-DD2-P8-5
Opening Player-Data//16-DD2-40/Inputs-DD2-P9-5
Opening Player-Data//16-DD2-40/Inputs-DD2-P10-5
Opening Player-Data//16-DD2-40/Inputs-DD2-P11-5
Opening Player-Data//16-DD2-40/Inputs-DD2-P12-5
Opening Player-Data//16-DD2-40/Inputs-DD2-P13-5
Opening Player-Data//16-DD2-40/Inputs-DD2-P14-5
Opening Player-Data//16-DD2-40/Inputs-DD2-P15-5
Opening Player-Data//16-DD2-40/Inputs-DD2-P0-6
Opening Player-Data//16-DD2-40/Inputs-DD2-P1-6
Opening Player-Data//16-DD2-40/Inputs-DD2-P2-6
Opening Player-Data//16-DD2-40/Inputs-DD2-P3-6
Opening Player-Data//16-DD2-40/Inputs-DD2-P4-6
Opening Player-Data//16-DD2-40/Inputs-DD2-P5-6
Opening Player-Data//16-DD2-40/Inputs-DD2-P6-6
Opening Player-Data//16-DD2-40/Inputs-DD2-P7-6
Opening Player-Data//16-DD2-40/Inputs-DD2-P8-6
Opening Player-Data//16-DD2-40/Inputs-DD2-P9-6
Opening Player-Data//16-DD2-40/Inputs-DD2-P10-6
Opening Player-Data//16-DD2-40/Inputs-DD2-P11-6
Opening Player-Data//16-DD2-40/Inputs-DD2-P12-6
Opening Player-Data//16-DD2-40/Inputs-DD2-P13-6
Opening Player-Data//16-DD2-40/Inputs-DD2-P14-6
Opening Player-Data//16-DD2-40/Inputs-DD2-P15-6
Opening Player-Data//16-DD2-40/Inputs-DD2-P0-7
Opening Player-Data//16-DD2-40/Inputs-DD2-P1-7
Opening Player-Data//16-DD2-40/Inputs-DD2-P2-7
Opening Player-Data//16-DD2-40/Inputs-DD2-P3-7
Opening Player-Data//16-DD2-40/Inputs-DD2-P4-7
Opening Player-Data//16-DD2-40/Inputs-DD2-P5-7
Opening Player-Data//16-DD2-40/Inputs-DD2-P6-7
Opening Player-Data//16-DD2-40/Inputs-DD2-P7-7
Opening Player-Data//16-DD2-40/Inputs-DD2-P8-7
Opening Player-Data//16-DD2-40/Inputs-DD2-P9-7
Opening Player-Data//16-DD2-40/Inputs-DD2-P10-7
Opening Player-Data//16-DD2-40/Inputs-DD2-P11-7
Opening Player-Data//16-DD2-40/Inputs-DD2-P12-7
Opening Player-Data//16-DD2-40/Inputs-DD2-P13-7
Opening Player-Data//16-DD2-40/Inputs-DD2-P14-7
Opening Player-Data//16-DD2-40/Inputs-DD2-P15-7
Opening Player-Data//16-DD2-40/Inputs-DD2-P0-8
Opening Player-Data//16-DD2-40/Inputs-DD2-P1-8
Opening Player-Data//16-DD2-40/Inputs-DD2-P2-8
Opening Player-Data//16-DD2-40/Inputs-DD2-P3-8
Opening Player-Data//16-DD2-40/Inputs-DD2-P4-8
Opening Player-Data//16-DD2-40/Inputs-DD2-P5-8
Opening Player-Data//16-DD2-40/Inputs-DD2-P6-8
Opening Player-Data//16-DD2-40/Inputs-DD2-P7-8
Opening Player-Data//16-DD2-40/Inputs-DD2-P8-8
Opening Player-Data//16-DD2-40/Inputs-DD2-P9-8
Opening Player-Data//16-DD2-40/Inputs-DD2-P10-8
Opening Player-Data//16-DD2-40/Inputs-DD2-P11-8
Opening Player-Data//16-DD2-40/Inputs-DD2-P12-8
Opening Player-Data//16-DD2-40/Inputs-DD2-P13-8
Opening Player-Data//16-DD2-40/Inputs-DD2-P14-8
Opening Player-Data//16-DD2-40/Inputs-DD2-P15-8
Opening Player-Data//16-DD2-40/Inputs-DD2-P0-9
Opening Player-Data//16-DD2-40/Inputs-DD2-P1-9
Opening Player-Data//16-DD2-40/Inputs-DD2-P2-9
Opening Player-Data//16-DD2-40/Inputs-DD2-P3-9
Opening Player-Data//16-DD2-40/Inputs-DD2-P4-9
Opening Player-Data//16-DD2-40/Inputs-DD2-P5-9
Opening Player-Data//16-DD2-40/Inputs-DD2-P6-9
Opening Player-Data//16-DD2-40/Inputs-DD2-P7-9
Opening Player-Data//16-DD2-40/Inputs-DD2-P8-9
Opening Player-Data//16-DD2-40/Inputs-DD2-P9-9
Opening Player-Data//16-DD2-40/Inputs-DD2-P10-9
Opening Player-Data//16-DD2-40/Inputs-DD2-P11-9
Opening Player-Data//16-DD2-40/Inputs-DD2-P12-9
Opening Player-Data//16-DD2-40/Inputs-DD2-P13-9
Opening Player-Data//16-DD2-40/Inputs-DD2-P14-9
Opening Player-Data//16-DD2-40/Inputs-DD2-P15-9
Opening Player-Data//16-DD2-40/Inputs-DD2-P0-10
Opening Player-Data//16-DD2-40/Inputs-DD2-P1-10
Opening Player-Data//16-DD2-40/Inputs-DD2-P2-10
Opening Player-Data//16-DD2-40/Inputs-DD2-P3-10
Opening Player-Data//16-DD2-40/Inputs-DD2-P4-10
Opening Player-Data//16-DD2-40/Inputs-DD2-P5-10
Opening Player-Data//16-DD2-40/Inputs-DD2-P6-10
Opening Player-Data//16-DD2-40/Inputs-DD2-P7-10
Opening Player-Data//16-DD2-40/Inputs-DD2-P8-10
Opening Player-Data//16-DD2-40/Inputs-DD2-P9-10
Opening Player-Data//16-DD2-40/Inputs-DD2-P10-10
Opening Player-Data//16-DD2-40/Inputs-DD2-P11-10
Opening Player-Data//16-DD2-40/Inputs-DD2-P12-10
Opening Player-Data//16-DD2-40/Inputs-DD2-P13-10
Opening Player-Data//16-DD2-40/Inputs-DD2-P14-10
Opening Player-Data//16-DD2-40/Inputs-DD2-P15-10
Opening Player-Data//16-DD2-40/Inputs-DD2-P0-11
Opening Player-Data//16-DD2-40/Inputs-DD2-P1-11
Opening Player-Data//16-DD2-40/Inputs-DD2-P2-11
Opening Player-Data//16-DD2-40/Inputs-DD2-P3-11
Opening Player-Data//16-DD2-40/Inputs-DD2-P4-11
Opening Player-Data//16-DD2-40/Inputs-DD2-P5-11
Opening Player-Data//16-DD2-40/Inputs-DD2-P6-11
Opening Player-Data//16-DD2-40/Inputs-DD2-P7-11
Opening Player-Data//16-DD2-40/Inputs-DD2-P8-11
Opening Player-Data//16-DD2-40/Inputs-DD2-P9-11
Opening Player-Data//16-DD2-40/Inputs-DD2-P10-11
Opening Player-Data//16-DD2-40/Inputs-DD2-P11-11
Opening Player-Data//16-DD2-40/Inputs-DD2-P12-11
Opening Player-Data//16-DD2-40/Inputs-DD2-P13-11
Opening Player-Data//16-DD2-40/Inputs-DD2-P14-11
Opening Player-Data//16-DD2-40/Inputs-DD2-P15-11
Opening Player-Data//16-DD2-40/Inputs-DD2-P0-12
Opening Player-Data//16-DD2-40/Inputs-DD2-P1-12
Opening Player-Data//16-DD2-40/Inputs-DD2-P2-12
Opening Player-Data//16-DD2-40/Inputs-DD2-P3-12
Opening Player-Data//16-DD2-40/Inputs-DD2-P4-12
Opening Player-Data//16-DD2-40/Inputs-DD2-P5-12
Opening Player-Data//16-DD2-40/Inputs-DD2-P6-12
Opening Player-Data//16-DD2-40/Inputs-DD2-P7-12
Opening Player-Data//16-DD2-40/Inputs-DD2-P8-12
Opening Player-Data//16-DD2-40/Inputs-DD2-P9-12
Opening Player-Data//16-DD2-40/Inputs-DD2-P10-12
Opening Player-Data//16-DD2-40/Inputs-DD2-P11-12
Opening Player-Data//16-DD2-40/Inputs-DD2-P12-12
Opening Player-Data//16-DD2-40/Inputs-DD2-P13-12
Opening Player-Data//16-DD2-40/Inputs-DD2-P14-12
Opening Player-Data//16-DD2-40/Inputs-DD2-P15-12
Opening Player-Data//16-DD2-40/Inputs-DD2-P0-13
Opening Player-Data//16-DD2-40/Inputs-DD2-P1-13
Opening Player-Data//16-DD2-40/Inputs-DD2-P2-13
Opening Player-Data//16-DD2-40/Inputs-DD2-P3-13
Opening Player-Data//16-DD2-40/Inputs-DD2-P4-13
Opening Player-Data//16-DD2-40/Inputs-DD2-P5-13
Opening Player-Data//16-DD2-40/Inputs-DD2-P6-13
Opening Player-Data//16-DD2-40/Inputs-DD2-P7-13
Opening Player-Data//16-DD2-40/Inputs-DD2-P8-13
Opening Player-Data//16-DD2-40/Inputs-DD2-P9-13
Opening Player-Data//16-DD2-40/Inputs-DD2-P10-13
Opening Player-Data//16-DD2-40/Inputs-DD2-P11-13
Opening Player-Data//16-DD2-40/Inputs-DD2-P12-13
Opening Player-Data//16-DD2-40/Inputs-DD2-P13-13
Opening Player-Data//16-DD2-40/Inputs-DD2-P14-13
Opening Player-Data//16-DD2-40/Inputs-DD2-P15-13
Opening Player-Data//16-DD2-40/Inputs-DD2-P0-14
Opening Player-Data//16-DD2-40/Inputs-DD2-P1-14
Opening Player-Data//16-DD2-40/Inputs-DD2-P2-14
Opening Player-Data//16-DD2-40/Inputs-DD2-P3-14
Opening Player-Data//16-DD2-40/Inputs-DD2-P4-14
Opening Player-Data//16-DD2-40/Inputs-DD2-P5-14
Opening Player-Data//16-DD2-40/Inputs-DD2-P6-14
Opening Player-Data//16-DD2-40/Inputs-DD2-P7-14
Opening Player-Data//16-DD2-40/Inputs-DD2-P8-14
Opening Player-Data//16-DD2-40/Inputs-DD2-P9-14
Opening Player-Data//16-DD2-40/Inputs-DD2-P10-14
Opening Player-Data//16-DD2-40/Inputs-DD2-P11-14
Opening Player-Data//16-DD2-40/Inputs-DD2-P12-14
Opening Player-Data//16-DD2-40/Inputs-DD2-P13-14
Opening Player-Data//16-DD2-40/Inputs-DD2-P14-14
Opening Player-Data//16-DD2-40/Inputs-DD2-P15-14
Opening Player-Data//16-DD2-40/Inputs-DD2-P0-15
Opening Player-Data//16-DD2-40/Inputs-DD2-P1-15
Opening Player-Data//16-DD2-40/Inputs-DD2-P2-15
Opening Player-Data//16-DD2-40/Inputs-DD2-P3-15
Opening Player-Data//16-DD2-40/Inputs-DD2-P4-15
Opening Player-Data//16-DD2-40/Inputs-DD2-P5-15
Opening Player-Data//16-DD2-40/Inputs-DD2-P6-15
Opening Player-Data//16-DD2-40/Inputs-DD2-P7-15
Opening Player-Data//16-DD2-40/Inputs-DD2-P8-15
Opening Player-Data//16-DD2-40/Inputs-DD2-P9-15
Opening Player-Data//16-DD2-40/Inputs-DD2-P10-15
Opening Player-Data//16-DD2-40/Inputs-DD2-P11-15
Opening Player-Data//16-DD2-40/Inputs-DD2-P12-15
Opening Player-Data//16-DD2-40/Inputs-DD2-P13-15
Opening Player-Data//16-DD2-40/Inputs-DD2-P14-15
Opening Player-Data//16-DD2-40/Inputs-DD2-P15-15
Opening Player-Data//16-DD2-40/Squares-DD2-P0
Opening Player-Data//16-DD2-40/Squares-DD2-P1
Opening Player-Data//16-DD2-40/Squares-DD2-P2
Opening Player-Data//16-DD2-40/Squares-DD2-P3
Opening Player-Data//16-DD2-40/Squares-DD2-P4
Opening Player-Data//16-DD2-40/Squares-DD2-P5
Opening Player-Data//16-DD2-40/Squares-DD2-P6
Opening Player-Data//16-DD2-40/Squares-DD2-P7
Opening Player-Data//16-DD2-40/Squares-DD2-P8
Opening Player-Data//16-DD2-40/Squares-DD2-P9
Opening Player-Data//16-DD2-40/Squares-DD2-P10
Opening Player-Data//16-DD2-40/Squares-DD2-P11
Opening Player-Data//16-DD2-40/Squares-DD2-P12
Opening Player-Data//16-DD2-40/Squares-DD2-P13
Opening Player-Data//16-DD2-40/Squares-DD2-P14
Opening Player-Data//16-DD2-40/Squares-DD2-P15
Opening Player-Data//16-DD2-40/daBits-DD2-P0
Opening Player-Data//16-DD2-40/daBits-DD2-P1
Opening Player-Data//16-DD2-40/daBits-DD2-P2
Opening Player-Data//16-DD2-40/daBits-DD2-P3
Opening Player-Data//16-DD2-40/daBits-DD2-P4
Opening Player-Data//16-DD2-40/daBits-DD2-P5
Opening Player-Data//16-DD2-40/daBits-DD2-P6
Opening Player-Data//16-DD2-40/daBits-DD2-P7
Opening Player-Data//16-DD2-40/daBits-DD2-P8
Opening Player-Data//16-DD2-40/daBits-DD2-P9
Opening Player-Data//16-DD2-40/daBits-DD2-P10
Opening Player-Data//16-DD2-40/daBits-DD2-P11
Opening Player-Data//16-DD2-40/daBits-DD2-P12
Opening Player-Data//16-DD2-40/daBits-DD2-P13
Opening Player-Data//16-DD2-40/daBits-DD2-P14
Opening Player-Data//16-DD2-40/daBits-DD2-P15
Opening Player-Data//16-DD2-40/Inverses-DD2-P0
Opening Player-Data//16-DD2-40/Inverses-DD2-P1
Opening Player-Data//16-DD2-40/Inverses-DD2-P2
Opening Player-Data//16-DD2-40/Inverses-DD2-P3
Opening Player-Data//16-DD2-40/Inverses-DD2-P4
Opening Player-Data//16-DD2-40/Inverses-DD2-P5
Opening Player-Data//16-DD2-40/Inverses-DD2-P6
Opening Player-Data//16-DD2-40/Inverses-DD2-P7
Opening Player-Data//16-DD2-40/Inverses-DD2-P8
Opening Player-Data//16-DD2-40/Inverses-DD2-P9
Opening Player-Data//16-DD2-40/Inverses-DD2-P10
Opening Player-Data//16-DD2-40/Inverses-DD2-P11
Opening Player-Data//16-DD2-40/Inverses-DD2-P12
Opening Player-Data//16-DD2-40/Inverses-DD2-P13
Opening Player-Data//16-DD2-40/Inverses-DD2-P14
Opening Player-Data//16-DD2-40/Inverses-DD2-P15
Opening Player-Data//16-S2-40/Triples-S2-P0
Opening Player-Data//16-S2-40/Triples-S2-P1
Opening Player-Data//16-S2-40/Triples-S2-P2
Opening Player-Data//16-S2-40/Triples-S2-P3
Opening Player-Data//16-S2-40/Triples-S2-P4
Opening Player-Data//16-S2-40/Triples-S2-P5
Opening Player-Data//16-S2-40/Triples-S2-P6
Opening Player-Data//16-S2-40/Triples-S2-P7
Opening Player-Data//16-S2-40/Triples-S2-P8
Opening Player-Data//16-S2-40/Triples-S2-P9
Opening Player-Data//16-S2-40/Triples-S2-P10
Opening Player-Data//16-S2-40/Triples-S2-P11
Opening Player-Data//16-S2-40/Triples-S2-P12
Opening Player-Data//16-S2-40/Triples-S2-P13
Opening Player-Data//16-S2-40/Triples-S2-P14
Opening Player-Data//16-S2-40/Triples-S2-P15
Opening Player-Data//16-S2-40/Bits-S2-P0
Opening Player-Data//16-S2-40/Bits-S2-P1
Opening Player-Data//16-S2-40/Bits-S2-P2
Opening Player-Data//16-S2-40/Bits-S2-P3
Opening Player-Data//16-S2-40/Bits-S2-P4
Opening Player-Data//16-S2-40/Bits-S2-P5
Opening Player-Data//16-S2-40/Bits-S2-P6
Opening Player-Data//16-S2-40/Bits-S2-P7
Opening Player-Data//16-S2-40/Bits-S2-P8
Opening Player-Data//16-S2-40/Bits-S2-P9
Opening Player-Data//16-S2-40/Bits-S2-P10
Opening Player-Data//16-S2-40/Bits-S2-P11
Opening Player-Data//16-S2-40/Bits-S2-P12
Opening Player-Data//16-S2-40/Bits-S2-P13
Opening Player-Data//16-S2-40/Bits-S2-P14
Opening Player-Data//16-S2-40/Bits-S2-P15
Opening Player-Data//16-S2-40/Inputs-S2-P0-0
Opening Player-Data//16-S2-40/Inputs-S2-P1-0
Opening Player-Data//16-S2-40/Inputs-S2-P2-0
Opening Player-Data//16-S2-40/Inputs-S2-P3-0
Opening Player-Data//16-S2-40/Inputs-S2-P4-0
Opening Player-Data//16-S2-40/Inputs-S2-P5-0
Opening Player-Data//16-S2-40/Inputs-S2-P6-0
Opening Player-Data//16-S2-40/Inputs-S2-P7-0
Opening Player-Data//16-S2-40/Inputs-S2-P8-0
Opening Player-Data//16-S2-40/Inputs-S2-P9-0
Opening Player-Data//16-S2-40/Inputs-S2-P10-0
Opening Player-Data//16-S2-40/Inputs-S2-P11-0
Opening Player-Data//16-S2-40/Inputs-S2-P12-0
Opening Player-Data//16-S2-40/Inputs-S2-P13-0
Opening Player-Data//16-S2-40/Inputs-S2-P14-0
Opening Player-Data//16-S2-40/Inputs-S2-P15-0
Opening Player-Data//16-S2-40/Inputs-S2-P0-1
Opening Player-Data//16-S2-40/Inputs-S2-P1-1
Opening Player-Data//16-S2-40/Inputs-S2-P2-1
Opening Player-Data//16-S2-40/Inputs-S2-P3-1
Opening Player-Data//16-S2-40/Inputs-S2-P4-1
Opening Player-Data//16-S2-40/Inputs-S2-P5-1
Opening Player-Data//16-S2-40/Inputs-S2-P6-1
Opening Player-Data//16-S2-40/Inputs-S2-P7-1
Opening Player-Data//16-S2-40/Inputs-S2-P8-1
Opening Player-Data//16-S2-40/Inputs-S2-P9-1
Opening Player-Data//16-S2-40/Inputs-S2-P10-1
Opening Player-Data//16-S2-40/Inputs-S2-P11-1
Opening Player-Data//16-S2-40/Inputs-S2-P12-1
Opening Player-Data//16-S2-40/Inputs-S2-P13-1
Opening Player-Data//16-S2-40/Inputs-S2-P14-1
Opening Player-Data//16-S2-40/Inputs-S2-P15-1
Opening Player-Data//16-S2-40/Inputs-S2-P0-2
Opening Player-Data//16-S2-40/Inputs-S2-P1-2
Opening Player-Data//16-S2-40/Inputs-S2-P2-2
Opening Player-Data//16-S2-40/Inputs-S2-P3-2
Opening Player-Data//16-S2-40/Inputs-S2-P4-2
Opening Player-Data//16-S2-40/Inputs-S2-P5-2
Opening Player-Data//16-S2-40/Inputs-S2-P6-2
Opening Player-Data//16-S2-40/Inputs-S2-P7-2
Opening Player-Data//16-S2-40/Inputs-S2-P8-2
Opening Player-Data//16-S2-40/Inputs-S2-P9-2
Opening Player-Data//16-S2-40/Inputs-S2-P10-2
Opening Player-Data//16-S2-40/Inputs-S2-P11-2
Opening Player-Data//16-S2-40/Inputs-S2-P12-2
Opening Player-Data//16-S2-40/Inputs-S2-P13-2
Opening Player-Data//16-S2-40/Inputs-S2-P14-2
Opening Player-Data//16-S2-40/Inputs-S2-P15-2
Opening Player-Data//16-S2-40/Inputs-S2-P0-3
Opening Player-Data//16-S2-40/Inputs-S2-P1-3
Opening Player-Data//16-S2-40/Inputs-S2-P2-3
Opening Player-Data//16-S2-40/Inputs-S2-P3-3
Opening Player-Data//16-S2-40/Inputs-S2-P4-3
Opening Player-Data//16-S2-40/Inputs-S2-P5-3
Opening Player-Data//16-S2-40/Inputs-S2-P6-3
Opening Player-Data//16-S2-40/Inputs-S2-P7-3
Opening Player-Data//16-S2-40/Inputs-S2-P8-3
Opening Player-Data//16-S2-40/Inputs-S2-P9-3
Opening Player-Data//16-S2-40/Inputs-S2-P10-3
Opening Player-Data//16-S2-40/Inputs-S2-P11-3
Opening Player-Data//16-S2-40/Inputs-S2-P12-3
Opening Player-Data//16-S2-40/Inputs-S2-P13-3
Opening Player-Data//16-S2-40/Inputs-S2-P14-3
Opening Player-Data//16-S2-40/Inputs-S2-P15-3
Opening Player-Data//16-S2-40/Inputs-S2-P0-4
Opening Player-Data//16-S2-40/Inputs-S2-P1-4
Opening Player-Data//16-S2-40/Inputs-S2-P2-4
Opening Player-Data//16-S2-40/Inputs-S2-P3-4
Opening Player-Data//16-S2-40/Inputs-S2-P4-4
Opening Player-Data//16-S2-40/Inputs-S2-P5-4
Opening Player-Data//16-S2-40/Inputs-S2-P6-4
Opening Player-Data//16-S2-40/Inputs-S2-P7-4
Opening Player-Data//16-S2-40/Inputs-S2-P8-4
Opening Player-Data//16-S2-40/Inputs-S2-P9-4
Opening Player-Data//16-S2-40/Inputs-S2-P10-4
Opening Player-Data//16-S2-40/Inputs-S2-P11-4
Opening Player-Data//16-S2-40/Inputs-S2-P12-4
Opening Player-Data//16-S2-40/Inputs-S2-P13-4
Opening Player-Data//16-S2-40/Inputs-S2-P14-4
Opening Player-Data//16-S2-40/Inputs-S2-P15-4
Opening Player-Data//16-S2-40/Inputs-S2-P0-5
Opening Player-Data//16-S2-40/Inputs-S2-P1-5
Opening Player-Data//16-S2-40/Inputs-S2-P2-5
Opening Player-Data//16-S2-40/Inputs-S2-P3-5
Opening Player-Data//16-S2-40/Inputs-S2-P4-5
Opening Player-Data//16-S2-40/Inputs-S2-P5-5
Opening Player-Data//16-S2-40/Inputs-S2-P6-5
Opening Player-Data//16-S2-40/Inputs-S2-P7-5
Opening Player-Data//16-S2-40/Inputs-S2-P8-5
Opening Player-Data//16-S2-40/Inputs-S2-P9-5
Opening Player-Data//16-S2-40/Inputs-S2-P10-5
Opening Player-Data//16-S2-40/Inputs-S2-P11-5
Opening Player-Data//16-S2-40/Inputs-S2-P12-5
Opening Player-Data//16-S2-40/Inputs-S2-P13-5
Opening Player-Data//16-S2-40/Inputs-S2-P14-5
Opening Player-Data//16-S2-40/Inputs-S2-P15-5
Opening Player-Data//16-S2-40/Inputs-S2-P0-6
Opening Player-Data//16-S2-40/Inputs-S2-P1-6
Opening Player-Data//16-S2-40/Inputs-S2-P2-6
Opening Player-Data//16-S2-40/Inputs-S2-P3-6
Opening Player-Data//16-S2-40/Inputs-S2-P4-6
Opening Player-Data//16-S2-40/Inputs-S2-P5-6
Opening Player-Data//16-S2-40/Inputs-S2-P6-6
Opening Player-Data//16-S2-40/Inputs-S2-P7-6
Opening Player-Data//16-S2-40/Inputs-S2-P8-6
Opening Player-Data//16-S2-40/Inputs-S2-P9-6
Opening Player-Data//16-S2-40/Inputs-S2-P10-6
Opening Player-Data//16-S2-40/Inputs-S2-P11-6
Opening Player-Data//16-S2-40/Inputs-S2-P12-6
Opening Player-Data//16-S2-40/Inputs-S2-P13-6
Opening Player-Data//16-S2-40/Inputs-S2-P14-6
Opening Player-Data//16-S2-40/Inputs-S2-P15-6
Opening Player-Data//16-S2-40/Inputs-S2-P0-7
Opening Player-Data//16-S2-40/Inputs-S2-P1-7
Opening Player-Data//16-S2-40/Inputs-S2-P2-7
Opening Player-Data//16-S2-40/Inputs-S2-P3-7
Opening Player-Data//16-S2-40/Inputs-S2-P4-7
Opening Player-Data//16-S2-40/Inputs-S2-P5-7
Opening Player-Data//16-S2-40/Inputs-S2-P6-7
Opening Player-Data//16-S2-40/Inputs-S2-P7-7
Opening Player-Data//16-S2-40/Inputs-S2-P8-7
Opening Player-Data//16-S2-40/Inputs-S2-P9-7
Opening Player-Data//16-S2-40/Inputs-S2-P10-7
Opening Player-Data//16-S2-40/Inputs-S2-P11-7
Opening Player-Data//16-S2-40/Inputs-S2-P12-7
Opening Player-Data//16-S2-40/Inputs-S2-P13-7
Opening Player-Data//16-S2-40/Inputs-S2-P14-7
Opening Player-Data//16-S2-40/Inputs-S2-P15-7
Opening Player-Data//16-S2-40/Inputs-S2-P0-8
Opening Player-Data//16-S2-40/Inputs-S2-P1-8
Opening Player-Data//16-S2-40/Inputs-S2-P2-8
Opening Player-Data//16-S2-40/Inputs-S2-P3-8
Opening Player-Data//16-S2-40/Inputs-S2-P4-8
Opening Player-Data//16-S2-40/Inputs-S2-P5-8
Opening Player-Data//16-S2-40/Inputs-S2-P6-8
Opening Player-Data//16-S2-40/Inputs-S2-P7-8
Opening Player-Data//16-S2-40/Inputs-S2-P8-8
Opening Player-Data//16-S2-40/Inputs-S2-P9-8
Opening Player-Data//16-S2-40/Inputs-S2-P10-8
Opening Player-Data//16-S2-40/Inputs-S2-P11-8
Opening Player-Data//16-S2-40/Inputs-S2-P12-8
Opening Player-Data//16-S2-40/Inputs-S2-P13-8
Opening Player-Data//16-S2-40/Inputs-S2-P14-8
Opening Player-Data//16-S2-40/Inputs-S2-P15-8
Opening Player-Data//16-S2-40/Inputs-S2-P0-9
Opening Player-Data//16-S2-40/Inputs-S2-P1-9
Opening Player-Data//16-S2-40/Inputs-S2-P2-9
Opening Player-Data//16-S2-40/Inputs-S2-P3-9
Opening Player-Data//16-S2-40/Inputs-S2-P4-9
Opening Player-Data//16-S2-40/Inputs-S2-P5-9
Opening Player-Data//16-S2-40/Inputs-S2-P6-9
Opening Player-Data//16-S2-40/Inputs-S2-P7-9
Opening Player-Data//16-S2-40/Inputs-S2-P8-9
Opening Player-Data//16-S2-40/Inputs-S2-P9-9
Opening Player-Data//16-S2-40/Inputs-S2-P10-9
Opening Player-Data//16-S2-40/Inputs-S2-P11-9
Opening Player-Data//16-S2-40/Inputs-S2-P12-9
Opening Player-Data//16-S2-40/Inputs-S2-P13-9
Opening Player-Data//16-S2-40/Inputs-S2-P14-9
Opening Player-Data//16-S2-40/Inputs-S2-P15-9
Opening Player-Data//16-S2-40/Inputs-S2-P0-10
Opening Player-Data//16-S2-40/Inputs-S2-P1-10
Opening Player-Data//16-S2-40/Inputs-S2-P2-10
Opening Player-Data//16-S2-40/Inputs-S2-P3-10
Opening Player-Data//16-S2-40/Inputs-S2-P4-10
Opening Player-Data//16-S2-40/Inputs-S2-P5-10
Opening Player-Data//16-S2-40/Inputs-S2-P6-10
Opening Player-Data//16-S2-40/Inputs-S2-P7-10
Opening Player-Data//16-S2-40/Inputs-S2-P8-10
Opening Player-Data//16-S2-40/Inputs-S2-P9-10
Opening Player-Data//16-S2-40/Inputs-S2-P10-10
Opening Player-Data//16-S2-40/Inputs-S2-P11-10
Opening Player-Data//16-S2-40/Inputs-S2-P12-10
Opening Player-Data//16-S2-40/Inputs-S2-P13-10
Opening Player-Data//16-S2-40/Inputs-S2-P14-10
Opening Player-Data//16-S2-40/Inputs-S2-P15-10
Opening Player-Data//16-S2-40/Inputs-S2-P0-11
Opening Player-Data//16-S2-40/Inputs-S2-P1-11
Opening Player-Data//16-S2-40/Inputs-S2-P2-11
Opening Player-Data//16-S2-40/Inputs-S2-P3-11
Opening Player-Data//16-S2-40/Inputs-S2-P4-11
Opening Player-Data//16-S2-40/Inputs-S2-P5-11
Opening Player-Data//16-S2-40/Inputs-S2-P6-11
Opening Player-Data//16-S2-40/Inputs-S2-P7-11
Opening Player-Data//16-S2-40/Inputs-S2-P8-11
Opening Player-Data//16-S2-40/Inputs-S2-P9-11
Opening Player-Data//16-S2-40/Inputs-S2-P10-11
Opening Player-Data//16-S2-40/Inputs-S2-P11-11
Opening Player-Data//16-S2-40/Inputs-S2-P12-11
Opening Player-Data//16-S2-40/Inputs-S2-P13-11
Opening Player-Data//16-S2-40/Inputs-S2-P14-11
Opening Player-Data//16-S2-40/Inputs-S2-P15-11
Opening Player-Data//16-S2-40/Inputs-S2-P0-12
Opening Player-Data//16-S2-40/Inputs-S2-P1-12
Opening Player-Data//16-S2-40/Inputs-S2-P2-12
Opening Player-Data//16-S2-40/Inputs-S2-P3-12
Opening Player-Data//16-S2-40/Inputs-S2-P4-12
Opening Player-Data//16-S2-40/Inputs-S2-P5-12
Opening Player-Data//16-S2-40/Inputs-S2-P6-12
Opening Player-Data//16-S2-40/Inputs-S2-P7-12
Opening Player-Data//16-S2-40/Inputs-S2-P8-12
Opening Player-Data//16-S2-40/Inputs-S2-P9-12
Opening Player-Data//16-S2-40/Inputs-S2-P10-12
Opening Player-Data//16-S2-40/Inputs-S2-P11-12
Opening Player-Data//16-S2-40/Inputs-S2-P12-12
Opening Player-Data//16-S2-40/Inputs-S2-P13-12
Opening Player-Data//16-S2-40/Inputs-S2-P14-12
Opening Player-Data//16-S2-40/Inputs-S2-P15-12
Opening Player-Data//16-S2-40/Inputs-S2-P0-13
Opening Player-Data//16-S2-40/Inputs-S2-P1-13
Opening Player-Data//16-S2-40/Inputs-S2-P2-13
Opening Player-Data//16-S2-40/Inputs-S2-P3-13
Opening Player-Data//16-S2-40/Inputs-S2-P4-13
Opening Player-Data//16-S2-40/Inputs-S2-P5-13
Opening Player-Data//16-S2-40/Inputs-S2-P6-13
Opening Player-Data//16-S2-40/Inputs-S2-P7-13
Opening Player-Data//16-S2-40/Inputs-S2-P8-13
Opening Player-Data//16-S2-40/Inputs-S2-P9-13
Opening Player-Data//16-S2-40/Inputs-S2-P10-13
Opening Player-Data//16-S2-40/Inputs-S2-P11-13
Opening Player-Data//16-S2-40/Inputs-S2-P12-13
Opening Player-Data//16-S2-40/Inputs-S2-P13-13
Opening Player-Data//16-S2-40/Inputs-S2-P14-13
Opening Player-Data//16-S2-40/Inputs-S2-P15-13
Opening Player-Data//16-S2-40/Inputs-S2-P0-14
Opening Player-Data//16-S2-40/Inputs-S2-P1-14
Opening Player-Data//16-S2-40/Inputs-S2-P2-14
Opening Player-Data//16-S2-40/Inputs-S2-P3-14
Opening Player-Data//16-S2-40/Inputs-S2-P4-14
Opening Player-Data//16-S2-40/Inputs-S2-P5-14
Opening Player-Data//16-S2-40/Inputs-S2-P6-14
Opening Player-Data//16-S2-40/Inputs-S2-P7-14
Opening Player-Data//16-S2-40/Inputs-S2-P8-14
Opening Player-Data//16-S2-40/Inputs-S2-P9-14
Opening Player-Data//16-S2-40/Inputs-S2-P10-14
Opening Player-Data//16-S2-40/Inputs-S2-P11-14
Opening Player-Data//16-S2-40/Inputs-S2-P12-14
Opening Player-Data//16-S2-40/Inputs-S2-P13-14
Opening Player-Data//16-S2-40/Inputs-S2-P14-14
Opening Player-Data//16-S2-40/Inputs-S2-P15-14
Opening Player-Data//16-S2-40/Inputs-S2-P0-15
Opening Player-Data//16-S2-40/Inputs-S2-P1-15
Opening Player-Data//16-S2-40/Inputs-S2-P2-15
Opening Player-Data//16-S2-40/Inputs-S2-P3-15
Opening Player-Data//16-S2-40/Inputs-S2-P4-15
Opening Player-Data//16-S2-40/Inputs-S2-P5-15
Opening Player-Data//16-S2-40/Inputs-S2-P6-15
Opening Player-Data//16-S2-40/Inputs-S2-P7-15
Opening Player-Data//16-S2-40/Inputs-S2-P8-15
Opening Player-Data//16-S2-40/Inputs-S2-P9-15
Opening Player-Data//16-S2-40/Inputs-S2-P10-15
Opening Player-Data//16-S2-40/Inputs-S2-P11-15
Opening Player-Data//16-S2-40/Inputs-S2-P12-15
Opening Player-Data//16-S2-40/Inputs-S2-P13-15
Opening Player-Data//16-S2-40/Inputs-S2-P14-15
Opening Player-Data//16-S2-40/Inputs-S2-P15-15
Opening Player-Data//16-S2-40/Squares-S2-P0
Opening Player-Data//16-S2-40/Squares-S2-P1
Opening Player-Data//16-S2-40/Squares-S2-P2
Opening Player-Data//16-S2-40/Squares-S2-P3
Opening Player-Data//16-S2-40/Squares-S2-P4
Opening Player-Data//16-S2-40/Squares-S2-P5
Opening Player-Data//16-S2-40/Squares-S2-P6
Opening Player-Data//16-S2-40/Squares-S2-P7
Opening Player-Data//16-S2-40/Squares-S2-P8
Opening Player-Data//16-S2-40/Squares-S2-P9
Opening Player-Data//16-S2-40/Squares-S2-P10
Opening Player-Data//16-S2-40/Squares-S2-P11
Opening Player-Data//16-S2-40/Squares-S2-P12
Opening Player-Data//16-S2-40/Squares-S2-P13
Opening Player-Data//16-S2-40/Squares-S2-P14
Opening Player-Data//16-S2-40/Squares-S2-P15
Opening Player-Data//16-S2-40/daBits-S2-P0
Opening Player-Data//16-S2-40/daBits-S2-P1
Opening Player-Data//16-S2-40/daBits-S2-P2
Opening Player-Data//16-S2-40/daBits-S2-P3
Opening Player-Data//16-S2-40/daBits-S2-P4
Opening Player-Data//16-S2-40/daBits-S2-P5
Opening Player-Data//16-S2-40/daBits-S2-P6
Opening Player-Data//16-S2-40/daBits-S2-P7
Opening Player-Data//16-S2-40/daBits-S2-P8
Opening Player-Data//16-S2-40/daBits-S2-P9
Opening Player-Data//16-S2-40/daBits-S2-P10
Opening Player-Data//16-S2-40/daBits-S2-P11
Opening Player-Data//16-S2-40/daBits-S2-P12
Opening Player-Data//16-S2-40/daBits-S2-P13
Opening Player-Data//16-S2-40/daBits-S2-P14
Opening Player-Data//16-S2-40/daBits-S2-P15
Opening Player-Data//16-S2-40/Inverses-S2-P0
Opening Player-Data//16-S2-40/Inverses-S2-P1
Opening Player-Data//16-S2-40/Inverses-S2-P2
Opening Player-Data//16-S2-40/Inverses-S2-P3
Opening Player-Data//16-S2-40/Inverses-S2-P4
Opening Player-Data//16-S2-40/Inverses-S2-P5
Opening Player-Data//16-S2-40/Inverses-S2-P6
Opening Player-Data//16-S2-40/Inverses-S2-P7
Opening Player-Data//16-S2-40/Inverses-S2-P8
Opening Player-Data//16-S2-40/Inverses-S2-P9
Opening Player-Data//16-S2-40/Inverses-S2-P10
Opening Player-Data//16-S2-40/Inverses-S2-P11
Opening Player-Data//16-S2-40/Inverses-S2-P12
Opening Player-Data//16-S2-40/Inverses-S2-P13
Opening Player-Data//16-S2-40/Inverses-S2-P14
Opening Player-Data//16-S2-40/Inverses-S2-P15
Opening Player-Data//16-MS2-40/Triples-MS2-P0
Opening Player-Data//16-MS2-40/Triples-MS2-P1
Opening Player-Data//16-MS2-40/Triples-MS2-P2
Opening Player-Data//16-MS2-40/Triples-MS2-P3
Opening Player-Data//16-MS2-40/Triples-MS2-P4
Opening Player-Data//16-MS2-40/Triples-MS2-P5
Opening Player-Data//16-MS2-40/Triples-MS2-P6
Opening Player-Data//16-MS2-40/Triples-MS2-P7
Opening Player-Data//16-MS2-40/Triples-MS2-P8
Opening Player-Data//16-MS2-40/Triples-MS2-P9
Opening Player-Data//16-MS2-40/Triples-MS2-P10
Opening Player-Data//16-MS2-40/Triples-MS2-P11
Opening Player-Data//16-MS2-40/Triples-MS2-P12
Opening Player-Data//16-MS2-40/Triples-MS2-P13
Opening Player-Data//16-MS2-40/Triples-MS2-P14
Opening Player-Data//16-MS2-40/Triples-MS2-P15
Opening Player-Data//16-MS2-40/Bits-MS2-P0
Opening Player-Data//16-MS2-40/Bits-MS2-P1
Opening Player-Data//16-MS2-40/Bits-MS2-P2
Opening Player-Data//16-MS2-40/Bits-MS2-P3
Opening Player-Data//16-MS2-40/Bits-MS2-P4
Opening Player-Data//16-MS2-40/Bits-MS2-P5
Opening Player-Data//16-MS2-40/Bits-MS2-P6
Opening Player-Data//16-MS2-40/Bits-MS2-P7
Opening Player-Data//16-MS2-40/Bits-MS2-P8
Opening Player-Data//16-MS2-40/Bits-MS2-P9
Opening Player-Data//16-MS2-40/Bits-MS2-P10
Opening Player-Data//16-MS2-40/Bits-MS2-P11
Opening Player-Data//16-MS2-40/Bits-MS2-P12
Opening Player-Data//16-MS2-40/Bits-MS2-P13
Opening Player-Data//16-MS2-40/Bits-MS2-P14
Opening Player-Data//16-MS2-40/Bits-MS2-P15
Opening Player-Data//16-MS2-40/Inputs-MS2-P0-0
Opening Player-Data//16-MS2-40/Inputs-MS2-P1-0
Opening Player-Data//16-MS2-40/Inputs-MS2-P2-0
Opening Player-Data//16-MS2-40/Inputs-MS2-P3-0
Opening Player-Data//16-MS2-40/Inputs-MS2-P4-0
Opening Player-Data//16-MS2-40/Inputs-MS2-P5-0
Opening Player-Data//16-MS2-40/Inputs-MS2-P6-0
Opening Player-Data//16-MS2-40/Inputs-MS2-P7-0
Opening Player-Data//16-MS2-40/Inputs-MS2-P8-0
Opening Player-Data//16-MS2-40/Inputs-MS2-P9-0
Opening Player-Data//16-MS2-40/Inputs-MS2-P10-0
Opening Player-Data//16-MS2-40/Inputs-MS2-P11-0
Opening Player-Data//16-MS2-40/Inputs-MS2-P12-0
Opening Player-Data//16-MS2-40/Inputs-MS2-P13-0
Opening Player-Data//16-MS2-40/Inputs-MS2-P14-0
Opening Player-Data//16-MS2-40/Inputs-MS2-P15-0
Opening Player-Data//16-MS2-40/Inputs-MS2-P0-1
Opening Player-Data//16-MS2-40/Inputs-MS2-P1-1
Opening Player-Data//16-MS2-40/Inputs-MS2-P2-1
Opening Player-Data//16-MS2-40/Inputs-MS2-P3-1
Opening Player-Data//16-MS2-40/Inputs-MS2-P4-1
Opening Player-Data//16-MS2-40/Inputs-MS2-P5-1
Opening Player-Data//16-MS2-40/Inputs-MS2-P6-1
Opening Player-Data//16-MS2-40/Inputs-MS2-P7-1
Opening Player-Data//16-MS2-40/Inputs-MS2-P8-1
Opening Player-Data//16-MS2-40/Inputs-MS2-P9-1
Opening Player-Data//16-MS2-40/Inputs-MS2-P10-1
Opening Player-Data//16-MS2-40/Inputs-MS2-P11-1
Opening Player-Data//16-MS2-40/Inputs-MS2-P12-1
Opening Player-Data//16-MS2-40/Inputs-MS2-P13-1
Opening Player-Data//16-MS2-40/Inputs-MS2-P14-1
Opening Player-Data//16-MS2-40/Inputs-MS2-P15-1
Opening Player-Data//16-MS2-40/Inputs-MS2-P0-2
Opening Player-Data//16-MS2-40/Inputs-MS2-P1-2
Opening Player-Data//16-MS2-40/Inputs-MS2-P2-2
Opening Player-Data//16-MS2-40/Inputs-MS2-P3-2
Opening Player-Data//16-MS2-40/Inputs-MS2-P4-2
Opening Player-Data//16-MS2-40/Inputs-MS2-P5-2
Opening Player-Data//16-MS2-40/Inputs-MS2-P6-2
Opening Player-Data//16-MS2-40/Inputs-MS2-P7-2
Opening Player-Data//16-MS2-40/Inputs-MS2-P8-2
Opening Player-Data//16-MS2-40/Inputs-MS2-P9-2
Opening Player-Data//16-MS2-40/Inputs-MS2-P10-2
Opening Player-Data//16-MS2-40/Inputs-MS2-P11-2
Opening Player-Data//16-MS2-40/Inputs-MS2-P12-2
Opening Player-Data//16-MS2-40/Inputs-MS2-P13-2
Opening Player-Data//16-MS2-40/Inputs-MS2-P14-2
Opening Player-Data//16-MS2-40/Inputs-MS2-P15-2
Opening Player-Data//16-MS2-40/Inputs-MS2-P0-3
Opening Player-Data//16-MS2-40/Inputs-MS2-P1-3
Opening Player-Data//16-MS2-40/Inputs-MS2-P2-3
Opening Player-Data//16-MS2-40/Inputs-MS2-P3-3
Opening Player-Data//16-MS2-40/Inputs-MS2-P4-3
Opening Player-Data//16-MS2-40/Inputs-MS2-P5-3
Opening Player-Data//16-MS2-40/Inputs-MS2-P6-3
Opening Player-Data//16-MS2-40/Inputs-MS2-P7-3
Opening Player-Data//16-MS2-40/Inputs-MS2-P8-3
Opening Player-Data//16-MS2-40/Inputs-MS2-P9-3
Opening Player-Data//16-MS2-40/Inputs-MS2-P10-3
Opening Player-Data//16-MS2-40/Inputs-MS2-P11-3
Opening Player-Data//16-MS2-40/Inputs-MS2-P12-3
Opening Player-Data//16-MS2-40/Inputs-MS2-P13-3
Opening Player-Data//16-MS2-40/Inputs-MS2-P14-3
Opening Player-Data//16-MS2-40/Inputs-MS2-P15-3
Opening Player-Data//16-MS2-40/Inputs-MS2-P0-4
Opening Player-Data//16-MS2-40/Inputs-MS2-P1-4
Opening Player-Data//16-MS2-40/Inputs-MS2-P2-4
Opening Player-Data//16-MS2-40/Inputs-MS2-P3-4
Opening Player-Data//16-MS2-40/Inputs-MS2-P4-4
Opening Player-Data//16-MS2-40/Inputs-MS2-P5-4
Opening Player-Data//16-MS2-40/Inputs-MS2-P6-4
Opening Player-Data//16-MS2-40/Inputs-MS2-P7-4
Opening Player-Data//16-MS2-40/Inputs-MS2-P8-4
Opening Player-Data//16-MS2-40/Inputs-MS2-P9-4
Opening Player-Data//16-MS2-40/Inputs-MS2-P10-4
Opening Player-Data//16-MS2-40/Inputs-MS2-P11-4
Opening Player-Data//16-MS2-40/Inputs-MS2-P12-4
Opening Player-Data//16-MS2-40/Inputs-MS2-P13-4
Opening Player-Data//16-MS2-40/Inputs-MS2-P14-4
Opening Player-Data//16-MS2-40/Inputs-MS2-P15-4
Opening Player-Data//16-MS2-40/Inputs-MS2-P0-5
Opening Player-Data//16-MS2-40/Inputs-MS2-P1-5
Opening Player-Data//16-MS2-40/Inputs-MS2-P2-5
Opening Player-Data//16-MS2-40/Inputs-MS2-P3-5
Opening Player-Data//16-MS2-40/Inputs-MS2-P4-5
Opening Player-Data//16-MS2-40/Inputs-MS2-P5-5
Opening Player-Data//16-MS2-40/Inputs-MS2-P6-5
Opening Player-Data//16-MS2-40/Inputs-MS2-P7-5
Opening Player-Data//16-MS2-40/Inputs-MS2-P8-5
Opening Player-Data//16-MS2-40/Inputs-MS2-P9-5
Opening Player-Data//16-MS2-40/Inputs-MS2-P10-5
Opening Player-Data//16-MS2-40/Inputs-MS2-P11-5
Opening Player-Data//16-MS2-40/Inputs-MS2-P12-5
Opening Player-Data//16-MS2-40/Inputs-MS2-P13-5
Opening Player-Data//16-MS2-40/Inputs-MS2-P14-5
Opening Player-Data//16-MS2-40/Inputs-MS2-P15-5
Opening Player-Data//16-MS2-40/Inputs-MS2-P0-6
Opening Player-Data//16-MS2-40/Inputs-MS2-P1-6
Opening Player-Data//16-MS2-40/Inputs-MS2-P2-6
Opening Player-Data//16-MS2-40/Inputs-MS2-P3-6
Opening Player-Data//16-MS2-40/Inputs-MS2-P4-6
Opening Player-Data//16-MS2-40/Inputs-MS2-P5-6
Opening Player-Data//16-MS2-40/Inputs-MS2-P6-6
Opening Player-Data//16-MS2-40/Inputs-MS2-P7-6
Opening Player-Data//16-MS2-40/Inputs-MS2-P8-6
Opening Player-Data//16-MS2-40/Inputs-MS2-P9-6
Opening Player-Data//16-MS2-40/Inputs-MS2-P10-6
Opening Player-Data//16-MS2-40/Inputs-MS2-P11-6
Opening Player-Data//16-MS2-40/Inputs-MS2-P12-6
Opening Player-Data//16-MS2-40/Inputs-MS2-P13-6
Opening Player-Data//16-MS2-40/Inputs-MS2-P14-6
Opening Player-Data//16-MS2-40/Inputs-MS2-P15-6
Opening Player-Data//16-MS2-40/Inputs-MS2-P0-7
Opening Player-Data//16-MS2-40/Inputs-MS2-P1-7
Opening Player-Data//16-MS2-40/Inputs-MS2-P2-7
Opening Player-Data//16-MS2-40/Inputs-MS2-P3-7
Opening Player-Data//16-MS2-40/Inputs-MS2-P4-7
Opening Player-Data//16-MS2-40/Inputs-MS2-P5-7
Opening Player-Data//16-MS2-40/Inputs-MS2-P6-7
Opening Player-Data//16-MS2-40/Inputs-MS2-P7-7
Opening Player-Data//16-MS2-40/Inputs-MS2-P8-7
Opening Player-Data//16-MS2-40/Inputs-MS2-P9-7
Opening Player-Data//16-MS2-40/Inputs-MS2-P10-7
Opening Player-Data//16-MS2-40/Inputs-MS2-P11-7
Opening Player-Data//16-MS2-40/Inputs-MS2-P12-7
Opening Player-Data//16-MS2-40/Inputs-MS2-P13-7
Opening Player-Data//16-MS2-40/Inputs-MS2-P14-7
Opening Player-Data//16-MS2-40/Inputs-MS2-P15-7
Opening Player-Data//16-MS2-40/Inputs-MS2-P0-8
Opening Player-Data//16-MS2-40/Inputs-MS2-P1-8
Opening Player-Data//16-MS2-40/Inputs-MS2-P2-8
Opening Player-Data//16-MS2-40/Inputs-MS2-P3-8
Opening Player-Data//16-MS2-40/Inputs-MS2-P4-8
Opening Player-Data//16-MS2-40/Inputs-MS2-P5-8
Opening Player-Data//16-MS2-40/Inputs-MS2-P6-8
Opening Player-Data//16-MS2-40/Inputs-MS2-P7-8
Opening Player-Data//16-MS2-40/Inputs-MS2-P8-8
Opening Player-Data//16-MS2-40/Inputs-MS2-P9-8
Opening Player-Data//16-MS2-40/Inputs-MS2-P10-8
Opening Player-Data//16-MS2-40/Inputs-MS2-P11-8
Opening Player-Data//16-MS2-40/Inputs-MS2-P12-8
Opening Player-Data//16-MS2-40/Inputs-MS2-P13-8
Opening Player-Data//16-MS2-40/Inputs-MS2-P14-8
Opening Player-Data//16-MS2-40/Inputs-MS2-P15-8
Opening Player-Data//16-MS2-40/Inputs-MS2-P0-9
Opening Player-Data//16-MS2-40/Inputs-MS2-P1-9
Opening Player-Data//16-MS2-40/Inputs-MS2-P2-9
Opening Player-Data//16-MS2-40/Inputs-MS2-P3-9
Opening Player-Data//16-MS2-40/Inputs-MS2-P4-9
Opening Player-Data//16-MS2-40/Inputs-MS2-P5-9
Opening Player-Data//16-MS2-40/Inputs-MS2-P6-9
Opening Player-Data//16-MS2-40/Inputs-MS2-P7-9
Opening Player-Data//16-MS2-40/Inputs-MS2-P8-9
Opening Player-Data//16-MS2-40/Inputs-MS2-P9-9
Opening Player-Data//16-MS2-40/Inputs-MS2-P10-9
Opening Player-Data//16-MS2-40/Inputs-MS2-P11-9
Opening Player-Data//16-MS2-40/Inputs-MS2-P12-9
Opening Player-Data//16-MS2-40/Inputs-MS2-P13-9
Opening Player-Data//16-MS2-40/Inputs-MS2-P14-9
Opening Player-Data//16-MS2-40/Inputs-MS2-P15-9
Opening Player-Data//16-MS2-40/Inputs-MS2-P0-10
Opening Player-Data//16-MS2-40/Inputs-MS2-P1-10
Opening Player-Data//16-MS2-40/Inputs-MS2-P2-10
Opening Player-Data//16-MS2-40/Inputs-MS2-P3-10
Opening Player-Data//16-MS2-40/Inputs-MS2-P4-10
Opening Player-Data//16-MS2-40/Inputs-MS2-P5-10
Opening Player-Data//16-MS2-40/Inputs-MS2-P6-10
Opening Player-Data//16-MS2-40/Inputs-MS2-P7-10
Opening Player-Data//16-MS2-40/Inputs-MS2-P8-10
Opening Player-Data//16-MS2-40/Inputs-MS2-P9-10
Opening Player-Data//16-MS2-40/Inputs-MS2-P10-10
Opening Player-Data//16-MS2-40/Inputs-MS2-P11-10
Opening Player-Data//16-MS2-40/Inputs-MS2-P12-10
Opening Player-Data//16-MS2-40/Inputs-MS2-P13-10
Opening Player-Data//16-MS2-40/Inputs-MS2-P14-10
Opening Player-Data//16-MS2-40/Inputs-MS2-P15-10
Opening Player-Data//16-MS2-40/Inputs-MS2-P0-11
Opening Player-Data//16-MS2-40/Inputs-MS2-P1-11
Opening Player-Data//16-MS2-40/Inputs-MS2-P2-11
Opening Player-Data//16-MS2-40/Inputs-MS2-P3-11
Opening Player-Data//16-MS2-40/Inputs-MS2-P4-11
Opening Player-Data//16-MS2-40/Inputs-MS2-P5-11
Opening Player-Data//16-MS2-40/Inputs-MS2-P6-11
Opening Player-Data//16-MS2-40/Inputs-MS2-P7-11
Opening Player-Data//16-MS2-40/Inputs-MS2-P8-11
Opening Player-Data//16-MS2-40/Inputs-MS2-P9-11
Opening Player-Data//16-MS2-40/Inputs-MS2-P10-11
Opening Player-Data//16-MS2-40/Inputs-MS2-P11-11
Opening Player-Data//16-MS2-40/Inputs-MS2-P12-11
Opening Player-Data//16-MS2-40/Inputs-MS2-P13-11
Opening Player-Data//16-MS2-40/Inputs-MS2-P14-11
Opening Player-Data//16-MS2-40/Inputs-MS2-P15-11
Opening Player-Data//16-MS2-40/Inputs-MS2-P0-12
Opening Player-Data//16-MS2-40/Inputs-MS2-P1-12
Opening Player-Data//16-MS2-40/Inputs-MS2-P2-12
Opening Player-Data//16-MS2-40/Inputs-MS2-P3-12
Opening Player-Data//16-MS2-40/Inputs-MS2-P4-12
Opening Player-Data//16-MS2-40/Inputs-MS2-P5-12
Opening Player-Data//16-MS2-40/Inputs-MS2-P6-12
Opening Player-Data//16-MS2-40/Inputs-MS2-P7-12
Opening Player-Data//16-MS2-40/Inputs-MS2-P8-12
Opening Player-Data//16-MS2-40/Inputs-MS2-P9-12
Opening Player-Data//16-MS2-40/Inputs-MS2-P10-12
Opening Player-Data//16-MS2-40/Inputs-MS2-P11-12
Opening Player-Data//16-MS2-40/Inputs-MS2-P12-12
Opening Player-Data//16-MS2-40/Inputs-MS2-P13-12
Opening Player-Data//16-MS2-40/Inputs-MS2-P14-12
Opening Player-Data//16-MS2-40/Inputs-MS2-P15-12
Opening Player-Data//16-MS2-40/Inputs-MS2-P0-13
Opening Player-Data//16-MS2-40/Inputs-MS2-P1-13
Opening Player-Data//16-MS2-40/Inputs-MS2-P2-13
Opening Player-Data//16-MS2-40/Inputs-MS2-P3-13
Opening Player-Data//16-MS2-40/Inputs-MS2-P4-13
Opening Player-Data//16-MS2-40/Inputs-MS2-P5-13
Opening Player-Data//16-MS2-40/Inputs-MS2-P6-13
Opening Player-Data//16-MS2-40/Inputs-MS2-P7-13
Opening Player-Data//16-MS2-40/Inputs-MS2-P8-13
Opening Player-Data//16-MS2-40/Inputs-MS2-P9-13
Opening Player-Data//16-MS2-40/Inputs-MS2-P10-13
Opening Player-Data//16-MS2-40/Inputs-MS2-P11-13
Opening Player-Data//16-MS2-40/Inputs-MS2-P12-13
Opening Player-Data//16-MS2-40/Inputs-MS2-P13-13
Opening Player-Data//16-MS2-40/Inputs-MS2-P14-13
Opening Player-Data//16-MS2-40/Inputs-MS2-P15-13
Opening Player-Data//16-MS2-40/Inputs-MS2-P0-14
Opening Player-Data//16-MS2-40/Inputs-MS2-P1-14
Opening Player-Data//16-MS2-40/Inputs-MS2-P2-14
Opening Player-Data//16-MS2-40/Inputs-MS2-P3-14
Opening Player-Data//16-MS2-40/Inputs-MS2-P4-14
Opening Player-Data//16-MS2-40/Inputs-MS2-P5-14
Opening Player-Data//16-MS2-40/Inputs-MS2-P6-14
Opening Player-Data//16-MS2-40/Inputs-MS2-P7-14
Opening Player-Data//16-MS2-40/Inputs-MS2-P8-14
Opening Player-Data//16-MS2-40/Inputs-MS2-P9-14
Opening Player-Data//16-MS2-40/Inputs-MS2-P10-14
Opening Player-Data//16-MS2-40/Inputs-MS2-P11-14
Opening Player-Data//16-MS2-40/Inputs-MS2-P12-14
Opening Player-Data//16-MS2-40/Inputs-MS2-P13-14
Opening Player-Data//16-MS2-40/Inputs-MS2-P14-14
Opening Player-Data//16-MS2-40/Inputs-MS2-P15-14
Opening Player-Data//16-MS2-40/Inputs-MS2-P0-15
Opening Player-Data//16-MS2-40/Inputs-MS2-P1-15
Opening Player-Data//16-MS2-40/Inputs-MS2-P2-15
Opening Player-Data//16-MS2-40/Inputs-MS2-P3-15
Opening Player-Data//16-MS2-40/Inputs-MS2-P4-15
Opening Player-Data//16-MS2-40/Inputs-MS2-P5-15
Opening Player-Data//16-MS2-40/Inputs-MS2-P6-15
Opening Player-Data//16-MS2-40/Inputs-MS2-P7-15
Opening Player-Data//16-MS2-40/Inputs-MS2-P8-15
Opening Player-Data//16-MS2-40/Inputs-MS2-P9-15
Opening Player-Data//16-MS2-40/Inputs-MS2-P10-15
Opening Player-Data//16-MS2-40/Inputs-MS2-P11-15
Opening Player-Data//16-MS2-40/Inputs-MS2-P12-15
Opening Player-Data//16-MS2-40/Inputs-MS2-P13-15
Opening Player-Data//16-MS2-40/Inputs-MS2-P14-15
Opening Player-Data//16-MS2-40/Inputs-MS2-P15-15
Opening Player-Data//16-MS2-40/Squares-MS2-P0
Opening Player-Data//16-MS2-40/Squares-MS2-P1
Opening Player-Data//16-MS2-40/Squares-MS2-P2
Opening Player-Data//16-MS2-40/Squares-MS2-P3
Opening Player-Data//16-MS2-40/Squares-MS2-P4
Opening Player-Data//16-MS2-40/Squares-MS2-P5
Opening Player-Data//16-MS2-40/Squares-MS2-P6
Opening Player-Data//16-MS2-40/Squares-MS2-P7
Opening Player-Data//16-MS2-40/Squares-MS2-P8
Opening Player-Data//16-MS2-40/Squares-MS2-P9
Opening Player-Data//16-MS2-40/Squares-MS2-P10
Opening Player-Data//16-MS2-40/Squares-MS2-P11
Opening Player-Data//16-MS2-40/Squares-MS2-P12
Opening Player-Data//16-MS2-40/Squares-MS2-P13
Opening Player-Data//16-MS2-40/Squares-MS2-P14
Opening Player-Data//16-MS2-40/Squares-MS2-P15
Opening Player-Data//16-MS2-40/daBits-MS2-P0
Opening Player-Data//16-MS2-40/daBits-MS2-P1
Opening Player-Data//16-MS2-40/daBits-MS2-P2
Opening Player-Data//16-MS2-40/daBits-MS2-P3
Opening Player-Data//16-MS2-40/daBits-MS2-P4
Opening Player-Data//16-MS2-40/daBits-MS2-P5
Opening Player-Data//16-MS2-40/daBits-MS2-P6
Opening Player-Data//16-MS2-40/daBits-MS2-P7
Opening Player-Data//16-MS2-40/daBits-MS2-P8
Opening Player-Data//16-MS2-40/daBits-MS2-P9
Opening Player-Data//16-MS2-40/daBits-MS2-P10
Opening Player-Data//16-MS2-40/daBits-MS2-P11
Opening Player-Data//16-MS2-40/daBits-MS2-P12
Opening Player-Data//16-MS2-40/daBits-MS2-P13
Opening Player-Data//16-MS2-40/daBits-MS2-P14
Opening Player-Data//16-MS2-40/daBits-MS2-P15
Opening Player-Data//16-MS2-40/Inverses-MS2-P0
Opening Player-Data//16-MS2-40/Inverses-MS2-P1
Opening Player-Data//16-MS2-40/Inverses-MS2-P2
Opening Player-Data//16-MS2-40/Inverses-MS2-P3
Opening Player-Data//16-MS2-40/Inverses-MS2-P4
Opening Player-Data//16-MS2-40/Inverses-MS2-P5
Opening Player-Data//16-MS2-40/Inverses-MS2-P6
Opening Player-Data//16-MS2-40/Inverses-MS2-P7
Opening Player-Data//16-MS2-40/Inverses-MS2-P8
Opening Player-Data//16-MS2-40/Inverses-MS2-P9
Opening Player-Data//16-MS2-40/Inverses-MS2-P10
Opening Player-Data//16-MS2-40/Inverses-MS2-P11
Opening Player-Data//16-MS2-40/Inverses-MS2-P12
Opening Player-Data//16-MS2-40/Inverses-MS2-P13
Opening Player-Data//16-MS2-40/Inverses-MS2-P14
Opening Player-Data//16-MS2-40/Inverses-MS2-P15
No MAC key share for player 0, generating a fresh ones
Written new MAC key share to Player-Data//16-SYMS2-40//Player-MAC-Keys-MS2-P0
 Key 0: c8cc30ffd0
Written new MAC key share to Player-Data//16-SYMS2-40//Player-MAC-Keys-MS2-P1
 Key 1: eed006401b
Written new MAC key share to Player-Data//16-SYMS2-40//Player-MAC-Keys-MS2-P2
 Key 2: 998f486bb6
Written new MAC key share to Player-Data//16-SYMS2-40//Player-MAC-Keys-MS2-P3
 Key 3: cfe0c4beb2
Written new MAC key share to Player-Data//16-SYMS2-40//Player-MAC-Keys-MS2-P4
 Key 4: e15558a5ae
Written new MAC key share to Player-Data//16-SYMS2-40//Player-MAC-Keys-MS2-P5
 Key 5: b6c5c20c43
Written new MAC key share to Player-Data//16-SYMS2-40//Player-MAC-Keys-MS2-P6
 Key 6: dc8da46449
Written new MAC key share to Player-Data//16-SYMS2-40//Player-MAC-Keys-MS2-P7
 Key 7: 1f4ac24447
Written new MAC key share to Player-Data//16-SYMS2-40//Player-MAC-Keys-MS2-P8
 Key 8: 7205934fc1
Written new MAC key share to Player-Data//16-SYMS2-40//Player-MAC-Keys-MS2-P9
 Key 9: 992ffae6c2
Written new MAC key share to Player-Data//16-SYMS2-40//Player-MAC-Keys-MS2-P10
 Key 10: 3b5d6f309d
Written new MAC key share to Player-Data//16-SYMS2-40//Player-MAC-Keys-MS2-P11
 Key 11: a152049e27
Written new MAC key share to Player-Data//16-SYMS2-40//Player-MAC-Keys-MS2-P12
 Key 12: 5e047a1623
Written new MAC key share to Player-Data//16-SYMS2-40//Player-MAC-Keys-MS2-P13
 Key 13: 89ed5c780f
Written new MAC key share to Player-Data//16-SYMS2-40//Player-MAC-Keys-MS2-P14
 Key 14: fc887cb3dc
Written new MAC key share to Player-Data//16-SYMS2-40//Player-MAC-Keys-MS2-P15
 Key 15: 844ef3244
--------------
Final Key: be601e3965
Opening Player-Data//16-SYMS2-40/Triples-SYMS2-P0
Opening Player-Data//16-SYMS2-40/Triples-SYMS2-P1
Opening Player-Data//16-SYMS2-40/Triples-SYMS2-P2
Opening Player-Data//16-SYMS2-40/Triples-SYMS2-P3
Opening Player-Data//16-SYMS2-40/Triples-SYMS2-P4
Opening Player-Data//16-SYMS2-40/Triples-SYMS2-P5
Opening Player-Data//16-SYMS2-40/Triples-SYMS2-P6
Opening Player-Data//16-SYMS2-40/Triples-SYMS2-P7
Opening Player-Data//16-SYMS2-40/Triples-SYMS2-P8
Opening Player-Data//16-SYMS2-40/Triples-SYMS2-P9
Opening Player-Data//16-SYMS2-40/Triples-SYMS2-P10
Opening Player-Data//16-SYMS2-40/Triples-SYMS2-P11
Opening Player-Data//16-SYMS2-40/Triples-SYMS2-P12
Opening Player-Data//16-SYMS2-40/Triples-SYMS2-P13
Opening Player-Data//16-SYMS2-40/Triples-SYMS2-P14
Opening Player-Data//16-SYMS2-40/Triples-SYMS2-P15
Opening Player-Data//16-SYMS2-40/Bits-SYMS2-P0
Opening Player-Data//16-SYMS2-40/Bits-SYMS2-P1
Opening Player-Data//16-SYMS2-40/Bits-SYMS2-P2
Opening Player-Data//16-SYMS2-40/Bits-SYMS2-P3
Opening Player-Data//16-SYMS2-40/Bits-SYMS2-P4
Opening Player-Data//16-SYMS2-40/Bits-SYMS2-P5
Opening Player-Data//16-SYMS2-40/Bits-SYMS2-P6
Opening Player-Data//16-SYMS2-40/Bits-SYMS2-P7
Opening Player-Data//16-SYMS2-40/Bits-SYMS2-P8
Opening Player-Data//16-SYMS2-40/Bits-SYMS2-P9
Opening Player-Data//16-SYMS2-40/Bits-SYMS2-P10
Opening Player-Data//16-SYMS2-40/Bits-SYMS2-P11
Opening Player-Data//16-SYMS2-40/Bits-SYMS2-P12
Opening Player-Data//16-SYMS2-40/Bits-SYMS2-P13
Opening Player-Data//16-SYMS2-40/Bits-SYMS2-P14
Opening Player-Data//16-SYMS2-40/Bits-SYMS2-P15
Opening Player-Data//16-SYMS2-40/Inputs-SYMS2-P0-0
Opening Player-Data//16-SYMS2-40/Inputs-SYMS2-P1-0
Opening Player-Data//16-SYMS2-40/Inputs-SYMS2-P2-0
Opening Player-Data//16-SYMS2-40/Inputs-SYMS2-P3-0
Opening Player-Data//16-SYMS2-40/Inputs-SYMS2-P4-0
Opening Player-Data//16-SYMS2-40/Inputs-SYMS2-P5-0
Opening Player-Data//16-SYMS2-40/Inputs-SYMS2-P6-0
Opening Player-Data//16-SYMS2-40/Inputs-SYMS2-P7-0
Opening Player-Data//16-SYMS2-40/Inputs-SYMS2-P8-0
Opening Player-Data//16-SYMS2-40/Inputs-SYMS2-P9-0
Opening Player-Data//16-SYMS2-40/Inputs-SYMS2-P10-0
Opening Player-Data//16-SYMS2-40/Inputs-SYMS2-P11-0
Opening Player-Data//16-SYMS2-40/Inputs-SYMS2-P12-0
Opening Player-Data//16-SYMS2-40/Inputs-SYMS2-P13-0
Opening Player-Data//16-SYMS2-40/Inputs-SYMS2-P14-0
Opening Player-Data//16-SYMS2-40/Inputs-SYMS2-P15-0
Opening Player-Data//16-SYMS2-40/Inputs-SYMS2-P0-1
Opening Player-Data//16-SYMS2-40/Inputs-SYMS2-P1-1
Opening Player-Data//16-SYMS2-40/Inputs-SYMS2-P2-1
Opening Player-Data//16-SYMS2-40/Inputs-SYMS2-P3-1
Opening Player-Data//16-SYMS2-40/Inputs-SYMS2-P4-1
Opening Player-Data//16-SYMS2-40/Inputs-SYMS2-P5-1
Opening Player-Data//16-SYMS2-40/Inputs-SYMS2-P6-1
Opening Player-Data//16-SYMS2-40/Inputs-SYMS2-P7-1
Opening Player-Data//16-SYMS2-40/Inputs-SYMS2-P8-1
Opening Player-Data//16-SYMS2-40/Inputs-SYMS2-P9-1
Opening Player-Data//16-SYMS2-40/Inputs-SYMS2-P10-1
Opening Player-Data//16-SYMS2-40/Inputs-SYMS2-P11-1
Opening Player-Data//16-SYMS2-40/Inputs-SYMS2-P12-1
Opening Player-Data//16-SYMS2-40/Inputs-SYMS2-P13-1
Opening Player-Data//16-SYMS2-40/Inputs-SYMS2-P14-1
Opening Player-Data//16-SYMS2-40/Inputs-SYMS2-P15-1
Opening Player-Data//16-SYMS2-40/Inputs-SYMS2-P0-2
Opening Player-Data//16-SYMS2-40/Inputs-SYMS2-P1-2
Opening Player-Data//16-SYMS2-40/Inputs-SYMS2-P2-2
Opening Player-Data//16-SYMS2-40/Inputs-SYMS2-P3-2
Opening Player-Data//16-SYMS2-40/Inputs-SYMS2-P4-2
Opening Player-Data//16-SYMS2-40/Inputs-SYMS2-P5-2
Opening Player-Data//16-SYMS2-40/Inputs-SYMS2-P6-2
Opening Player-Data//16-SYMS2-40/Inputs-SYMS2-P7-2
Opening Player-Data//16-SYMS2-40/Inputs-SYMS2-P8-2
Opening Player-Data//16-SYMS2-40/Inputs-SYMS2-P9-2
Opening Player-Data//16-SYMS2-40/Inputs-SYMS2-P10-2
Opening Player-Data//16-SYMS2-40/Inputs-SYMS2-P11-2
Opening Player-Data//16-SYMS2-40/Inputs-SYMS2-P12-2
Opening Player-Data//16-SYMS2-40/Inputs-SYMS2-P13-2
Opening Player-Data//16-SYMS2-40/Inputs-SYMS2-P14-2
Opening Player-Data//16-SYMS2-40/Inputs-SYMS2-P15-2
Opening Player-Data//16-SYMS2-40/Inputs-SYMS2-P0-3
Opening Player-Data//16-SYMS2-40/Inputs-SYMS2-P1-3
Opening Player-Data//16-SYMS2-40/Inputs-SYMS2-P2-3
Opening Player-Data//16-SYMS2-40/Inputs-SYMS2-P3-3
Opening Player-Data//16-SYMS2-40/Inputs-SYMS2-P4-3
Opening Player-Data//16-SYMS2-40/Inputs-SYMS2-P5-3
Opening Player-Data//16-SYMS2-40/Inputs-SYMS2-P6-3
Opening Player-Data//16-SYMS2-40/Inputs-SYMS2-P7-3
Opening Player-Data//16-SYMS2-40/Inputs-SYMS2-P8-3
Opening Player-Data//16-SYMS2-40/Inputs-SYMS2-P9-3
Opening Player-Data//16-SYMS2-40/Inputs-SYMS2-P10-3
Opening Player-Data//16-SYMS2-40/Inputs-SYMS2-P11-3
Opening Player-Data//16-SYMS2-40/Inputs-SYMS2-P12-3
Opening Player-Data//16-SYMS2-40/Inputs-SYMS2-P13-3
Opening Player-Data//16-SYMS2-40/Inputs-SYMS2-P14-3
Opening Player-Data//16-SYMS2-40/Inputs-SYMS2-P15-3
Opening Player-Data//16-SYMS2-40/Inputs-SYMS2-P0-4
Opening Player-Data//16-SYMS2-40/Inputs-SYMS2-P1-4
Opening Player-Data//16-SYMS2-40/Inputs-SYMS2-P2-4
Opening Player-Data//16-SYMS2-40/Inputs-SYMS2-P3-4
Opening Player-Data//16-SYMS2-40/Inputs-SYMS2-P4-4
Opening Player-Data//16-SYMS2-40/Inputs-SYMS2-P5-4
Opening Player-Data//16-SYMS2-40/Inputs-SYMS2-P6-4
Opening Player-Data//16-SYMS2-40/Inputs-SYMS2-P7-4
Opening Player-Data//16-SYMS2-40/Inputs-SYMS2-P8-4
Opening Player-Data//16-SYMS2-40/Inputs-SYMS2-P9-4
Opening Player-Data//16-SYMS2-40/Inputs-SYMS2-P10-4
Opening Player-Data//16-SYMS2-40/Inputs-SYMS2-P11-4
Opening Player-Data//16-SYMS2-40/Inputs-SYMS2-P12-4
Opening Player-Data//16-SYMS2-40/Inputs-SYMS2-P13-4
Opening Player-Data//16-SYMS2-40/Inputs-SYMS2-P14-4
Opening Player-Data//16-SYMS2-40/Inputs-SYMS2-P15-4
Opening Player-Data//16-SYMS2-40/Inputs-SYMS2-P0-5
Opening Player-Data//16-SYMS2-40/Inputs-SYMS2-P1-5
Opening Player-Data//16-SYMS2-40/Inputs-SYMS2-P2-5
Opening Player-Data//16-SYMS2-40/Inputs-SYMS2-P3-5
Opening Player-Data//16-SYMS2-40/Inputs-SYMS2-P4-5
Opening Player-Data//16-SYMS2-40/Inputs-SYMS2-P5-5
Opening Player-Data//16-SYMS2-40/Inputs-SYMS2-P6-5
Opening Player-Data//16-SYMS2-40/Inputs-SYMS2-P7-5
Opening Player-Data//16-SYMS2-40/Inputs-SYMS2-P8-5
Opening Player-Data//16-SYMS2-40/Inputs-SYMS2-P9-5
Opening Player-Data//16-SYMS2-40/Inputs-SYMS2-P10-5
Opening Player-Data//16-SYMS2-40/Inputs-SYMS2-P11-5
Opening Player-Data//16-SYMS2-40/Inputs-SYMS2-P12-5
Opening Player-Data//16-SYMS2-40/Inputs-SYMS2-P13-5
Opening Player-Data//16-SYMS2-40/Inputs-SYMS2-P14-5
Opening Player-Data//16-SYMS2-40/Inputs-SYMS2-P15-5
Opening Player-Data//16-SYMS2-40/Inputs-SYMS2-P0-6
Opening Player-Data//16-SYMS2-40/Inputs-SYMS2-P1-6
Opening Player-Data//16-SYMS2-40/Inputs-SYMS2-P2-6
Opening Player-Data//16-SYMS2-40/Inputs-SYMS2-P3-6
Opening Player-Data//16-SYMS2-40/Inputs-SYMS2-P4-6
Opening Player-Data//16-SYMS2-40/Inputs-SYMS2-P5-6
Opening Player-Data//16-SYMS2-40/Inputs-SYMS2-P6-6
Opening Player-Data//16-SYMS2-40/Inputs-SYMS2-P7-6
Opening Player-Data//16-SYMS2-40/Inputs-SYMS2-P8-6
Opening Player-Data//16-SYMS2-40/Inputs-SYMS2-P9-6
Opening Player-Data//16-SYMS2-40/Inputs-SYMS2-P10-6
Opening Player-Data//16-SYMS2-40/Inputs-SYMS2-P11-6
Opening Player-Data//16-SYMS2-40/Inputs-SYMS2-P12-6
Opening Player-Data//16-SYMS2-40/Inputs-SYMS2-P13-6
Opening Player-Data//16-SYMS2-40/Inputs-SYMS2-P14-6
Opening Player-Data//16-SYMS2-40/Inputs-SYMS2-P15-6
Opening Player-Data//16-SYMS2-40/Inputs-SYMS2-P0-7
Opening Player-Data//16-SYMS2-40/Inputs-SYMS2-P1-7
Opening Player-Data//16-SYMS2-40/Inputs-SYMS2-P2-7
Opening Player-Data//16-SYMS2-40/Inputs-SYMS2-P3-7
Opening Player-Data//16-SYMS2-40/Inputs-SYMS2-P4-7
Opening Player-Data//16-SYMS2-40/Inputs-SYMS2-P5-7
Opening Player-Data//16-SYMS2-40/Inputs-SYMS2-P6-7
Opening Player-Data//16-SYMS2-40/Inputs-SYMS2-P7-7
Opening Player-Data//16-SYMS2-40/Inputs-SYMS2-P8-7
Opening Player-Data//16-SYMS2-40/Inputs-SYMS2-P9-7
Opening Player-Data//16-SYMS2-40/Inputs-SYMS2-P10-7
Opening Player-Data//16-SYMS2-40/Inputs-SYMS2-P11-7
Opening Player-Data//16-SYMS2-40/Inputs-SYMS2-P12-7
Opening Player-Data//16-SYMS2-40/Inputs-SYMS2-P13-7
Opening Player-Data//16-SYMS2-40/Inputs-SYMS2-P14-7
Opening Player-Data//16-SYMS2-40/Inputs-SYMS2-P15-7
Opening Player-Data//16-SYMS2-40/Inputs-SYMS2-P0-8
Opening Player-Data//16-SYMS2-40/Inputs-SYMS2-P1-8
Opening Player-Data//16-SYMS2-40/Inputs-SYMS2-P2-8
Opening Player-Data//16-SYMS2-40/Inputs-SYMS2-P3-8
Opening Player-Data//16-SYMS2-40/Inputs-SYMS2-P4-8
Opening Player-Data//16-SYMS2-40/Inputs-SYMS2-P5-8
Opening Player-Data//16-SYMS2-40/Inputs-SYMS2-P6-8
Opening Player-Data//16-SYMS2-40/Inputs-SYMS2-P7-8
Opening Player-Data//16-SYMS2-40/Inputs-SYMS2-P8-8
Opening Player-Data//16-SYMS2-40/Inputs-SYMS2-P9-8
Opening Player-Data//16-SYMS2-40/Inputs-SYMS2-P10-8
Opening Player-Data//16-SYMS2-40/Inputs-SYMS2-P11-8
Opening Player-Data//16-SYMS2-40/Inputs-SYMS2-P12-8
Opening Player-Data//16-SYMS2-40/Inputs-SYMS2-P13-8
Opening Player-Data//16-SYMS2-40/Inputs-SYMS2-P14-8
Opening Player-Data//16-SYMS2-40/Inputs-SYMS2-P15-8
Opening Player-Data//16-SYMS2-40/Inputs-SYMS2-P0-9
Opening Player-Data//16-SYMS2-40/Inputs-SYMS2-P1-9
Opening Player-Data//16-SYMS2-40/Inputs-SYMS2-P2-9
Opening Player-Data//16-SYMS2-40/Inputs-SYMS2-P3-9
Opening Player-Data//16-SYMS2-40/Inputs-SYMS2-P4-9
Opening Player-Data//16-SYMS2-40/Inputs-SYMS2-P5-9
Opening Player-Data//16-SYMS2-40/Inputs-SYMS2-P6-9
Opening Player-Data//16-SYMS2-40/Inputs-SYMS2-P7-9
Opening Player-Data//16-SYMS2-40/Inputs-SYMS2-P8-9
Opening Player-Data//16-SYMS2-40/Inputs-SYMS2-P9-9
Opening Player-Data//16-SYMS2-40/Inputs-SYMS2-P10-9
Opening Player-Data//16-SYMS2-40/Inputs-SYMS2-P11-9
Opening Player-Data//16-SYMS2-40/Inputs-SYMS2-P12-9
Opening Player-Data//16-SYMS2-40/Inputs-SYMS2-P13-9
Opening Player-Data//16-SYMS2-40/Inputs-SYMS2-P14-9
Opening Player-Data//16-SYMS2-40/Inputs-SYMS2-P15-9
Opening Player-Data//16-SYMS2-40/Inputs-SYMS2-P0-10
Opening Player-Data//16-SYMS2-40/Inputs-SYMS2-P1-10
Opening Player-Data//16-SYMS2-40/Inputs-SYMS2-P2-10
Opening Player-Data//16-SYMS2-40/Inputs-SYMS2-P3-10
Opening Player-Data//16-SYMS2-40/Inputs-SYMS2-P4-10
Opening Player-Data//16-SYMS2-40/Inputs-SYMS2-P5-10
Opening Player-Data//16-SYMS2-40/Inputs-SYMS2-P6-10
Opening Player-Data//16-SYMS2-40/Inputs-SYMS2-P7-10
Opening Player-Data//16-SYMS2-40/Inputs-SYMS2-P8-10
Opening Player-Data//16-SYMS2-40/Inputs-SYMS2-P9-10
Opening Player-Data//16-SYMS2-40/Inputs-SYMS2-P10-10
Opening Player-Data//16-SYMS2-40/Inputs-SYMS2-P11-10
Opening Player-Data//16-SYMS2-40/Inputs-SYMS2-P12-10
Opening Player-Data//16-SYMS2-40/Inputs-SYMS2-P13-10
Opening Player-Data//16-SYMS2-40/Inputs-SYMS2-P14-10
Opening Player-Data//16-SYMS2-40/Inputs-SYMS2-P15-10
Opening Player-Data//16-SYMS2-40/Inputs-SYMS2-P0-11
Opening Player-Data//16-SYMS2-40/Inputs-SYMS2-P1-11
Opening Player-Data//16-SYMS2-40/Inputs-SYMS2-P2-11
Opening Player-Data//16-SYMS2-40/Inputs-SYMS2-P3-11
Opening Player-Data//16-SYMS2-40/Inputs-SYMS2-P4-11
Opening Player-Data//16-SYMS2-40/Inputs-SYMS2-P5-11
Opening Player-Data//16-SYMS2-40/Inputs-SYMS2-P6-11
Opening Player-Data//16-SYMS2-40/Inputs-SYMS2-P7-11
Opening Player-Data//16-SYMS2-40/Inputs-SYMS2-P8-11
Opening Player-Data//16-SYMS2-40/Inputs-SYMS2-P9-11
Opening Player-Data//16-SYMS2-40/Inputs-SYMS2-P10-11
Opening Player-Data//16-SYMS2-40/Inputs-SYMS2-P11-11
Opening Player-Data//16-SYMS2-40/Inputs-SYMS2-P12-11
Opening Player-Data//16-SYMS2-40/Inputs-SYMS2-P13-11
Opening Player-Data//16-SYMS2-40/Inputs-SYMS2-P14-11
Opening Player-Data//16-SYMS2-40/Inputs-SYMS2-P15-11
Opening Player-Data//16-SYMS2-40/Inputs-SYMS2-P0-12
Opening Player-Data//16-SYMS2-40/Inputs-SYMS2-P1-12
Opening Player-Data//16-SYMS2-40/Inputs-SYMS2-P2-12
Opening Player-Data//16-SYMS2-40/Inputs-SYMS2-P3-12
Opening Player-Data//16-SYMS2-40/Inputs-SYMS2-P4-12
Opening Player-Data//16-SYMS2-40/Inputs-SYMS2-P5-12
Opening Player-Data//16-SYMS2-40/Inputs-SYMS2-P6-12
Opening Player-Data//16-SYMS2-40/Inputs-SYMS2-P7-12
Opening Player-Data//16-SYMS2-40/Inputs-SYMS2-P8-12
Opening Player-Data//16-SYMS2-40/Inputs-SYMS2-P9-12
Opening Player-Data//16-SYMS2-40/Inputs-SYMS2-P10-12
Opening Player-Data//16-SYMS2-40/Inputs-SYMS2-P11-12
Opening Player-Data//16-SYMS2-40/Inputs-SYMS2-P12-12
Opening Player-Data//16-SYMS2-40/Inputs-SYMS2-P13-12
Opening Player-Data//16-SYMS2-40/Inputs-SYMS2-P14-12
Opening Player-Data//16-SYMS2-40/Inputs-SYMS2-P15-12
Opening Player-Data//16-SYMS2-40/Inputs-SYMS2-P0-13
Opening Player-Data//16-SYMS2-40/Inputs-SYMS2-P1-13
Opening Player-Data//16-SYMS2-40/Inputs-SYMS2-P2-13
Opening Player-Data//16-SYMS2-40/Inputs-SYMS2-P3-13
Opening Player-Data//16-SYMS2-40/Inputs-SYMS2-P4-13
Opening Player-Data//16-SYMS2-40/Inputs-SYMS2-P5-13
Opening Player-Data//16-SYMS2-40/Inputs-SYMS2-P6-13
Opening Player-Data//16-SYMS2-40/Inputs-SYMS2-P7-13
Opening Player-Data//16-SYMS2-40/Inputs-SYMS2-P8-13
Opening Player-Data//16-SYMS2-40/Inputs-SYMS2-P9-13
Opening Player-Data//16-SYMS2-40/Inputs-SYMS2-P10-13
Opening Player-Data//16-SYMS2-40/Inputs-SYMS2-P11-13
Opening Player-Data//16-SYMS2-40/Inputs-SYMS2-P12-13
Opening Player-Data//16-SYMS2-40/Inputs-SYMS2-P13-13
Opening Player-Data//16-SYMS2-40/Inputs-SYMS2-P14-13
Opening Player-Data//16-SYMS2-40/Inputs-SYMS2-P15-13
Opening Player-Data//16-SYMS2-40/Inputs-SYMS2-P0-14
Opening Player-Data//16-SYMS2-40/Inputs-SYMS2-P1-14
Opening Player-Data//16-SYMS2-40/Inputs-SYMS2-P2-14
Opening Player-Data//16-SYMS2-40/Inputs-SYMS2-P3-14
Opening Player-Data//16-SYMS2-40/Inputs-SYMS2-P4-14
Opening Player-Data//16-SYMS2-40/Inputs-SYMS2-P5-14
Opening Player-Data//16-SYMS2-40/Inputs-SYMS2-P6-14
Opening Player-Data//16-SYMS2-40/Inputs-SYMS2-P7-14
Opening Player-Data//16-SYMS2-40/Inputs-SYMS2-P8-14
Opening Player-Data//16-SYMS2-40/Inputs-SYMS2-P9-14
Opening Player-Data//16-SYMS2-40/Inputs-SYMS2-P10-14
Opening Player-Data//16-SYMS2-40/Inputs-SYMS2-P11-14
Opening Player-Data//16-SYMS2-40/Inputs-SYMS2-P12-14
Opening Player-Data//16-SYMS2-40/Inputs-SYMS2-P13-14
Opening Player-Data//16-SYMS2-40/Inputs-SYMS2-P14-14
Opening Player-Data//16-SYMS2-40/Inputs-SYMS2-P15-14
Opening Player-Data//16-SYMS2-40/Inputs-SYMS2-P0-15
Opening Player-Data//16-SYMS2-40/Inputs-SYMS2-P1-15
Opening Player-Data//16-SYMS2-40/Inputs-SYMS2-P2-15
Opening Player-Data//16-SYMS2-40/Inputs-SYMS2-P3-15
Opening Player-Data//16-SYMS2-40/Inputs-SYMS2-P4-15
Opening Player-Data//16-SYMS2-40/Inputs-SYMS2-P5-15
Opening Player-Data//16-SYMS2-40/Inputs-SYMS2-P6-15
Opening Player-Data//16-SYMS2-40/Inputs-SYMS2-P7-15
Opening Player-Data//16-SYMS2-40/Inputs-SYMS2-P8-15
Opening Player-Data//16-SYMS2-40/Inputs-SYMS2-P9-15
Opening Player-Data//16-SYMS2-40/Inputs-SYMS2-P10-15
Opening Player-Data//16-SYMS2-40/Inputs-SYMS2-P11-15
Opening Player-Data//16-SYMS2-40/Inputs-SYMS2-P12-15
Opening Player-Data//16-SYMS2-40/Inputs-SYMS2-P13-15
Opening Player-Data//16-SYMS2-40/Inputs-SYMS2-P14-15
Opening Player-Data//16-SYMS2-40/Inputs-SYMS2-P15-15
Opening Player-Data//16-SYMS2-40/Squares-SYMS2-P0
Opening Player-Data//16-SYMS2-40/Squares-SYMS2-P1
Opening Player-Data//16-SYMS2-40/Squares-SYMS2-P2
Opening Player-Data//16-SYMS2-40/Squares-SYMS2-P3
Opening Player-Data//16-SYMS2-40/Squares-SYMS2-P4
Opening Player-Data//16-SYMS2-40/Squares-SYMS2-P5
Opening Player-Data//16-SYMS2-40/Squares-SYMS2-P6
Opening Player-Data//16-SYMS2-40/Squares-SYMS2-P7
Opening Player-Data//16-SYMS2-40/Squares-SYMS2-P8
Opening Player-Data//16-SYMS2-40/Squares-SYMS2-P9
Opening Player-Data//16-SYMS2-40/Squares-SYMS2-P10
Opening Player-Data//16-SYMS2-40/Squares-SYMS2-P11
Opening Player-Data//16-SYMS2-40/Squares-SYMS2-P12
Opening Player-Data//16-SYMS2-40/Squares-SYMS2-P13
Opening Player-Data//16-SYMS2-40/Squares-SYMS2-P14
Opening Player-Data//16-SYMS2-40/Squares-SYMS2-P15
Opening Player-Data//16-SYMS2-40/daBits-SYMS2-P0
Opening Player-Data//16-SYMS2-40/daBits-SYMS2-P1
Opening Player-Data//16-SYMS2-40/daBits-SYMS2-P2
Opening Player-Data//16-SYMS2-40/daBits-SYMS2-P3
Opening Player-Data//16-SYMS2-40/daBits-SYMS2-P4
Opening Player-Data//16-SYMS2-40/daBits-SYMS2-P5
Opening Player-Data//16-SYMS2-40/daBits-SYMS2-P6
Opening Player-Data//16-SYMS2-40/daBits-SYMS2-P7
Opening Player-Data//16-SYMS2-40/daBits-SYMS2-P8
Opening Player-Data//16-SYMS2-40/daBits-SYMS2-P9
Opening Player-Data//16-SYMS2-40/daBits-SYMS2-P10
Opening Player-Data//16-SYMS2-40/daBits-SYMS2-P11
Opening Player-Data//16-SYMS2-40/daBits-SYMS2-P12
Opening Player-Data//16-SYMS2-40/daBits-SYMS2-P13
Opening Player-Data//16-SYMS2-40/daBits-SYMS2-P14
Opening Player-Data//16-SYMS2-40/daBits-SYMS2-P15
Opening Player-Data//16-SYMS2-40/Inverses-SYMS2-P0
Opening Player-Data//16-SYMS2-40/Inverses-SYMS2-P1
Opening Player-Data//16-SYMS2-40/Inverses-SYMS2-P2
Opening Player-Data//16-SYMS2-40/Inverses-SYMS2-P3
Opening Player-Data//16-SYMS2-40/Inverses-SYMS2-P4
Opening Player-Data//16-SYMS2-40/Inverses-SYMS2-P5
Opening Player-Data//16-SYMS2-40/Inverses-SYMS2-P6
Opening Player-Data//16-SYMS2-40/Inverses-SYMS2-P7
Opening Player-Data//16-SYMS2-40/Inverses-SYMS2-P8
Opening Player-Data//16-SYMS2-40/Inverses-SYMS2-P9
Opening Player-Data//16-SYMS2-40/Inverses-SYMS2-P10
Opening Player-Data//16-SYMS2-40/Inverses-SYMS2-P11
Opening Player-Data//16-SYMS2-40/Inverses-SYMS2-P12
Opening Player-Data//16-SYMS2-40/Inverses-SYMS2-P13
Opening Player-Data//16-SYMS2-40/Inverses-SYMS2-P14
Opening Player-Data//16-SYMS2-40/Inverses-SYMS2-P15
Opening Player-Data//16-DR-64/Triples-DR-P0
Opening Player-Data//16-DR-64/Triples-DR-P1
Opening Player-Data//16-DR-64/Triples-DR-P2
Opening Player-Data//16-DR-64/Triples-DR-P3
Opening Player-Data//16-DR-64/Triples-DR-P4
Opening Player-Data//16-DR-64/Triples-DR-P5
Opening Player-Data//16-DR-64/Triples-DR-P6
Opening Player-Data//16-DR-64/Triples-DR-P7
Opening Player-Data//16-DR-64/Triples-DR-P8
Opening Player-Data//16-DR-64/Triples-DR-P9
Opening Player-Data//16-DR-64/Triples-DR-P10
Opening Player-Data//16-DR-64/Triples-DR-P11
Opening Player-Data//16-DR-64/Triples-DR-P12
Opening Player-Data//16-DR-64/Triples-DR-P13
Opening Player-Data//16-DR-64/Triples-DR-P14
Opening Player-Data//16-DR-64/Triples-DR-P15
Opening Player-Data//16-DR-64/Bits-DR-P0
Opening Player-Data//16-DR-64/Bits-DR-P1
Opening Player-Data//16-DR-64/Bits-DR-P2
Opening Player-Data//16-DR-64/Bits-DR-P3
Opening Player-Data//16-DR-64/Bits-DR-P4
Opening Player-Data//16-DR-64/Bits-DR-P5
Opening Player-Data//16-DR-64/Bits-DR-P6
Opening Player-Data//16-DR-64/Bits-DR-P7
Opening Player-Data//16-DR-64/Bits-DR-P8
Opening Player-Data//16-DR-64/Bits-DR-P9
Opening Player-Data//16-DR-64/Bits-DR-P10
Opening Player-Data//16-DR-64/Bits-DR-P11
Opening Player-Data//16-DR-64/Bits-DR-P12
Opening Player-Data//16-DR-64/Bits-DR-P13
Opening Player-Data//16-DR-64/Bits-DR-P14
Opening Player-Data//16-DR-64/Bits-DR-P15
Opening Player-Data//16-DR-64/Inputs-DR-P0-0
Opening Player-Data//16-DR-64/Inputs-DR-P1-0
Opening Player-Data//16-DR-64/Inputs-DR-P2-0
Opening Player-Data//16-DR-64/Inputs-DR-P3-0
Opening Player-Data//16-DR-64/Inputs-DR-P4-0
Opening Player-Data//16-DR-64/Inputs-DR-P5-0
Opening Player-Data//16-DR-64/Inputs-DR-P6-0
Opening Player-Data//16-DR-64/Inputs-DR-P7-0
Opening Player-Data//16-DR-64/Inputs-DR-P8-0
Opening Player-Data//16-DR-64/Inputs-DR-P9-0
Opening Player-Data//16-DR-64/Inputs-DR-P10-0
Opening Player-Data//16-DR-64/Inputs-DR-P11-0
Opening Player-Data//16-DR-64/Inputs-DR-P12-0
Opening Player-Data//16-DR-64/Inputs-DR-P13-0
Opening Player-Data//16-DR-64/Inputs-DR-P14-0
Opening Player-Data//16-DR-64/Inputs-DR-P15-0
Opening Player-Data//16-DR-64/Inputs-DR-P0-1
Opening Player-Data//16-DR-64/Inputs-DR-P1-1
Opening Player-Data//16-DR-64/Inputs-DR-P2-1
Opening Player-Data//16-DR-64/Inputs-DR-P3-1
Opening Player-Data//16-DR-64/Inputs-DR-P4-1
Opening Player-Data//16-DR-64/Inputs-DR-P5-1
Opening Player-Data//16-DR-64/Inputs-DR-P6-1
Opening Player-Data//16-DR-64/Inputs-DR-P7-1
Opening Player-Data//16-DR-64/Inputs-DR-P8-1
Opening Player-Data//16-DR-64/Inputs-DR-P9-1
Opening Player-Data//16-DR-64/Inputs-DR-P10-1
Opening Player-Data//16-DR-64/Inputs-DR-P11-1
Opening Player-Data//16-DR-64/Inputs-DR-P12-1
Opening Player-Data//16-DR-64/Inputs-DR-P13-1
Opening Player-Data//16-DR-64/Inputs-DR-P14-1
Opening Player-Data//16-DR-64/Inputs-DR-P15-1
Opening Player-Data//16-DR-64/Inputs-DR-P0-2
Opening Player-Data//16-DR-64/Inputs-DR-P1-2
Opening Player-Data//16-DR-64/Inputs-DR-P2-2
Opening Player-Data//16-DR-64/Inputs-DR-P3-2
Opening Player-Data//16-DR-64/Inputs-DR-P4-2
Opening Player-Data//16-DR-64/Inputs-DR-P5-2
Opening Player-Data//16-DR-64/Inputs-DR-P6-2
Opening Player-Data//16-DR-64/Inputs-DR-P7-2
Opening Player-Data//16-DR-64/Inputs-DR-P8-2
Opening Player-Data//16-DR-64/Inputs-DR-P9-2
Opening Player-Data//16-DR-64/Inputs-DR-P10-2
Opening Player-Data//16-DR-64/Inputs-DR-P11-2
Opening Player-Data//16-DR-64/Inputs-DR-P12-2
Opening Player-Data//16-DR-64/Inputs-DR-P13-2
Opening Player-Data//16-DR-64/Inputs-DR-P14-2
Opening Player-Data//16-DR-64/Inputs-DR-P15-2
Opening Player-Data//16-DR-64/Inputs-DR-P0-3
Opening Player-Data//16-DR-64/Inputs-DR-P1-3
Opening Player-Data//16-DR-64/Inputs-DR-P2-3
Opening Player-Data//16-DR-64/Inputs-DR-P3-3
Opening Player-Data//16-DR-64/Inputs-DR-P4-3
Opening Player-Data//16-DR-64/Inputs-DR-P5-3
Opening Player-Data//16-DR-64/Inputs-DR-P6-3
Opening Player-Data//16-DR-64/Inputs-DR-P7-3
Opening Player-Data//16-DR-64/Inputs-DR-P8-3
Opening Player-Data//16-DR-64/Inputs-DR-P9-3
Opening Player-Data//16-DR-64/Inputs-DR-P10-3
Opening Player-Data//16-DR-64/Inputs-DR-P11-3
Opening Player-Data//16-DR-64/Inputs-DR-P12-3
Opening Player-Data//16-DR-64/Inputs-DR-P13-3
Opening Player-Data//16-DR-64/Inputs-DR-P14-3
Opening Player-Data//16-DR-64/Inputs-DR-P15-3
Opening Player-Data//16-DR-64/Inputs-DR-P0-4
Opening Player-Data//16-DR-64/Inputs-DR-P1-4
Opening Player-Data//16-DR-64/Inputs-DR-P2-4
Opening Player-Data//16-DR-64/Inputs-DR-P3-4
Opening Player-Data//16-DR-64/Inputs-DR-P4-4
Opening Player-Data//16-DR-64/Inputs-DR-P5-4
Opening Player-Data//16-DR-64/Inputs-DR-P6-4
Opening Player-Data//16-DR-64/Inputs-DR-P7-4
Opening Player-Data//16-DR-64/Inputs-DR-P8-4
Opening Player-Data//16-DR-64/Inputs-DR-P9-4
Opening Player-Data//16-DR-64/Inputs-DR-P10-4
Opening Player-Data//16-DR-64/Inputs-DR-P11-4
Opening Player-Data//16-DR-64/Inputs-DR-P12-4
Opening Player-Data//16-DR-64/Inputs-DR-P13-4
Opening Player-Data//16-DR-64/Inputs-DR-P14-4
Opening Player-Data//16-DR-64/Inputs-DR-P15-4
Opening Player-Data//16-DR-64/Inputs-DR-P0-5
Opening Player-Data//16-DR-64/Inputs-DR-P1-5
Opening Player-Data//16-DR-64/Inputs-DR-P2-5
Opening Player-Data//16-DR-64/Inputs-DR-P3-5
Opening Player-Data//16-DR-64/Inputs-DR-P4-5
Opening Player-Data//16-DR-64/Inputs-DR-P5-5
Opening Player-Data//16-DR-64/Inputs-DR-P6-5
Opening Player-Data//16-DR-64/Inputs-DR-P7-5
Opening Player-Data//16-DR-64/Inputs-DR-P8-5
Opening Player-Data//16-DR-64/Inputs-DR-P9-5
Opening Player-Data//16-DR-64/Inputs-DR-P10-5
Opening Player-Data//16-DR-64/Inputs-DR-P11-5
Opening Player-Data//16-DR-64/Inputs-DR-P12-5
Opening Player-Data//16-DR-64/Inputs-DR-P13-5
Opening Player-Data//16-DR-64/Inputs-DR-P14-5
Opening Player-Data//16-DR-64/Inputs-DR-P15-5
Opening Player-Data//16-DR-64/Inputs-DR-P0-6
Opening Player-Data//16-DR-64/Inputs-DR-P1-6
Opening Player-Data//16-DR-64/Inputs-DR-P2-6
Opening Player-Data//16-DR-64/Inputs-DR-P3-6
Opening Player-Data//16-DR-64/Inputs-DR-P4-6
Opening Player-Data//16-DR-64/Inputs-DR-P5-6
Opening Player-Data//16-DR-64/Inputs-DR-P6-6
Opening Player-Data//16-DR-64/Inputs-DR-P7-6
Opening Player-Data//16-DR-64/Inputs-DR-P8-6
Opening Player-Data//16-DR-64/Inputs-DR-P9-6
Opening Player-Data//16-DR-64/Inputs-DR-P10-6
Opening Player-Data//16-DR-64/Inputs-DR-P11-6
Opening Player-Data//16-DR-64/Inputs-DR-P12-6
Opening Player-Data//16-DR-64/Inputs-DR-P13-6
Opening Player-Data//16-DR-64/Inputs-DR-P14-6
Opening Player-Data//16-DR-64/Inputs-DR-P15-6
Opening Player-Data//16-DR-64/Inputs-DR-P0-7
Opening Player-Data//16-DR-64/Inputs-DR-P1-7
Opening Player-Data//16-DR-64/Inputs-DR-P2-7
Opening Player-Data//16-DR-64/Inputs-DR-P3-7
Opening Player-Data//16-DR-64/Inputs-DR-P4-7
Opening Player-Data//16-DR-64/Inputs-DR-P5-7
Opening Player-Data//16-DR-64/Inputs-DR-P6-7
Opening Player-Data//16-DR-64/Inputs-DR-P7-7
Opening Player-Data//16-DR-64/Inputs-DR-P8-7
Opening Player-Data//16-DR-64/Inputs-DR-P9-7
Opening Player-Data//16-DR-64/Inputs-DR-P10-7
Opening Player-Data//16-DR-64/Inputs-DR-P11-7
Opening Player-Data//16-DR-64/Inputs-DR-P12-7
Opening Player-Data//16-DR-64/Inputs-DR-P13-7
Opening Player-Data//16-DR-64/Inputs-DR-P14-7
Opening Player-Data//16-DR-64/Inputs-DR-P15-7
Opening Player-Data//16-DR-64/Inputs-DR-P0-8
Opening Player-Data//16-DR-64/Inputs-DR-P1-8
Opening Player-Data//16-DR-64/Inputs-DR-P2-8
Opening Player-Data//16-DR-64/Inputs-DR-P3-8
Opening Player-Data//16-DR-64/Inputs-DR-P4-8
Opening Player-Data//16-DR-64/Inputs-DR-P5-8
Opening Player-Data//16-DR-64/Inputs-DR-P6-8
Opening Player-Data//16-DR-64/Inputs-DR-P7-8
Opening Player-Data//16-DR-64/Inputs-DR-P8-8
Opening Player-Data//16-DR-64/Inputs-DR-P9-8
Opening Player-Data//16-DR-64/Inputs-DR-P10-8
Opening Player-Data//16-DR-64/Inputs-DR-P11-8
Opening Player-Data//16-DR-64/Inputs-DR-P12-8
Opening Player-Data//16-DR-64/Inputs-DR-P13-8
Opening Player-Data//16-DR-64/Inputs-DR-P14-8
Opening Player-Data//16-DR-64/Inputs-DR-P15-8
Opening Player-Data//16-DR-64/Inputs-DR-P0-9
Opening Player-Data//16-DR-64/Inputs-DR-P1-9
Opening Player-Data//16-DR-64/Inputs-DR-P2-9
Opening Player-Data//16-DR-64/Inputs-DR-P3-9
Opening Player-Data//16-DR-64/Inputs-DR-P4-9
Opening Player-Data//16-DR-64/Inputs-DR-P5-9
Opening Player-Data//16-DR-64/Inputs-DR-P6-9
Opening Player-Data//16-DR-64/Inputs-DR-P7-9
Opening Player-Data//16-DR-64/Inputs-DR-P8-9
Opening Player-Data//16-DR-64/Inputs-DR-P9-9
Opening Player-Data//16-DR-64/Inputs-DR-P10-9
Opening Player-Data//16-DR-64/Inputs-DR-P11-9
Opening Player-Data//16-DR-64/Inputs-DR-P12-9
Opening Player-Data//16-DR-64/Inputs-DR-P13-9
Opening Player-Data//16-DR-64/Inputs-DR-P14-9
Opening Player-Data//16-DR-64/Inputs-DR-P15-9
Opening Player-Data//16-DR-64/Inputs-DR-P0-10
Opening Player-Data//16-DR-64/Inputs-DR-P1-10
Opening Player-Data//16-DR-64/Inputs-DR-P2-10
Opening Player-Data//16-DR-64/Inputs-DR-P3-10
Opening Player-Data//16-DR-64/Inputs-DR-P4-10
Opening Player-Data//16-DR-64/Inputs-DR-P5-10
Opening Player-Data//16-DR-64/Inputs-DR-P6-10
Opening Player-Data//16-DR-64/Inputs-DR-P7-10
Opening Player-Data//16-DR-64/Inputs-DR-P8-10
Opening Player-Data//16-DR-64/Inputs-DR-P9-10
Opening Player-Data//16-DR-64/Inputs-DR-P10-10
Opening Player-Data//16-DR-64/Inputs-DR-P11-10
Opening Player-Data//16-DR-64/Inputs-DR-P12-10
Opening Player-Data//16-DR-64/Inputs-DR-P13-10
Opening Player-Data//16-DR-64/Inputs-DR-P14-10
Opening Player-Data//16-DR-64/Inputs-DR-P15-10
Opening Player-Data//16-DR-64/Inputs-DR-P0-11
Opening Player-Data//16-DR-64/Inputs-DR-P1-11
Opening Player-Data//16-DR-64/Inputs-DR-P2-11
Opening Player-Data//16-DR-64/Inputs-DR-P3-11
Opening Player-Data//16-DR-64/Inputs-DR-P4-11
Opening Player-Data//16-DR-64/Inputs-DR-P5-11
Opening Player-Data//16-DR-64/Inputs-DR-P6-11
Opening Player-Data//16-DR-64/Inputs-DR-P7-11
Opening Player-Data//16-DR-64/Inputs-DR-P8-11
Opening Player-Data//16-DR-64/Inputs-DR-P9-11
Opening Player-Data//16-DR-64/Inputs-DR-P10-11
Opening Player-Data//16-DR-64/Inputs-DR-P11-11
Opening Player-Data//16-DR-64/Inputs-DR-P12-11
Opening Player-Data//16-DR-64/Inputs-DR-P13-11
Opening Player-Data//16-DR-64/Inputs-DR-P14-11
Opening Player-Data//16-DR-64/Inputs-DR-P15-11
Opening Player-Data//16-DR-64/Inputs-DR-P0-12
Opening Player-Data//16-DR-64/Inputs-DR-P1-12
Opening Player-Data//16-DR-64/Inputs-DR-P2-12
Opening Player-Data//16-DR-64/Inputs-DR-P3-12
Opening Player-Data//16-DR-64/Inputs-DR-P4-12
Opening Player-Data//16-DR-64/Inputs-DR-P5-12
Opening Player-Data//16-DR-64/Inputs-DR-P6-12
Opening Player-Data//16-DR-64/Inputs-DR-P7-12
Opening Player-Data//16-DR-64/Inputs-DR-P8-12
Opening Player-Data//16-DR-64/Inputs-DR-P9-12
Opening Player-Data//16-DR-64/Inputs-DR-P10-12
Opening Player-Data//16-DR-64/Inputs-DR-P11-12
Opening Player-Data//16-DR-64/Inputs-DR-P12-12
Opening Player-Data//16-DR-64/Inputs-DR-P13-12
Opening Player-Data//16-DR-64/Inputs-DR-P14-12
Opening Player-Data//16-DR-64/Inputs-DR-P15-12
Opening Player-Data//16-DR-64/Inputs-DR-P0-13
Opening Player-Data//16-DR-64/Inputs-DR-P1-13
Opening Player-Data//16-DR-64/Inputs-DR-P2-13
Opening Player-Data//16-DR-64/Inputs-DR-P3-13
Opening Player-Data//16-DR-64/Inputs-DR-P4-13
Opening Player-Data//16-DR-64/Inputs-DR-P5-13
Opening Player-Data//16-DR-64/Inputs-DR-P6-13
Opening Player-Data//16-DR-64/Inputs-DR-P7-13
Opening Player-Data//16-DR-64/Inputs-DR-P8-13
Opening Player-Data//16-DR-64/Inputs-DR-P9-13
Opening Player-Data//16-DR-64/Inputs-DR-P10-13
Opening Player-Data//16-DR-64/Inputs-DR-P11-13
Opening Player-Data//16-DR-64/Inputs-DR-P12-13
Opening Player-Data//16-DR-64/Inputs-DR-P13-13
Opening Player-Data//16-DR-64/Inputs-DR-P14-13
Opening Player-Data//16-DR-64/Inputs-DR-P15-13
Opening Player-Data//16-DR-64/Inputs-DR-P0-14
Opening Player-Data//16-DR-64/Inputs-DR-P1-14
Opening Player-Data//16-DR-64/Inputs-DR-P2-14
Opening Player-Data//16-DR-64/Inputs-DR-P3-14
Opening Player-Data//16-DR-64/Inputs-DR-P4-14
Opening Player-Data//16-DR-64/Inputs-DR-P5-14
Opening Player-Data//16-DR-64/Inputs-DR-P6-14
Opening Player-Data//16-DR-64/Inputs-DR-P7-14
Opening Player-Data//16-DR-64/Inputs-DR-P8-14
Opening Player-Data//16-DR-64/Inputs-DR-P9-14
Opening Player-Data//16-DR-64/Inputs-DR-P10-14
Opening Player-Data//16-DR-64/Inputs-DR-P11-14
Opening Player-Data//16-DR-64/Inputs-DR-P12-14
Opening Player-Data//16-DR-64/Inputs-DR-P13-14
Opening Player-Data//16-DR-64/Inputs-DR-P14-14
Opening Player-Data//16-DR-64/Inputs-DR-P15-14
Opening Player-Data//16-DR-64/Inputs-DR-P0-15
Opening Player-Data//16-DR-64/Inputs-DR-P1-15
Opening Player-Data//16-DR-64/Inputs-DR-P2-15
Opening Player-Data//16-DR-64/Inputs-DR-P3-15
Opening Player-Data//16-DR-64/Inputs-DR-P4-15
Opening Player-Data//16-DR-64/Inputs-DR-P5-15
Opening Player-Data//16-DR-64/Inputs-DR-P6-15
Opening Player-Data//16-DR-64/Inputs-DR-P7-15
Opening Player-Data//16-DR-64/Inputs-DR-P8-15
Opening Player-Data//16-DR-64/Inputs-DR-P9-15
Opening Player-Data//16-DR-64/Inputs-DR-P10-15
Opening Player-Data//16-DR-64/Inputs-DR-P11-15
Opening Player-Data//16-DR-64/Inputs-DR-P12-15
Opening Player-Data//16-DR-64/Inputs-DR-P13-15
Opening Player-Data//16-DR-64/Inputs-DR-P14-15
Opening Player-Data//16-DR-64/Inputs-DR-P15-15
Opening Player-Data//16-DR-64/Squares-DR-P0
Opening Player-Data//16-DR-64/Squares-DR-P1
Opening Player-Data//16-DR-64/Squares-DR-P2
Opening Player-Data//16-DR-64/Squares-DR-P3
Opening Player-Data//16-DR-64/Squares-DR-P4
Opening Player-Data//16-DR-64/Squares-DR-P5
Opening Player-Data//16-DR-64/Squares-DR-P6
Opening Player-Data//16-DR-64/Squares-DR-P7
Opening Player-Data//16-DR-64/Squares-DR-P8
Opening Player-Data//16-DR-64/Squares-DR-P9
Opening Player-Data//16-DR-64/Squares-DR-P10
Opening Player-Data//16-DR-64/Squares-DR-P11
Opening Player-Data//16-DR-64/Squares-DR-P12
Opening Player-Data//16-DR-64/Squares-DR-P13
Opening Player-Data//16-DR-64/Squares-DR-P14
Opening Player-Data//16-DR-64/Squares-DR-P15
Opening Player-Data//16-DR-64/daBits-DR-P0
Opening Player-Data//16-DR-64/daBits-DR-P1
Opening Player-Data//16-DR-64/daBits-DR-P2
Opening Player-Data//16-DR-64/daBits-DR-P3
Opening Player-Data//16-DR-64/daBits-DR-P4
Opening Player-Data//16-DR-64/daBits-DR-P5
Opening Player-Data//16-DR-64/daBits-DR-P6
Opening Player-Data//16-DR-64/daBits-DR-P7
Opening Player-Data//16-DR-64/daBits-DR-P8
Opening Player-Data//16-DR-64/daBits-DR-P9
Opening Player-Data//16-DR-64/daBits-DR-P10
Opening Player-Data//16-DR-64/daBits-DR-P11
Opening Player-Data//16-DR-64/daBits-DR-P12
Opening Player-Data//16-DR-64/daBits-DR-P13
Opening Player-Data//16-DR-64/daBits-DR-P14
Opening Player-Data//16-DR-64/daBits-DR-P15
Opening Player-Data//16-DDR-64/Triples-DDR-P0
Opening Player-Data//16-DDR-64/Triples-DDR-P1
Opening Player-Data//16-DDR-64/Triples-DDR-P2
Opening Player-Data//16-DDR-64/Triples-DDR-P3
Opening Player-Data//16-DDR-64/Triples-DDR-P4
Opening Player-Data//16-DDR-64/Triples-DDR-P5
Opening Player-Data//16-DDR-64/Triples-DDR-P6
Opening Player-Data//16-DDR-64/Triples-DDR-P7
Opening Player-Data//16-DDR-64/Triples-DDR-P8
Opening Player-Data//16-DDR-64/Triples-DDR-P9
Opening Player-Data//16-DDR-64/Triples-DDR-P10
Opening Player-Data//16-DDR-64/Triples-DDR-P11
Opening Player-Data//16-DDR-64/Triples-DDR-P12
Opening Player-Data//16-DDR-64/Triples-DDR-P13
Opening Player-Data//16-DDR-64/Triples-DDR-P14
Opening Player-Data//16-DDR-64/Triples-DDR-P15
Opening Player-Data//16-DDR-64/Bits-DDR-P0
Opening Player-Data//16-DDR-64/Bits-DDR-P1
Opening Player-Data//16-DDR-64/Bits-DDR-P2
Opening Player-Data//16-DDR-64/Bits-DDR-P3
Opening Player-Data//16-DDR-64/Bits-DDR-P4
Opening Player-Data//16-DDR-64/Bits-DDR-P5
Opening Player-Data//16-DDR-64/Bits-DDR-P6
Opening Player-Data//16-DDR-64/Bits-DDR-P7
Opening Player-Data//16-DDR-64/Bits-DDR-P8
Opening Player-Data//16-DDR-64/Bits-DDR-P9
Opening Player-Data//16-DDR-64/Bits-DDR-P10
Opening Player-Data//16-DDR-64/Bits-DDR-P11
Opening Player-Data//16-DDR-64/Bits-DDR-P12
Opening Player-Data//16-DDR-64/Bits-DDR-P13
Opening Player-Data//16-DDR-64/Bits-DDR-P14
Opening Player-Data//16-DDR-64/Bits-DDR-P15
Opening Player-Data//16-DDR-64/Inputs-DDR-P0-0
Opening Player-Data//16-DDR-64/Inputs-DDR-P1-0
Opening Player-Data//16-DDR-64/Inputs-DDR-P2-0
Opening Player-Data//16-DDR-64/Inputs-DDR-P3-0
Opening Player-Data//16-DDR-64/Inputs-DDR-P4-0
Opening Player-Data//16-DDR-64/Inputs-DDR-P5-0
Opening Player-Data//16-DDR-64/Inputs-DDR-P6-0
Opening Player-Data//16-DDR-64/Inputs-DDR-P7-0
Opening Player-Data//16-DDR-64/Inputs-DDR-P8-0
Opening Player-Data//16-DDR-64/Inputs-DDR-P9-0
Opening Player-Data//16-DDR-64/Inputs-DDR-P10-0
Opening Player-Data//16-DDR-64/Inputs-DDR-P11-0
Opening Player-Data//16-DDR-64/Inputs-DDR-P12-0
Opening Player-Data//16-DDR-64/Inputs-DDR-P13-0
Opening Player-Data//16-DDR-64/Inputs-DDR-P14-0
Opening Player-Data//16-DDR-64/Inputs-DDR-P15-0
Opening Player-Data//16-DDR-64/Inputs-DDR-P0-1
Opening Player-Data//16-DDR-64/Inputs-DDR-P1-1
Opening Player-Data//16-DDR-64/Inputs-DDR-P2-1
Opening Player-Data//16-DDR-64/Inputs-DDR-P3-1
Opening Player-Data//16-DDR-64/Inputs-DDR-P4-1
Opening Player-Data//16-DDR-64/Inputs-DDR-P5-1
Opening Player-Data//16-DDR-64/Inputs-DDR-P6-1
Opening Player-Data//16-DDR-64/Inputs-DDR-P7-1
Opening Player-Data//16-DDR-64/Inputs-DDR-P8-1
Opening Player-Data//16-DDR-64/Inputs-DDR-P9-1
Opening Player-Data//16-DDR-64/Inputs-DDR-P10-1
Opening Player-Data//16-DDR-64/Inputs-DDR-P11-1
Opening Player-Data//16-DDR-64/Inputs-DDR-P12-1
Opening Player-Data//16-DDR-64/Inputs-DDR-P13-1
Opening Player-Data//16-DDR-64/Inputs-DDR-P14-1
Opening Player-Data//16-DDR-64/Inputs-DDR-P15-1
Opening Player-Data//16-DDR-64/Inputs-DDR-P0-2
Opening Player-Data//16-DDR-64/Inputs-DDR-P1-2
Opening Player-Data//16-DDR-64/Inputs-DDR-P2-2
Opening Player-Data//16-DDR-64/Inputs-DDR-P3-2
Opening Player-Data//16-DDR-64/Inputs-DDR-P4-2
Opening Player-Data//16-DDR-64/Inputs-DDR-P5-2
Opening Player-Data//16-DDR-64/Inputs-DDR-P6-2
Opening Player-Data//16-DDR-64/Inputs-DDR-P7-2
Opening Player-Data//16-DDR-64/Inputs-DDR-P8-2
Opening Player-Data//16-DDR-64/Inputs-DDR-P9-2
Opening Player-Data//16-DDR-64/Inputs-DDR-P10-2
Opening Player-Data//16-DDR-64/Inputs-DDR-P11-2
Opening Player-Data//16-DDR-64/Inputs-DDR-P12-2
Opening Player-Data//16-DDR-64/Inputs-DDR-P13-2
Opening Player-Data//16-DDR-64/Inputs-DDR-P14-2
Opening Player-Data//16-DDR-64/Inputs-DDR-P15-2
Opening Player-Data//16-DDR-64/Inputs-DDR-P0-3
Opening Player-Data//16-DDR-64/Inputs-DDR-P1-3
Opening Player-Data//16-DDR-64/Inputs-DDR-P2-3
Opening Player-Data//16-DDR-64/Inputs-DDR-P3-3
Opening Player-Data//16-DDR-64/Inputs-DDR-P4-3
Opening Player-Data//16-DDR-64/Inputs-DDR-P5-3
Opening Player-Data//16-DDR-64/Inputs-DDR-P6-3
Opening Player-Data//16-DDR-64/Inputs-DDR-P7-3
Opening Player-Data//16-DDR-64/Inputs-DDR-P8-3
Opening Player-Data//16-DDR-64/Inputs-DDR-P9-3
Opening Player-Data//16-DDR-64/Inputs-DDR-P10-3
Opening Player-Data//16-DDR-64/Inputs-DDR-P11-3
Opening Player-Data//16-DDR-64/Inputs-DDR-P12-3
Opening Player-Data//16-DDR-64/Inputs-DDR-P13-3
Opening Player-Data//16-DDR-64/Inputs-DDR-P14-3
Opening Player-Data//16-DDR-64/Inputs-DDR-P15-3
Opening Player-Data//16-DDR-64/Inputs-DDR-P0-4
Opening Player-Data//16-DDR-64/Inputs-DDR-P1-4
Opening Player-Data//16-DDR-64/Inputs-DDR-P2-4
Opening Player-Data//16-DDR-64/Inputs-DDR-P3-4
Opening Player-Data//16-DDR-64/Inputs-DDR-P4-4
Opening Player-Data//16-DDR-64/Inputs-DDR-P5-4
Opening Player-Data//16-DDR-64/Inputs-DDR-P6-4
Opening Player-Data//16-DDR-64/Inputs-DDR-P7-4
Opening Player-Data//16-DDR-64/Inputs-DDR-P8-4
Opening Player-Data//16-DDR-64/Inputs-DDR-P9-4
Opening Player-Data//16-DDR-64/Inputs-DDR-P10-4
Opening Player-Data//16-DDR-64/Inputs-DDR-P11-4
Opening Player-Data//16-DDR-64/Inputs-DDR-P12-4
Opening Player-Data//16-DDR-64/Inputs-DDR-P13-4
Opening Player-Data//16-DDR-64/Inputs-DDR-P14-4
Opening Player-Data//16-DDR-64/Inputs-DDR-P15-4
Opening Player-Data//16-DDR-64/Inputs-DDR-P0-5
Opening Player-Data//16-DDR-64/Inputs-DDR-P1-5
Opening Player-Data//16-DDR-64/Inputs-DDR-P2-5
Opening Player-Data//16-DDR-64/Inputs-DDR-P3-5
Opening Player-Data//16-DDR-64/Inputs-DDR-P4-5
Opening Player-Data//16-DDR-64/Inputs-DDR-P5-5
Opening Player-Data//16-DDR-64/Inputs-DDR-P6-5
Opening Player-Data//16-DDR-64/Inputs-DDR-P7-5
Opening Player-Data//16-DDR-64/Inputs-DDR-P8-5
Opening Player-Data//16-DDR-64/Inputs-DDR-P9-5
Opening Player-Data//16-DDR-64/Inputs-DDR-P10-5
Opening Player-Data//16-DDR-64/Inputs-DDR-P11-5
Opening Player-Data//16-DDR-64/Inputs-DDR-P12-5
Opening Player-Data//16-DDR-64/Inputs-DDR-P13-5
Opening Player-Data//16-DDR-64/Inputs-DDR-P14-5
Opening Player-Data//16-DDR-64/Inputs-DDR-P15-5
Opening Player-Data//16-DDR-64/Inputs-DDR-P0-6
Opening Player-Data//16-DDR-64/Inputs-DDR-P1-6
Opening Player-Data//16-DDR-64/Inputs-DDR-P2-6
Opening Player-Data//16-DDR-64/Inputs-DDR-P3-6
Opening Player-Data//16-DDR-64/Inputs-DDR-P4-6
Opening Player-Data//16-DDR-64/Inputs-DDR-P5-6
Opening Player-Data//16-DDR-64/Inputs-DDR-P6-6
Opening Player-Data//16-DDR-64/Inputs-DDR-P7-6
Opening Player-Data//16-DDR-64/Inputs-DDR-P8-6
Opening Player-Data//16-DDR-64/Inputs-DDR-P9-6
Opening Player-Data//16-DDR-64/Inputs-DDR-P10-6
Opening Player-Data//16-DDR-64/Inputs-DDR-P11-6
Opening Player-Data//16-DDR-64/Inputs-DDR-P12-6
Opening Player-Data//16-DDR-64/Inputs-DDR-P13-6
Opening Player-Data//16-DDR-64/Inputs-DDR-P14-6
Opening Player-Data//16-DDR-64/Inputs-DDR-P15-6
Opening Player-Data//16-DDR-64/Inputs-DDR-P0-7
Opening Player-Data//16-DDR-64/Inputs-DDR-P1-7
Opening Player-Data//16-DDR-64/Inputs-DDR-P2-7
Opening Player-Data//16-DDR-64/Inputs-DDR-P3-7
Opening Player-Data//16-DDR-64/Inputs-DDR-P4-7
Opening Player-Data//16-DDR-64/Inputs-DDR-P5-7
Opening Player-Data//16-DDR-64/Inputs-DDR-P6-7
Opening Player-Data//16-DDR-64/Inputs-DDR-P7-7
Opening Player-Data//16-DDR-64/Inputs-DDR-P8-7
Opening Player-Data//16-DDR-64/Inputs-DDR-P9-7
Opening Player-Data//16-DDR-64/Inputs-DDR-P10-7
Opening Player-Data//16-DDR-64/Inputs-DDR-P11-7
Opening Player-Data//16-DDR-64/Inputs-DDR-P12-7
Opening Player-Data//16-DDR-64/Inputs-DDR-P13-7
Opening Player-Data//16-DDR-64/Inputs-DDR-P14-7
Opening Player-Data//16-DDR-64/Inputs-DDR-P15-7
Opening Player-Data//16-DDR-64/Inputs-DDR-P0-8
Opening Player-Data//16-DDR-64/Inputs-DDR-P1-8
Opening Player-Data//16-DDR-64/Inputs-DDR-P2-8
Opening Player-Data//16-DDR-64/Inputs-DDR-P3-8
Opening Player-Data//16-DDR-64/Inputs-DDR-P4-8
Opening Player-Data//16-DDR-64/Inputs-DDR-P5-8
Opening Player-Data//16-DDR-64/Inputs-DDR-P6-8
Opening Player-Data//16-DDR-64/Inputs-DDR-P7-8
Opening Player-Data//16-DDR-64/Inputs-DDR-P8-8
Opening Player-Data//16-DDR-64/Inputs-DDR-P9-8
Opening Player-Data//16-DDR-64/Inputs-DDR-P10-8
Opening Player-Data//16-DDR-64/Inputs-DDR-P11-8
Opening Player-Data//16-DDR-64/Inputs-DDR-P12-8
Opening Player-Data//16-DDR-64/Inputs-DDR-P13-8
Opening Player-Data//16-DDR-64/Inputs-DDR-P14-8
Opening Player-Data//16-DDR-64/Inputs-DDR-P15-8
Opening Player-Data//16-DDR-64/Inputs-DDR-P0-9
Opening Player-Data//16-DDR-64/Inputs-DDR-P1-9
Opening Player-Data//16-DDR-64/Inputs-DDR-P2-9
Opening Player-Data//16-DDR-64/Inputs-DDR-P3-9
Opening Player-Data//16-DDR-64/Inputs-DDR-P4-9
Opening Player-Data//16-DDR-64/Inputs-DDR-P5-9
Opening Player-Data//16-DDR-64/Inputs-DDR-P6-9
Opening Player-Data//16-DDR-64/Inputs-DDR-P7-9
Opening Player-Data//16-DDR-64/Inputs-DDR-P8-9
Opening Player-Data//16-DDR-64/Inputs-DDR-P9-9
Opening Player-Data//16-DDR-64/Inputs-DDR-P10-9
Opening Player-Data//16-DDR-64/Inputs-DDR-P11-9
Opening Player-Data//16-DDR-64/Inputs-DDR-P12-9
Opening Player-Data//16-DDR-64/Inputs-DDR-P13-9
Opening Player-Data//16-DDR-64/Inputs-DDR-P14-9
Opening Player-Data//16-DDR-64/Inputs-DDR-P15-9
Opening Player-Data//16-DDR-64/Inputs-DDR-P0-10
Opening Player-Data//16-DDR-64/Inputs-DDR-P1-10
Opening Player-Data//16-DDR-64/Inputs-DDR-P2-10
Opening Player-Data//16-DDR-64/Inputs-DDR-P3-10
Opening Player-Data//16-DDR-64/Inputs-DDR-P4-10
Opening Player-Data//16-DDR-64/Inputs-DDR-P5-10
Opening Player-Data//16-DDR-64/Inputs-DDR-P6-10
Opening Player-Data//16-DDR-64/Inputs-DDR-P7-10
Opening Player-Data//16-DDR-64/Inputs-DDR-P8-10
Opening Player-Data//16-DDR-64/Inputs-DDR-P9-10
Opening Player-Data//16-DDR-64/Inputs-DDR-P10-10
Opening Player-Data//16-DDR-64/Inputs-DDR-P11-10
Opening Player-Data//16-DDR-64/Inputs-DDR-P12-10
Opening Player-Data//16-DDR-64/Inputs-DDR-P13-10
Opening Player-Data//16-DDR-64/Inputs-DDR-P14-10
Opening Player-Data//16-DDR-64/Inputs-DDR-P15-10
Opening Player-Data//16-DDR-64/Inputs-DDR-P0-11
Opening Player-Data//16-DDR-64/Inputs-DDR-P1-11
Opening Player-Data//16-DDR-64/Inputs-DDR-P2-11
Opening Player-Data//16-DDR-64/Inputs-DDR-P3-11
Opening Player-Data//16-DDR-64/Inputs-DDR-P4-11
Opening Player-Data//16-DDR-64/Inputs-DDR-P5-11
Opening Player-Data//16-DDR-64/Inputs-DDR-P6-11
Opening Player-Data//16-DDR-64/Inputs-DDR-P7-11
Opening Player-Data//16-DDR-64/Inputs-DDR-P8-11
Opening Player-Data//16-DDR-64/Inputs-DDR-P9-11
Opening Player-Data//16-DDR-64/Inputs-DDR-P10-11
Opening Player-Data//16-DDR-64/Inputs-DDR-P11-11
Opening Player-Data//16-DDR-64/Inputs-DDR-P12-11
Opening Player-Data//16-DDR-64/Inputs-DDR-P13-11
Opening Player-Data//16-DDR-64/Inputs-DDR-P14-11
Opening Player-Data//16-DDR-64/Inputs-DDR-P15-11
Opening Player-Data//16-DDR-64/Inputs-DDR-P0-12
Opening Player-Data//16-DDR-64/Inputs-DDR-P1-12
Opening Player-Data//16-DDR-64/Inputs-DDR-P2-12
Opening Player-Data//16-DDR-64/Inputs-DDR-P3-12
Opening Player-Data//16-DDR-64/Inputs-DDR-P4-12
Opening Player-Data//16-DDR-64/Inputs-DDR-P5-12
Opening Player-Data//16-DDR-64/Inputs-DDR-P6-12
Opening Player-Data//16-DDR-64/Inputs-DDR-P7-12
Opening Player-Data//16-DDR-64/Inputs-DDR-P8-12
Opening Player-Data//16-DDR-64/Inputs-DDR-P9-12
Opening Player-Data//16-DDR-64/Inputs-DDR-P10-12
Opening Player-Data//16-DDR-64/Inputs-DDR-P11-12
Opening Player-Data//16-DDR-64/Inputs-DDR-P12-12
Opening Player-Data//16-DDR-64/Inputs-DDR-P13-12
Opening Player-Data//16-DDR-64/Inputs-DDR-P14-12
Opening Player-Data//16-DDR-64/Inputs-DDR-P15-12
Opening Player-Data//16-DDR-64/Inputs-DDR-P0-13
Opening Player-Data//16-DDR-64/Inputs-DDR-P1-13
Opening Player-Data//16-DDR-64/Inputs-DDR-P2-13
Opening Player-Data//16-DDR-64/Inputs-DDR-P3-13
Opening Player-Data//16-DDR-64/Inputs-DDR-P4-13
Opening Player-Data//16-DDR-64/Inputs-DDR-P5-13
Opening Player-Data//16-DDR-64/Inputs-DDR-P6-13
Opening Player-Data//16-DDR-64/Inputs-DDR-P7-13
Opening Player-Data//16-DDR-64/Inputs-DDR-P8-13
Opening Player-Data//16-DDR-64/Inputs-DDR-P9-13
Opening Player-Data//16-DDR-64/Inputs-DDR-P10-13
Opening Player-Data//16-DDR-64/Inputs-DDR-P11-13
Opening Player-Data//16-DDR-64/Inputs-DDR-P12-13
Opening Player-Data//16-DDR-64/Inputs-DDR-P13-13
Opening Player-Data//16-DDR-64/Inputs-DDR-P14-13
Opening Player-Data//16-DDR-64/Inputs-DDR-P15-13
Opening Player-Data//16-DDR-64/Inputs-DDR-P0-14
Opening Player-Data//16-DDR-64/Inputs-DDR-P1-14
Opening Player-Data//16-DDR-64/Inputs-DDR-P2-14
Opening Player-Data//16-DDR-64/Inputs-DDR-P3-14
Opening Player-Data//16-DDR-64/Inputs-DDR-P4-14
Opening Player-Data//16-DDR-64/Inputs-DDR-P5-14
Opening Player-Data//16-DDR-64/Inputs-DDR-P6-14
Opening Player-Data//16-DDR-64/Inputs-DDR-P7-14
Opening Player-Data//16-DDR-64/Inputs-DDR-P8-14
Opening Player-Data//16-DDR-64/Inputs-DDR-P9-14
Opening Player-Data//16-DDR-64/Inputs-DDR-P10-14
Opening Player-Data//16-DDR-64/Inputs-DDR-P11-14
Opening Player-Data//16-DDR-64/Inputs-DDR-P12-14
Opening Player-Data//16-DDR-64/Inputs-DDR-P13-14
Opening Player-Data//16-DDR-64/Inputs-DDR-P14-14
Opening Player-Data//16-DDR-64/Inputs-DDR-P15-14
Opening Player-Data//16-DDR-64/Inputs-DDR-P0-15
Opening Player-Data//16-DDR-64/Inputs-DDR-P1-15
Opening Player-Data//16-DDR-64/Inputs-DDR-P2-15
Opening Player-Data//16-DDR-64/Inputs-DDR-P3-15
Opening Player-Data//16-DDR-64/Inputs-DDR-P4-15
Opening Player-Data//16-DDR-64/Inputs-DDR-P5-15
Opening Player-Data//16-DDR-64/Inputs-DDR-P6-15
Opening Player-Data//16-DDR-64/Inputs-DDR-P7-15
Opening Player-Data//16-DDR-64/Inputs-DDR-P8-15
Opening Player-Data//16-DDR-64/Inputs-DDR-P9-15
Opening Player-Data//16-DDR-64/Inputs-DDR-P10-15
Opening Player-Data//16-DDR-64/Inputs-DDR-P11-15
Opening Player-Data//16-DDR-64/Inputs-DDR-P12-15
Opening Player-Data//16-DDR-64/Inputs-DDR-P13-15
Opening Player-Data//16-DDR-64/Inputs-DDR-P14-15
Opening Player-Data//16-DDR-64/Inputs-DDR-P15-15
Opening Player-Data//16-DDR-64/Squares-DDR-P0
Opening Player-Data//16-DDR-64/Squares-DDR-P1
Opening Player-Data//16-DDR-64/Squares-DDR-P2
Opening Player-Data//16-DDR-64/Squares-DDR-P3
Opening Player-Data//16-DDR-64/Squares-DDR-P4
Opening Player-Data//16-DDR-64/Squares-DDR-P5
Opening Player-Data//16-DDR-64/Squares-DDR-P6
Opening Player-Data//16-DDR-64/Squares-DDR-P7
Opening Player-Data//16-DDR-64/Squares-DDR-P8
Opening Player-Data//16-DDR-64/Squares-DDR-P9
Opening Player-Data//16-DDR-64/Squares-DDR-P10
Opening Player-Data//16-DDR-64/Squares-DDR-P11
Opening Player-Data//16-DDR-64/Squares-DDR-P12
Opening Player-Data//16-DDR-64/Squares-DDR-P13
Opening Player-Data//16-DDR-64/Squares-DDR-P14
Opening Player-Data//16-DDR-64/Squares-DDR-P15
Opening Player-Data//16-DDR-64/daBits-DDR-P0
Opening Player-Data//16-DDR-64/daBits-DDR-P1
Opening Player-Data//16-DDR-64/daBits-DDR-P2
Opening Player-Data//16-DDR-64/daBits-DDR-P3
Opening Player-Data//16-DDR-64/daBits-DDR-P4
Opening Player-Data//16-DDR-64/daBits-DDR-P5
Opening Player-Data//16-DDR-64/daBits-DDR-P6
Opening Player-Data//16-DDR-64/daBits-DDR-P7
Opening Player-Data//16-DDR-64/daBits-DDR-P8
Opening Player-Data//16-DDR-64/daBits-DDR-P9
Opening Player-Data//16-DDR-64/daBits-DDR-P10
Opening Player-Data//16-DDR-64/daBits-DDR-P11
Opening Player-Data//16-DDR-64/daBits-DDR-P12
Opening Player-Data//16-DDR-64/daBits-DDR-P13
Opening Player-Data//16-DDR-64/daBits-DDR-P14
Opening Player-Data//16-DDR-64/daBits-DDR-P15
Opening Player-Data//16-DR-128/Triples-DR-P0
Opening Player-Data//16-DR-128/Triples-DR-P1
Opening Player-Data//16-DR-128/Triples-DR-P2
Opening Player-Data//16-DR-128/Triples-DR-P3
Opening Player-Data//16-DR-128/Triples-DR-P4
Opening Player-Data//16-DR-128/Triples-DR-P5
Opening Player-Data//16-DR-128/Triples-DR-P6
Opening Player-Data//16-DR-128/Triples-DR-P7
Opening Player-Data//16-DR-128/Triples-DR-P8
Opening Player-Data//16-DR-128/Triples-DR-P9
Opening Player-Data//16-DR-128/Triples-DR-P10
Opening Player-Data//16-DR-128/Triples-DR-P11
Opening Player-Data//16-DR-128/Triples-DR-P12
Opening Player-Data//16-DR-128/Triples-DR-P13
Opening Player-Data//16-DR-128/Triples-DR-P14
Opening Player-Data//16-DR-128/Triples-DR-P15
Opening Player-Data//16-DR-128/Bits-DR-P0
Opening Player-Data//16-DR-128/Bits-DR-P1
Opening Player-Data//16-DR-128/Bits-DR-P2
Opening Player-Data//16-DR-128/Bits-DR-P3
Opening Player-Data//16-DR-128/Bits-DR-P4
Opening Player-Data//16-DR-128/Bits-DR-P5
Opening Player-Data//16-DR-128/Bits-DR-P6
Opening Player-Data//16-DR-128/Bits-DR-P7
Opening Player-Data//16-DR-128/Bits-DR-P8
Opening Player-Data//16-DR-128/Bits-DR-P9
Opening Player-Data//16-DR-128/Bits-DR-P10
Opening Player-Data//16-DR-128/Bits-DR-P11
Opening Player-Data//16-DR-128/Bits-DR-P12
Opening Player-Data//16-DR-128/Bits-DR-P13
Opening Player-Data//16-DR-128/Bits-DR-P14
Opening Player-Data//16-DR-128/Bits-DR-P15
Opening Player-Data//16-DR-128/Inputs-DR-P0-0
Opening Player-Data//16-DR-128/Inputs-DR-P1-0
Opening Player-Data//16-DR-128/Inputs-DR-P2-0
Opening Player-Data//16-DR-128/Inputs-DR-P3-0
Opening Player-Data//16-DR-128/Inputs-DR-P4-0
Opening Player-Data//16-DR-128/Inputs-DR-P5-0
Opening Player-Data//16-DR-128/Inputs-DR-P6-0
Opening Player-Data//16-DR-128/Inputs-DR-P7-0
Opening Player-Data//16-DR-128/Inputs-DR-P8-0
Opening Player-Data//16-DR-128/Inputs-DR-P9-0
Opening Player-Data//16-DR-128/Inputs-DR-P10-0
Opening Player-Data//16-DR-128/Inputs-DR-P11-0
Opening Player-Data//16-DR-128/Inputs-DR-P12-0
Opening Player-Data//16-DR-128/Inputs-DR-P13-0
Opening Player-Data//16-DR-128/Inputs-DR-P14-0
Opening Player-Data//16-DR-128/Inputs-DR-P15-0
Opening Player-Data//16-DR-128/Inputs-DR-P0-1
Opening Player-Data//16-DR-128/Inputs-DR-P1-1
Opening Player-Data//16-DR-128/Inputs-DR-P2-1
Opening Player-Data//16-DR-128/Inputs-DR-P3-1
Opening Player-Data//16-DR-128/Inputs-DR-P4-1
Opening Player-Data//16-DR-128/Inputs-DR-P5-1
Opening Player-Data//16-DR-128/Inputs-DR-P6-1
Opening Player-Data//16-DR-128/Inputs-DR-P7-1
Opening Player-Data//16-DR-128/Inputs-DR-P8-1
Opening Player-Data//16-DR-128/Inputs-DR-P9-1
Opening Player-Data//16-DR-128/Inputs-DR-P10-1
Opening Player-Data//16-DR-128/Inputs-DR-P11-1
Opening Player-Data//16-DR-128/Inputs-DR-P12-1
Opening Player-Data//16-DR-128/Inputs-DR-P13-1
Opening Player-Data//16-DR-128/Inputs-DR-P14-1
Opening Player-Data//16-DR-128/Inputs-DR-P15-1
Opening Player-Data//16-DR-128/Inputs-DR-P0-2
Opening Player-Data//16-DR-128/Inputs-DR-P1-2
Opening Player-Data//16-DR-128/Inputs-DR-P2-2
Opening Player-Data//16-DR-128/Inputs-DR-P3-2
Opening Player-Data//16-DR-128/Inputs-DR-P4-2
Opening Player-Data//16-DR-128/Inputs-DR-P5-2
Opening Player-Data//16-DR-128/Inputs-DR-P6-2
Opening Player-Data//16-DR-128/Inputs-DR-P7-2
Opening Player-Data//16-DR-128/Inputs-DR-P8-2
Opening Player-Data//16-DR-128/Inputs-DR-P9-2
Opening Player-Data//16-DR-128/Inputs-DR-P10-2
Opening Player-Data//16-DR-128/Inputs-DR-P11-2
Opening Player-Data//16-DR-128/Inputs-DR-P12-2
Opening Player-Data//16-DR-128/Inputs-DR-P13-2
Opening Player-Data//16-DR-128/Inputs-DR-P14-2
Opening Player-Data//16-DR-128/Inputs-DR-P15-2
Opening Player-Data//16-DR-128/Inputs-DR-P0-3
Opening Player-Data//16-DR-128/Inputs-DR-P1-3
Opening Player-Data//16-DR-128/Inputs-DR-P2-3
Opening Player-Data//16-DR-128/Inputs-DR-P3-3
Opening Player-Data//16-DR-128/Inputs-DR-P4-3
Opening Player-Data//16-DR-128/Inputs-DR-P5-3
Opening Player-Data//16-DR-128/Inputs-DR-P6-3
Opening Player-Data//16-DR-128/Inputs-DR-P7-3
Opening Player-Data//16-DR-128/Inputs-DR-P8-3
Opening Player-Data//16-DR-128/Inputs-DR-P9-3
Opening Player-Data//16-DR-128/Inputs-DR-P10-3
Opening Player-Data//16-DR-128/Inputs-DR-P11-3
Opening Player-Data//16-DR-128/Inputs-DR-P12-3
Opening Player-Data//16-DR-128/Inputs-DR-P13-3
Opening Player-Data//16-DR-128/Inputs-DR-P14-3
Opening Player-Data//16-DR-128/Inputs-DR-P15-3
Opening Player-Data//16-DR-128/Inputs-DR-P0-4
Opening Player-Data//16-DR-128/Inputs-DR-P1-4
Opening Player-Data//16-DR-128/Inputs-DR-P2-4
Opening Player-Data//16-DR-128/Inputs-DR-P3-4
Opening Player-Data//16-DR-128/Inputs-DR-P4-4
Opening Player-Data//16-DR-128/Inputs-DR-P5-4
Opening Player-Data//16-DR-128/Inputs-DR-P6-4
Opening Player-Data//16-DR-128/Inputs-DR-P7-4
Opening Player-Data//16-DR-128/Inputs-DR-P8-4
Opening Player-Data//16-DR-128/Inputs-DR-P9-4
Opening Player-Data//16-DR-128/Inputs-DR-P10-4
Opening Player-Data//16-DR-128/Inputs-DR-P11-4
Opening Player-Data//16-DR-128/Inputs-DR-P12-4
Opening Player-Data//16-DR-128/Inputs-DR-P13-4
Opening Player-Data//16-DR-128/Inputs-DR-P14-4
Opening Player-Data//16-DR-128/Inputs-DR-P15-4
Opening Player-Data//16-DR-128/Inputs-DR-P0-5
Opening Player-Data//16-DR-128/Inputs-DR-P1-5
Opening Player-Data//16-DR-128/Inputs-DR-P2-5
Opening Player-Data//16-DR-128/Inputs-DR-P3-5
Opening Player-Data//16-DR-128/Inputs-DR-P4-5
Opening Player-Data//16-DR-128/Inputs-DR-P5-5
Opening Player-Data//16-DR-128/Inputs-DR-P6-5
Opening Player-Data//16-DR-128/Inputs-DR-P7-5
Opening Player-Data//16-DR-128/Inputs-DR-P8-5
Opening Player-Data//16-DR-128/Inputs-DR-P9-5
Opening Player-Data//16-DR-128/Inputs-DR-P10-5
Opening Player-Data//16-DR-128/Inputs-DR-P11-5
Opening Player-Data//16-DR-128/Inputs-DR-P12-5
Opening Player-Data//16-DR-128/Inputs-DR-P13-5
Opening Player-Data//16-DR-128/Inputs-DR-P14-5
Opening Player-Data//16-DR-128/Inputs-DR-P15-5
Opening Player-Data//16-DR-128/Inputs-DR-P0-6
Opening Player-Data//16-DR-128/Inputs-DR-P1-6
Opening Player-Data//16-DR-128/Inputs-DR-P2-6
Opening Player-Data//16-DR-128/Inputs-DR-P3-6
Opening Player-Data//16-DR-128/Inputs-DR-P4-6
Opening Player-Data//16-DR-128/Inputs-DR-P5-6
Opening Player-Data//16-DR-128/Inputs-DR-P6-6
Opening Player-Data//16-DR-128/Inputs-DR-P7-6
Opening Player-Data//16-DR-128/Inputs-DR-P8-6
Opening Player-Data//16-DR-128/Inputs-DR-P9-6
Opening Player-Data//16-DR-128/Inputs-DR-P10-6
Opening Player-Data//16-DR-128/Inputs-DR-P11-6
Opening Player-Data//16-DR-128/Inputs-DR-P12-6
Opening Player-Data//16-DR-128/Inputs-DR-P13-6
Opening Player-Data//16-DR-128/Inputs-DR-P14-6
Opening Player-Data//16-DR-128/Inputs-DR-P15-6
Opening Player-Data//16-DR-128/Inputs-DR-P0-7
Opening Player-Data//16-DR-128/Inputs-DR-P1-7
Opening Player-Data//16-DR-128/Inputs-DR-P2-7
Opening Player-Data//16-DR-128/Inputs-DR-P3-7
Opening Player-Data//16-DR-128/Inputs-DR-P4-7
Opening Player-Data//16-DR-128/Inputs-DR-P5-7
Opening Player-Data//16-DR-128/Inputs-DR-P6-7
Opening Player-Data//16-DR-128/Inputs-DR-P7-7
Opening Player-Data//16-DR-128/Inputs-DR-P8-7
Opening Player-Data//16-DR-128/Inputs-DR-P9-7
Opening Player-Data//16-DR-128/Inputs-DR-P10-7
Opening Player-Data//16-DR-128/Inputs-DR-P11-7
Opening Player-Data//16-DR-128/Inputs-DR-P12-7
Opening Player-Data//16-DR-128/Inputs-DR-P13-7
Opening Player-Data//16-DR-128/Inputs-DR-P14-7
Opening Player-Data//16-DR-128/Inputs-DR-P15-7
Opening Player-Data//16-DR-128/Inputs-DR-P0-8
Opening Player-Data//16-DR-128/Inputs-DR-P1-8
Opening Player-Data//16-DR-128/Inputs-DR-P2-8
Opening Player-Data//16-DR-128/Inputs-DR-P3-8
Opening Player-Data//16-DR-128/Inputs-DR-P4-8
Opening Player-Data//16-DR-128/Inputs-DR-P5-8
Opening Player-Data//16-DR-128/Inputs-DR-P6-8
Opening Player-Data//16-DR-128/Inputs-DR-P7-8
Opening Player-Data//16-DR-128/Inputs-DR-P8-8
Opening Player-Data//16-DR-128/Inputs-DR-P9-8
Opening Player-Data//16-DR-128/Inputs-DR-P10-8
Opening Player-Data//16-DR-128/Inputs-DR-P11-8
Opening Player-Data//16-DR-128/Inputs-DR-P12-8
Opening Player-Data//16-DR-128/Inputs-DR-P13-8
Opening Player-Data//16-DR-128/Inputs-DR-P14-8
Opening Player-Data//16-DR-128/Inputs-DR-P15-8
Opening Player-Data//16-DR-128/Inputs-DR-P0-9
Opening Player-Data//16-DR-128/Inputs-DR-P1-9
Opening Player-Data//16-DR-128/Inputs-DR-P2-9
Opening Player-Data//16-DR-128/Inputs-DR-P3-9
Opening Player-Data//16-DR-128/Inputs-DR-P4-9
Opening Player-Data//16-DR-128/Inputs-DR-P5-9
Opening Player-Data//16-DR-128/Inputs-DR-P6-9
Opening Player-Data//16-DR-128/Inputs-DR-P7-9
Opening Player-Data//16-DR-128/Inputs-DR-P8-9
Opening Player-Data//16-DR-128/Inputs-DR-P9-9
Opening Player-Data//16-DR-128/Inputs-DR-P10-9
Opening Player-Data//16-DR-128/Inputs-DR-P11-9
Opening Player-Data//16-DR-128/Inputs-DR-P12-9
Opening Player-Data//16-DR-128/Inputs-DR-P13-9
Opening Player-Data//16-DR-128/Inputs-DR-P14-9
Opening Player-Data//16-DR-128/Inputs-DR-P15-9
Opening Player-Data//16-DR-128/Inputs-DR-P0-10
Opening Player-Data//16-DR-128/Inputs-DR-P1-10
Opening Player-Data//16-DR-128/Inputs-DR-P2-10
Opening Player-Data//16-DR-128/Inputs-DR-P3-10
Opening Player-Data//16-DR-128/Inputs-DR-P4-10
Opening Player-Data//16-DR-128/Inputs-DR-P5-10
Opening Player-Data//16-DR-128/Inputs-DR-P6-10
Opening Player-Data//16-DR-128/Inputs-DR-P7-10
Opening Player-Data//16-DR-128/Inputs-DR-P8-10
Opening Player-Data//16-DR-128/Inputs-DR-P9-10
Opening Player-Data//16-DR-128/Inputs-DR-P10-10
Opening Player-Data//16-DR-128/Inputs-DR-P11-10
Opening Player-Data//16-DR-128/Inputs-DR-P12-10
Opening Player-Data//16-DR-128/Inputs-DR-P13-10
Opening Player-Data//16-DR-128/Inputs-DR-P14-10
Opening Player-Data//16-DR-128/Inputs-DR-P15-10
Opening Player-Data//16-DR-128/Inputs-DR-P0-11
Opening Player-Data//16-DR-128/Inputs-DR-P1-11
Opening Player-Data//16-DR-128/Inputs-DR-P2-11
Opening Player-Data//16-DR-128/Inputs-DR-P3-11
Opening Player-Data//16-DR-128/Inputs-DR-P4-11
Opening Player-Data//16-DR-128/Inputs-DR-P5-11
Opening Player-Data//16-DR-128/Inputs-DR-P6-11
Opening Player-Data//16-DR-128/Inputs-DR-P7-11
Opening Player-Data//16-DR-128/Inputs-DR-P8-11
Opening Player-Data//16-DR-128/Inputs-DR-P9-11
Opening Player-Data//16-DR-128/Inputs-DR-P10-11
Opening Player-Data//16-DR-128/Inputs-DR-P11-11
Opening Player-Data//16-DR-128/Inputs-DR-P12-11
Opening Player-Data//16-DR-128/Inputs-DR-P13-11
Opening Player-Data//16-DR-128/Inputs-DR-P14-11
Opening Player-Data//16-DR-128/Inputs-DR-P15-11
Opening Player-Data//16-DR-128/Inputs-DR-P0-12
Opening Player-Data//16-DR-128/Inputs-DR-P1-12
Opening Player-Data//16-DR-128/Inputs-DR-P2-12
Opening Player-Data//16-DR-128/Inputs-DR-P3-12
Opening Player-Data//16-DR-128/Inputs-DR-P4-12
Opening Player-Data//16-DR-128/Inputs-DR-P5-12
Opening Player-Data//16-DR-128/Inputs-DR-P6-12
Opening Player-Data//16-DR-128/Inputs-DR-P7-12
Opening Player-Data//16-DR-128/Inputs-DR-P8-12
Opening Player-Data//16-DR-128/Inputs-DR-P9-12
Opening Player-Data//16-DR-128/Inputs-DR-P10-12
Opening Player-Data//16-DR-128/Inputs-DR-P11-12
Opening Player-Data//16-DR-128/Inputs-DR-P12-12
Opening Player-Data//16-DR-128/Inputs-DR-P13-12
Opening Player-Data//16-DR-128/Inputs-DR-P14-12
Opening Player-Data//16-DR-128/Inputs-DR-P15-12
Opening Player-Data//16-DR-128/Inputs-DR-P0-13
Opening Player-Data//16-DR-128/Inputs-DR-P1-13
Opening Player-Data//16-DR-128/Inputs-DR-P2-13
Opening Player-Data//16-DR-128/Inputs-DR-P3-13
Opening Player-Data//16-DR-128/Inputs-DR-P4-13
Opening Player-Data//16-DR-128/Inputs-DR-P5-13
Opening Player-Data//16-DR-128/Inputs-DR-P6-13
Opening Player-Data//16-DR-128/Inputs-DR-P7-13
Opening Player-Data//16-DR-128/Inputs-DR-P8-13
Opening Player-Data//16-DR-128/Inputs-DR-P9-13
Opening Player-Data//16-DR-128/Inputs-DR-P10-13
Opening Player-Data//16-DR-128/Inputs-DR-P11-13
Opening Player-Data//16-DR-128/Inputs-DR-P12-13
Opening Player-Data//16-DR-128/Inputs-DR-P13-13
Opening Player-Data//16-DR-128/Inputs-DR-P14-13
Opening Player-Data//16-DR-128/Inputs-DR-P15-13
Opening Player-Data//16-DR-128/Inputs-DR-P0-14
Opening Player-Data//16-DR-128/Inputs-DR-P1-14
Opening Player-Data//16-DR-128/Inputs-DR-P2-14
Opening Player-Data//16-DR-128/Inputs-DR-P3-14
Opening Player-Data//16-DR-128/Inputs-DR-P4-14
Opening Player-Data//16-DR-128/Inputs-DR-P5-14
Opening Player-Data//16-DR-128/Inputs-DR-P6-14
Opening Player-Data//16-DR-128/Inputs-DR-P7-14
Opening Player-Data//16-DR-128/Inputs-DR-P8-14
Opening Player-Data//16-DR-128/Inputs-DR-P9-14
Opening Player-Data//16-DR-128/Inputs-DR-P10-14
Opening Player-Data//16-DR-128/Inputs-DR-P11-14
Opening Player-Data//16-DR-128/Inputs-DR-P12-14
Opening Player-Data//16-DR-128/Inputs-DR-P13-14
Opening Player-Data//16-DR-128/Inputs-DR-P14-14
Opening Player-Data//16-DR-128/Inputs-DR-P15-14
Opening Player-Data//16-DR-128/Inputs-DR-P0-15
Opening Player-Data//16-DR-128/Inputs-DR-P1-15
Opening Player-Data//16-DR-128/Inputs-DR-P2-15
Opening Player-Data//16-DR-128/Inputs-DR-P3-15
Opening Player-Data//16-DR-128/Inputs-DR-P4-15
Opening Player-Data//16-DR-128/Inputs-DR-P5-15
Opening Player-Data//16-DR-128/Inputs-DR-P6-15
Opening Player-Data//16-DR-128/Inputs-DR-P7-15
Opening Player-Data//16-DR-128/Inputs-DR-P8-15
Opening Player-Data//16-DR-128/Inputs-DR-P9-15
Opening Player-Data//16-DR-128/Inputs-DR-P10-15
Opening Player-Data//16-DR-128/Inputs-DR-P11-15
Opening Player-Data//16-DR-128/Inputs-DR-P12-15
Opening Player-Data//16-DR-128/Inputs-DR-P13-15
Opening Player-Data//16-DR-128/Inputs-DR-P14-15
Opening Player-Data//16-DR-128/Inputs-DR-P15-15
Opening Player-Data//16-DR-128/Squares-DR-P0
Opening Player-Data//16-DR-128/Squares-DR-P1
Opening Player-Data//16-DR-128/Squares-DR-P2
Opening Player-Data//16-DR-128/Squares-DR-P3
Opening Player-Data//16-DR-128/Squares-DR-P4
Opening Player-Data//16-DR-128/Squares-DR-P5
Opening Player-Data//16-DR-128/Squares-DR-P6
Opening Player-Data//16-DR-128/Squares-DR-P7
Opening Player-Data//16-DR-128/Squares-DR-P8
Opening Player-Data//16-DR-128/Squares-DR-P9
Opening Player-Data//16-DR-128/Squares-DR-P10
Opening Player-Data//16-DR-128/Squares-DR-P11
Opening Player-Data//16-DR-128/Squares-DR-P12
Opening Player-Data//16-DR-128/Squares-DR-P13
Opening Player-Data//16-DR-128/Squares-DR-P14
Opening Player-Data//16-DR-128/Squares-DR-P15
Opening Player-Data//16-DR-128/daBits-DR-P0
Opening Player-Data//16-DR-128/daBits-DR-P1
Opening Player-Data//16-DR-128/daBits-DR-P2
Opening Player-Data//16-DR-128/daBits-DR-P3
Opening Player-Data//16-DR-128/daBits-DR-P4
Opening Player-Data//16-DR-128/daBits-DR-P5
Opening Player-Data//16-DR-128/daBits-DR-P6
Opening Player-Data//16-DR-128/daBits-DR-P7
Opening Player-Data//16-DR-128/daBits-DR-P8
Opening Player-Data//16-DR-128/daBits-DR-P9
Opening Player-Data//16-DR-128/daBits-DR-P10
Opening Player-Data//16-DR-128/daBits-DR-P11
Opening Player-Data//16-DR-128/daBits-DR-P12
Opening Player-Data//16-DR-128/daBits-DR-P13
Opening Player-Data//16-DR-128/daBits-DR-P14
Opening Player-Data//16-DR-128/daBits-DR-P15
Opening Player-Data//16-DDR-128/Triples-DDR-P0
Opening Player-Data//16-DDR-128/Triples-DDR-P1
Opening Player-Data//16-DDR-128/Triples-DDR-P2
Opening Player-Data//16-DDR-128/Triples-DDR-P3
Opening Player-Data//16-DDR-128/Triples-DDR-P4
Opening Player-Data//16-DDR-128/Triples-DDR-P5
Opening Player-Data//16-DDR-128/Triples-DDR-P6
Opening Player-Data//16-DDR-128/Triples-DDR-P7
Opening Player-Data//16-DDR-128/Triples-DDR-P8
Opening Player-Data//16-DDR-128/Triples-DDR-P9
Opening Player-Data//16-DDR-128/Triples-DDR-P10
Opening Player-Data//16-DDR-128/Triples-DDR-P11
Opening Player-Data//16-DDR-128/Triples-DDR-P12
Opening Player-Data//16-DDR-128/Triples-DDR-P13
Opening Player-Data//16-DDR-128/Triples-DDR-P14
Opening Player-Data//16-DDR-128/Triples-DDR-P15
Opening Player-Data//16-DDR-128/Bits-DDR-P0
Opening Player-Data//16-DDR-128/Bits-DDR-P1
Opening Player-Data//16-DDR-128/Bits-DDR-P2
Opening Player-Data//16-DDR-128/Bits-DDR-P3
Opening Player-Data//16-DDR-128/Bits-DDR-P4
Opening Player-Data//16-DDR-128/Bits-DDR-P5
Opening Player-Data//16-DDR-128/Bits-DDR-P6
Opening Player-Data//16-DDR-128/Bits-DDR-P7
Opening Player-Data//16-DDR-128/Bits-DDR-P8
Opening Player-Data//16-DDR-128/Bits-DDR-P9
Opening Player-Data//16-DDR-128/Bits-DDR-P10
Opening Player-Data//16-DDR-128/Bits-DDR-P11
Opening Player-Data//16-DDR-128/Bits-DDR-P12
Opening Player-Data//16-DDR-128/Bits-DDR-P13
Opening Player-Data//16-DDR-128/Bits-DDR-P14
Opening Player-Data//16-DDR-128/Bits-DDR-P15
Opening Player-Data//16-DDR-128/Inputs-DDR-P0-0
Opening Player-Data//16-DDR-128/Inputs-DDR-P1-0
Opening Player-Data//16-DDR-128/Inputs-DDR-P2-0
Opening Player-Data//16-DDR-128/Inputs-DDR-P3-0
Opening Player-Data//16-DDR-128/Inputs-DDR-P4-0
Opening Player-Data//16-DDR-128/Inputs-DDR-P5-0
Opening Player-Data//16-DDR-128/Inputs-DDR-P6-0
Opening Player-Data//16-DDR-128/Inputs-DDR-P7-0
Opening Player-Data//16-DDR-128/Inputs-DDR-P8-0
Opening Player-Data//16-DDR-128/Inputs-DDR-P9-0
Opening Player-Data//16-DDR-128/Inputs-DDR-P10-0
Opening Player-Data//16-DDR-128/Inputs-DDR-P11-0
Opening Player-Data//16-DDR-128/Inputs-DDR-P12-0
Opening Player-Data//16-DDR-128/Inputs-DDR-P13-0
Opening Player-Data//16-DDR-128/Inputs-DDR-P14-0
Opening Player-Data//16-DDR-128/Inputs-DDR-P15-0
Opening Player-Data//16-DDR-128/Inputs-DDR-P0-1
Opening Player-Data//16-DDR-128/Inputs-DDR-P1-1
Opening Player-Data//16-DDR-128/Inputs-DDR-P2-1
Opening Player-Data//16-DDR-128/Inputs-DDR-P3-1
Opening Player-Data//16-DDR-128/Inputs-DDR-P4-1
Opening Player-Data//16-DDR-128/Inputs-DDR-P5-1
Opening Player-Data//16-DDR-128/Inputs-DDR-P6-1
Opening Player-Data//16-DDR-128/Inputs-DDR-P7-1
Opening Player-Data//16-DDR-128/Inputs-DDR-P8-1
Opening Player-Data//16-DDR-128/Inputs-DDR-P9-1
Opening Player-Data//16-DDR-128/Inputs-DDR-P10-1
Opening Player-Data//16-DDR-128/Inputs-DDR-P11-1
Opening Player-Data//16-DDR-128/Inputs-DDR-P12-1
Opening Player-Data//16-DDR-128/Inputs-DDR-P13-1
Opening Player-Data//16-DDR-128/Inputs-DDR-P14-1
Opening Player-Data//16-DDR-128/Inputs-DDR-P15-1
Opening Player-Data//16-DDR-128/Inputs-DDR-P0-2
Opening Player-Data//16-DDR-128/Inputs-DDR-P1-2
Opening Player-Data//16-DDR-128/Inputs-DDR-P2-2
Opening Player-Data//16-DDR-128/Inputs-DDR-P3-2
Opening Player-Data//16-DDR-128/Inputs-DDR-P4-2
Opening Player-Data//16-DDR-128/Inputs-DDR-P5-2
Opening Player-Data//16-DDR-128/Inputs-DDR-P6-2
Opening Player-Data//16-DDR-128/Inputs-DDR-P7-2
Opening Player-Data//16-DDR-128/Inputs-DDR-P8-2
Opening Player-Data//16-DDR-128/Inputs-DDR-P9-2
Opening Player-Data//16-DDR-128/Inputs-DDR-P10-2
Opening Player-Data//16-DDR-128/Inputs-DDR-P11-2
Opening Player-Data//16-DDR-128/Inputs-DDR-P12-2
Opening Player-Data//16-DDR-128/Inputs-DDR-P13-2
Opening Player-Data//16-DDR-128/Inputs-DDR-P14-2
Opening Player-Data//16-DDR-128/Inputs-DDR-P15-2
Opening Player-Data//16-DDR-128/Inputs-DDR-P0-3
Opening Player-Data//16-DDR-128/Inputs-DDR-P1-3
Opening Player-Data//16-DDR-128/Inputs-DDR-P2-3
Opening Player-Data//16-DDR-128/Inputs-DDR-P3-3
Opening Player-Data//16-DDR-128/Inputs-DDR-P4-3
Opening Player-Data//16-DDR-128/Inputs-DDR-P5-3
Opening Player-Data//16-DDR-128/Inputs-DDR-P6-3
Opening Player-Data//16-DDR-128/Inputs-DDR-P7-3
Opening Player-Data//16-DDR-128/Inputs-DDR-P8-3
Opening Player-Data//16-DDR-128/Inputs-DDR-P9-3
Opening Player-Data//16-DDR-128/Inputs-DDR-P10-3
Opening Player-Data//16-DDR-128/Inputs-DDR-P11-3
Opening Player-Data//16-DDR-128/Inputs-DDR-P12-3
Opening Player-Data//16-DDR-128/Inputs-DDR-P13-3
Opening Player-Data//16-DDR-128/Inputs-DDR-P14-3
Opening Player-Data//16-DDR-128/Inputs-DDR-P15-3
Opening Player-Data//16-DDR-128/Inputs-DDR-P0-4
Opening Player-Data//16-DDR-128/Inputs-DDR-P1-4
Opening Player-Data//16-DDR-128/Inputs-DDR-P2-4
Opening Player-Data//16-DDR-128/Inputs-DDR-P3-4
Opening Player-Data//16-DDR-128/Inputs-DDR-P4-4
Opening Player-Data//16-DDR-128/Inputs-DDR-P5-4
Opening Player-Data//16-DDR-128/Inputs-DDR-P6-4
Opening Player-Data//16-DDR-128/Inputs-DDR-P7-4
Opening Player-Data//16-DDR-128/Inputs-DDR-P8-4
Opening Player-Data//16-DDR-128/Inputs-DDR-P9-4
Opening Player-Data//16-DDR-128/Inputs-DDR-P10-4
Opening Player-Data//16-DDR-128/Inputs-DDR-P11-4
Opening Player-Data//16-DDR-128/Inputs-DDR-P12-4
Opening Player-Data//16-DDR-128/Inputs-DDR-P13-4
Opening Player-Data//16-DDR-128/Inputs-DDR-P14-4
Opening Player-Data//16-DDR-128/Inputs-DDR-P15-4
Opening Player-Data//16-DDR-128/Inputs-DDR-P0-5
Opening Player-Data//16-DDR-128/Inputs-DDR-P1-5
Opening Player-Data//16-DDR-128/Inputs-DDR-P2-5
Opening Player-Data//16-DDR-128/Inputs-DDR-P3-5
Opening Player-Data//16-DDR-128/Inputs-DDR-P4-5
Opening Player-Data//16-DDR-128/Inputs-DDR-P5-5
Opening Player-Data//16-DDR-128/Inputs-DDR-P6-5
Opening Player-Data//16-DDR-128/Inputs-DDR-P7-5
Opening Player-Data//16-DDR-128/Inputs-DDR-P8-5
Opening Player-Data//16-DDR-128/Inputs-DDR-P9-5
Opening Player-Data//16-DDR-128/Inputs-DDR-P10-5
Opening Player-Data//16-DDR-128/Inputs-DDR-P11-5
Opening Player-Data//16-DDR-128/Inputs-DDR-P12-5
Opening Player-Data//16-DDR-128/Inputs-DDR-P13-5
Opening Player-Data//16-DDR-128/Inputs-DDR-P14-5
Opening Player-Data//16-DDR-128/Inputs-DDR-P15-5
Opening Player-Data//16-DDR-128/Inputs-DDR-P0-6
Opening Player-Data//16-DDR-128/Inputs-DDR-P1-6
Opening Player-Data//16-DDR-128/Inputs-DDR-P2-6
Opening Player-Data//16-DDR-128/Inputs-DDR-P3-6
Opening Player-Data//16-DDR-128/Inputs-DDR-P4-6
Opening Player-Data//16-DDR-128/Inputs-DDR-P5-6
Opening Player-Data//16-DDR-128/Inputs-DDR-P6-6
Opening Player-Data//16-DDR-128/Inputs-DDR-P7-6
Opening Player-Data//16-DDR-128/Inputs-DDR-P8-6
Opening Player-Data//16-DDR-128/Inputs-DDR-P9-6
Opening Player-Data//16-DDR-128/Inputs-DDR-P10-6
Opening Player-Data//16-DDR-128/Inputs-DDR-P11-6
Opening Player-Data//16-DDR-128/Inputs-DDR-P12-6
Opening Player-Data//16-DDR-128/Inputs-DDR-P13-6
Opening Player-Data//16-DDR-128/Inputs-DDR-P14-6
Opening Player-Data//16-DDR-128/Inputs-DDR-P15-6
Opening Player-Data//16-DDR-128/Inputs-DDR-P0-7
Opening Player-Data//16-DDR-128/Inputs-DDR-P1-7
Opening Player-Data//16-DDR-128/Inputs-DDR-P2-7
Opening Player-Data//16-DDR-128/Inputs-DDR-P3-7
Opening Player-Data//16-DDR-128/Inputs-DDR-P4-7
Opening Player-Data//16-DDR-128/Inputs-DDR-P5-7
Opening Player-Data//16-DDR-128/Inputs-DDR-P6-7
Opening Player-Data//16-DDR-128/Inputs-DDR-P7-7
Opening Player-Data//16-DDR-128/Inputs-DDR-P8-7
Opening Player-Data//16-DDR-128/Inputs-DDR-P9-7
Opening Player-Data//16-DDR-128/Inputs-DDR-P10-7
Opening Player-Data//16-DDR-128/Inputs-DDR-P11-7
Opening Player-Data//16-DDR-128/Inputs-DDR-P12-7
Opening Player-Data//16-DDR-128/Inputs-DDR-P13-7
Opening Player-Data//16-DDR-128/Inputs-DDR-P14-7
Opening Player-Data//16-DDR-128/Inputs-DDR-P15-7
Opening Player-Data//16-DDR-128/Inputs-DDR-P0-8
Opening Player-Data//16-DDR-128/Inputs-DDR-P1-8
Opening Player-Data//16-DDR-128/Inputs-DDR-P2-8
Opening Player-Data//16-DDR-128/Inputs-DDR-P3-8
Opening Player-Data//16-DDR-128/Inputs-DDR-P4-8
Opening Player-Data//16-DDR-128/Inputs-DDR-P5-8
Opening Player-Data//16-DDR-128/Inputs-DDR-P6-8
Opening Player-Data//16-DDR-128/Inputs-DDR-P7-8
Opening Player-Data//16-DDR-128/Inputs-DDR-P8-8
Opening Player-Data//16-DDR-128/Inputs-DDR-P9-8
Opening Player-Data//16-DDR-128/Inputs-DDR-P10-8
Opening Player-Data//16-DDR-128/Inputs-DDR-P11-8
Opening Player-Data//16-DDR-128/Inputs-DDR-P12-8
Opening Player-Data//16-DDR-128/Inputs-DDR-P13-8
Opening Player-Data//16-DDR-128/Inputs-DDR-P14-8
Opening Player-Data//16-DDR-128/Inputs-DDR-P15-8
Opening Player-Data//16-DDR-128/Inputs-DDR-P0-9
Opening Player-Data//16-DDR-128/Inputs-DDR-P1-9
Opening Player-Data//16-DDR-128/Inputs-DDR-P2-9
Opening Player-Data//16-DDR-128/Inputs-DDR-P3-9
Opening Player-Data//16-DDR-128/Inputs-DDR-P4-9
Opening Player-Data//16-DDR-128/Inputs-DDR-P5-9
Opening Player-Data//16-DDR-128/Inputs-DDR-P6-9
Opening Player-Data//16-DDR-128/Inputs-DDR-P7-9
Opening Player-Data//16-DDR-128/Inputs-DDR-P8-9
Opening Player-Data//16-DDR-128/Inputs-DDR-P9-9
Opening Player-Data//16-DDR-128/Inputs-DDR-P10-9
Opening Player-Data//16-DDR-128/Inputs-DDR-P11-9
Opening Player-Data//16-DDR-128/Inputs-DDR-P12-9
Opening Player-Data//16-DDR-128/Inputs-DDR-P13-9
Opening Player-Data//16-DDR-128/Inputs-DDR-P14-9
Opening Player-Data//16-DDR-128/Inputs-DDR-P15-9
Opening Player-Data//16-DDR-128/Inputs-DDR-P0-10
Opening Player-Data//16-DDR-128/Inputs-DDR-P1-10
Opening Player-Data//16-DDR-128/Inputs-DDR-P2-10
Opening Player-Data//16-DDR-128/Inputs-DDR-P3-10
Opening Player-Data//16-DDR-128/Inputs-DDR-P4-10
Opening Player-Data//16-DDR-128/Inputs-DDR-P5-10
Opening Player-Data//16-DDR-128/Inputs-DDR-P6-10
Opening Player-Data//16-DDR-128/Inputs-DDR-P7-10
Opening Player-Data//16-DDR-128/Inputs-DDR-P8-10
Opening Player-Data//16-DDR-128/Inputs-DDR-P9-10
Opening Player-Data//16-DDR-128/Inputs-DDR-P10-10
Opening Player-Data//16-DDR-128/Inputs-DDR-P11-10
Opening Player-Data//16-DDR-128/Inputs-DDR-P12-10
Opening Player-Data//16-DDR-128/Inputs-DDR-P13-10
Opening Player-Data//16-DDR-128/Inputs-DDR-P14-10
Opening Player-Data//16-DDR-128/Inputs-DDR-P15-10
Opening Player-Data//16-DDR-128/Inputs-DDR-P0-11
Opening Player-Data//16-DDR-128/Inputs-DDR-P1-11
Opening Player-Data//16-DDR-128/Inputs-DDR-P2-11
Opening Player-Data//16-DDR-128/Inputs-DDR-P3-11
Opening Player-Data//16-DDR-128/Inputs-DDR-P4-11
Opening Player-Data//16-DDR-128/Inputs-DDR-P5-11
Opening Player-Data//16-DDR-128/Inputs-DDR-P6-11
Opening Player-Data//16-DDR-128/Inputs-DDR-P7-11
Opening Player-Data//16-DDR-128/Inputs-DDR-P8-11
Opening Player-Data//16-DDR-128/Inputs-DDR-P9-11
Opening Player-Data//16-DDR-128/Inputs-DDR-P10-11
Opening Player-Data//16-DDR-128/Inputs-DDR-P11-11
Opening Player-Data//16-DDR-128/Inputs-DDR-P12-11
Opening Player-Data//16-DDR-128/Inputs-DDR-P13-11
Opening Player-Data//16-DDR-128/Inputs-DDR-P14-11
Opening Player-Data//16-DDR-128/Inputs-DDR-P15-11
Opening Player-Data//16-DDR-128/Inputs-DDR-P0-12
Opening Player-Data//16-DDR-128/Inputs-DDR-P1-12
Opening Player-Data//16-DDR-128/Inputs-DDR-P2-12
Opening Player-Data//16-DDR-128/Inputs-DDR-P3-12
Opening Player-Data//16-DDR-128/Inputs-DDR-P4-12
Opening Player-Data//16-DDR-128/Inputs-DDR-P5-12
Opening Player-Data//16-DDR-128/Inputs-DDR-P6-12
Opening Player-Data//16-DDR-128/Inputs-DDR-P7-12
Opening Player-Data//16-DDR-128/Inputs-DDR-P8-12
Opening Player-Data//16-DDR-128/Inputs-DDR-P9-12
Opening Player-Data//16-DDR-128/Inputs-DDR-P10-12
Opening Player-Data//16-DDR-128/Inputs-DDR-P11-12
Opening Player-Data//16-DDR-128/Inputs-DDR-P12-12
Opening Player-Data//16-DDR-128/Inputs-DDR-P13-12
Opening Player-Data//16-DDR-128/Inputs-DDR-P14-12
Opening Player-Data//16-DDR-128/Inputs-DDR-P15-12
Opening Player-Data//16-DDR-128/Inputs-DDR-P0-13
Opening Player-Data//16-DDR-128/Inputs-DDR-P1-13
Opening Player-Data//16-DDR-128/Inputs-DDR-P2-13
Opening Player-Data//16-DDR-128/Inputs-DDR-P3-13
Opening Player-Data//16-DDR-128/Inputs-DDR-P4-13
Opening Player-Data//16-DDR-128/Inputs-DDR-P5-13
Opening Player-Data//16-DDR-128/Inputs-DDR-P6-13
Opening Player-Data//16-DDR-128/Inputs-DDR-P7-13
Opening Player-Data//16-DDR-128/Inputs-DDR-P8-13
Opening Player-Data//16-DDR-128/Inputs-DDR-P9-13
Opening Player-Data//16-DDR-128/Inputs-DDR-P10-13
Opening Player-Data//16-DDR-128/Inputs-DDR-P11-13
Opening Player-Data//16-DDR-128/Inputs-DDR-P12-13
Opening Player-Data//16-DDR-128/Inputs-DDR-P13-13
Opening Player-Data//16-DDR-128/Inputs-DDR-P14-13
Opening Player-Data//16-DDR-128/Inputs-DDR-P15-13
Opening Player-Data//16-DDR-128/Inputs-DDR-P0-14
Opening Player-Data//16-DDR-128/Inputs-DDR-P1-14
Opening Player-Data//16-DDR-128/Inputs-DDR-P2-14
Opening Player-Data//16-DDR-128/Inputs-DDR-P3-14
Opening Player-Data//16-DDR-128/Inputs-DDR-P4-14
Opening Player-Data//16-DDR-128/Inputs-DDR-P5-14
Opening Player-Data//16-DDR-128/Inputs-DDR-P6-14
Opening Player-Data//16-DDR-128/Inputs-DDR-P7-14
Opening Player-Data//16-DDR-128/Inputs-DDR-P8-14
Opening Player-Data//16-DDR-128/Inputs-DDR-P9-14
Opening Player-Data//16-DDR-128/Inputs-DDR-P10-14
Opening Player-Data//16-DDR-128/Inputs-DDR-P11-14
Opening Player-Data//16-DDR-128/Inputs-DDR-P12-14
Opening Player-Data//16-DDR-128/Inputs-DDR-P13-14
Opening Player-Data//16-DDR-128/Inputs-DDR-P14-14
Opening Player-Data//16-DDR-128/Inputs-DDR-P15-14
Opening Player-Data//16-DDR-128/Inputs-DDR-P0-15
Opening Player-Data//16-DDR-128/Inputs-DDR-P1-15
Opening Player-Data//16-DDR-128/Inputs-DDR-P2-15
Opening Player-Data//16-DDR-128/Inputs-DDR-P3-15
Opening Player-Data//16-DDR-128/Inputs-DDR-P4-15
Opening Player-Data//16-DDR-128/Inputs-DDR-P5-15
Opening Player-Data//16-DDR-128/Inputs-DDR-P6-15
Opening Player-Data//16-DDR-128/Inputs-DDR-P7-15
Opening Player-Data//16-DDR-128/Inputs-DDR-P8-15
Opening Player-Data//16-DDR-128/Inputs-DDR-P9-15
Opening Player-Data//16-DDR-128/Inputs-DDR-P10-15
Opening Player-Data//16-DDR-128/Inputs-DDR-P11-15
Opening Player-Data//16-DDR-128/Inputs-DDR-P12-15
Opening Player-Data//16-DDR-128/Inputs-DDR-P13-15
Opening Player-Data//16-DDR-128/Inputs-DDR-P14-15
Opening Player-Data//16-DDR-128/Inputs-DDR-P15-15
Opening Player-Data//16-DDR-128/Squares-DDR-P0
Opening Player-Data//16-DDR-128/Squares-DDR-P1
Opening Player-Data//16-DDR-128/Squares-DDR-P2
Opening Player-Data//16-DDR-128/Squares-DDR-P3
Opening Player-Data//16-DDR-128/Squares-DDR-P4
Opening Player-Data//16-DDR-128/Squares-DDR-P5
Opening Player-Data//16-DDR-128/Squares-DDR-P6
Opening Player-Data//16-DDR-128/Squares-DDR-P7
Opening Player-Data//16-DDR-128/Squares-DDR-P8
Opening Player-Data//16-DDR-128/Squares-DDR-P9
Opening Player-Data//16-DDR-128/Squares-DDR-P10
Opening Player-Data//16-DDR-128/Squares-DDR-P11
Opening Player-Data//16-DDR-128/Squares-DDR-P12
Opening Player-Data//16-DDR-128/Squares-DDR-P13
Opening Player-Data//16-DDR-128/Squares-DDR-P14
Opening Player-Data//16-DDR-128/Squares-DDR-P15
Opening Player-Data//16-DDR-128/daBits-DDR-P0
Opening Player-Data//16-DDR-128/daBits-DDR-P1
Opening Player-Data//16-DDR-128/daBits-DDR-P2
Opening Player-Data//16-DDR-128/daBits-DDR-P3
Opening Player-Data//16-DDR-128/daBits-DDR-P4
Opening Player-Data//16-DDR-128/daBits-DDR-P5
Opening Player-Data//16-DDR-128/daBits-DDR-P6
Opening Player-Data//16-DDR-128/daBits-DDR-P7
Opening Player-Data//16-DDR-128/daBits-DDR-P8
Opening Player-Data//16-DDR-128/daBits-DDR-P9
Opening Player-Data//16-DDR-128/daBits-DDR-P10
Opening Player-Data//16-DDR-128/daBits-DDR-P11
Opening Player-Data//16-DDR-128/daBits-DDR-P12
Opening Player-Data//16-DDR-128/daBits-DDR-P13
Opening Player-Data//16-DDR-128/daBits-DDR-P14
Opening Player-Data//16-DDR-128/daBits-DDR-P15
